[07Sep2025 18:52:18.298] [main/INFO] [cpw.mods.modlauncher.Launcher/MODLAUNCHER]: ModLauncher running: args [--launchTarget, forgeclientuserdev, --version, MOD_DEV, --assetIndex, 5, --assetsDir, C:\Users\bluel\.gradle\caches\forge_gradle\assets, --gameDir, ., --fml.forgeVersion, 47.1.0, --fml.mcVersion, 1.20.1, --fml.forgeGroup, net.minecraftforge, --fml.mcpVersion, 20230612.114412, -mixin, eidolonunchained.mixins.json]
[07Sep2025 18:52:18.303] [main/INFO] [cpw.mods.modlauncher.Launcher/MODLAUNCHER]: ModLauncher 10.0.9+10.0.9+main.dcd20f30 starting: java version 17.0.14 by Eclipse Adoptium; OS Windows 10 arch amd64 version 10.0
[07Sep2025 18:52:18.477] [main/INFO] [net.minecraftforge.fml.loading.ImmediateWindowHandler/]: Loading ImmediateWindowProvider fmlearlywindow
[07Sep2025 18:52:18.668] [main/INFO] [EARLYDISPLAY/]: Trying GL version 4.6
[07Sep2025 18:52:19.369] [main/INFO] [EARLYDISPLAY/]: Requested GL version 4.6 got version 4.6
[07Sep2025 18:52:19.511] [main/INFO] [mixin/]: SpongePowered MIXIN Subsystem Version=0.8.5 Source=union:/C:/Users/bluel/.gradle/caches/modules-2/files-2.1/org.spongepowered/mixin/0.8.5/9d1c0c3a304ae6697ecd477218fa61b850bf57fc/mixin-0.8.5.jar%23128!/ Service=ModLauncher Env=CLIENT
[07Sep2025 18:52:19.565] [pool-2-thread-1/INFO] [EARLYDISPLAY/]: GL info: NVIDIA GeForce RTX 3050/PCIe/SSE2 GL version 4.6.0 NVIDIA 576.28, NVIDIA Corporation
[07Sep2025 18:52:19.919] [main/WARN] [net.minecraftforge.fml.loading.moddiscovery.ModFileParser/LOADING]: Mod file C:\Users\bluel\.gradle\caches\modules-2\files-2.1\net.minecraftforge\javafmllanguage\1.20.1-47.1.0\a2cd58d15791eaac9983e30be0995e66bd48633e\javafmllanguage-1.20.1-47.1.0.jar is missing mods.toml file
[07Sep2025 18:52:19.922] [main/WARN] [net.minecraftforge.fml.loading.moddiscovery.ModFileParser/LOADING]: Mod file C:\Users\bluel\.gradle\caches\modules-2\files-2.1\net.minecraftforge\lowcodelanguage\1.20.1-47.1.0\f1f11b7217b8320f1b3eb81c746b7b8a70a9ba06\lowcodelanguage-1.20.1-47.1.0.jar is missing mods.toml file
[07Sep2025 18:52:19.926] [main/WARN] [net.minecraftforge.fml.loading.moddiscovery.ModFileParser/LOADING]: Mod file C:\Users\bluel\.gradle\caches\modules-2\files-2.1\net.minecraftforge\mclanguage\1.20.1-47.1.0\ff1b8eeb1bd00dfb130263b8952b931f5369252e\mclanguage-1.20.1-47.1.0.jar is missing mods.toml file
[07Sep2025 18:52:19.929] [main/WARN] [net.minecraftforge.fml.loading.moddiscovery.ModFileParser/LOADING]: Mod file C:\Users\bluel\.gradle\caches\modules-2\files-2.1\net.minecraftforge\fmlcore\1.20.1-47.1.0\69ca36ae5b8d45c377a5485dc38a7343e5ebf33c\fmlcore-1.20.1-47.1.0.jar is missing mods.toml file
[07Sep2025 18:52:20.055] [main/INFO] [net.minecraftforge.fml.loading.moddiscovery.JarInJarDependencyLocator/]: No dependencies to load found. Skipping!
[07Sep2025 18:52:21.817] [main/INFO] [mixin/]: Compatibility level set to JAVA_17
[07Sep2025 18:52:21.829] [main/INFO] [cpw.mods.modlauncher.LaunchServiceHandler/MODLAUNCHER]: Launching target 'forgeclientuserdev' with arguments [--version, MOD_DEV, --gameDir, ., --assetsDir, C:\Users\bluel\.gradle\caches\forge_gradle\assets, --assetIndex, 5]
[07Sep2025 18:52:21.923] [main/WARN] [mixin/]: Reference map 'eidolonunchained.refmap.json' for eidolonunchained.mixins.json could not be read. If this is a development environment you can ignore this message
[07Sep2025 18:52:22.360] [main/INFO] [mixin/]: Remapping refMap curios.refmap.json using C:\Users\bluel\Downloads\eidolon_repraised-1.20.1-0.3.8.15\Eidolon-Unchained/build/createSrgToMcp/output.srg
[07Sep2025 18:52:22.372] [main/INFO] [mixin/]: Remapping refMap eidolon.refmap.json using C:\Users\bluel\Downloads\eidolon_repraised-1.20.1-0.3.8.15\Eidolon-Unchained/build/createSrgToMcp/output.srg
[07Sep2025 18:52:27.436] [Datafixer Bootstrap/INFO] [com.mojang.datafixers.DataFixerBuilder/]: 188 Datafixer optimizations took 173 milliseconds
[07Sep2025 18:52:29.415] [Render thread/WARN] [net.minecraft.server.packs.VanillaPackResourcesBuilder/]: Assets URL 'union:/C:/Users/bluel/.gradle/caches/forge_gradle/minecraft_user_repo/net/minecraftforge/forge/1.20.1-47.1.0_mapped_official_1.20.1/forge-1.20.1-47.1.0_mapped_official_1.20.1-recomp.jar%23191!/assets/.mcassetsroot' uses unexpected schema
[07Sep2025 18:52:29.416] [Render thread/WARN] [net.minecraft.server.packs.VanillaPackResourcesBuilder/]: Assets URL 'union:/C:/Users/bluel/.gradle/caches/forge_gradle/minecraft_user_repo/net/minecraftforge/forge/1.20.1-47.1.0_mapped_official_1.20.1/forge-1.20.1-47.1.0_mapped_official_1.20.1-recomp.jar%23191!/data/.mcassetsroot' uses unexpected schema
[07Sep2025 18:52:29.442] [Render thread/INFO] [com.mojang.authlib.yggdrasil.YggdrasilAuthenticationService/]: Environment: authHost='https://authserver.mojang.com', accountsHost='https://api.mojang.com', sessionHost='https://sessionserver.mojang.com', servicesHost='https://api.minecraftservices.com', name='PROD'
[07Sep2025 18:52:29.452] [Render thread/INFO] [net.minecraft.client.Minecraft/]: Setting user: Dev
[07Sep2025 18:52:29.580] [Render thread/INFO] [net.minecraft.client.Minecraft/]: Backend library: LWJGL version 3.3.1 build 7
[07Sep2025 18:52:29.924] [modloading-worker-0/INFO] [com.bluelotuscoding.eidolonunchained.registries.EidolonUnchainedRecipes/]: ? EidolonUnchainedRecipes registry initialized
[07Sep2025 18:52:29.955] [modloading-worker-0/INFO] [net.minecraftforge.common.ForgeMod/FORGEMOD]: Forge mod loading, version 47.1.0, for MC 1.20.1 with MCP 20230612.114412
[07Sep2025 18:52:29.955] [modloading-worker-0/INFO] [net.minecraftforge.common.MinecraftForge/FORGE]: MinecraftForge v47.1.0 Initialized
[07Sep2025 18:52:29.972] [modloading-worker-0/INFO] [com.bluelotuscoding.eidolonunchained.integration.EidolonVersionDetection/]: ? Eidolon Feature Detection Results:
[07Sep2025 18:52:29.973] [modloading-worker-0/INFO] [com.bluelotuscoding.eidolonunchained.integration.EidolonVersionDetection/]: ?? CodexEvents not found - using legacy compatibility mode
[07Sep2025 18:52:29.975] [modloading-worker-0/INFO] [com.bluelotuscoding.eidolonunchained.integration.EidolonVersionDetection/]:    Mode: Legacy - Reflection Required
[07Sep2025 18:52:29.976] [modloading-worker-0/INFO] [com.bluelotuscoding.eidolonunchained.integration.EidolonVersionDetection/]:    CodexEvents: ? Not Available
[07Sep2025 18:52:29.982] [modloading-worker-0/INFO] [com.bluelotuscoding.eidolonunchained.integration.EidolonVersionDetection/]: ?? Enhanced TitlePage constructor not available
[07Sep2025 18:52:29.982] [modloading-worker-0/INFO] [com.bluelotuscoding.eidolonunchained.integration.EidolonVersionDetection/]:    Enhanced TitlePage: ? Not Available
[07Sep2025 18:52:29.985] [modloading-worker-0/INFO] [com.bluelotuscoding.eidolonunchained.integration.EidolonVersionDetection/]: ? Public Category fields available
[07Sep2025 18:52:29.985] [modloading-worker-0/INFO] [com.bluelotuscoding.eidolonunchained.integration.EidolonVersionDetection/]:    Public Category Fields: ? Not Available
[07Sep2025 18:52:29.985] [modloading-worker-0/INFO] [com.bluelotuscoding.eidolonunchained.integration.EidolonVersionDetection/]: ? Running in Legacy Mode - using reflection where necessary
[07Sep2025 18:52:29.985] [modloading-worker-0/INFO] [com.bluelotuscoding.eidolonunchained.integration.EidolonVersionDetection/]: ? Migration Guide: See EIDOLON_VERSION_MIGRATION_GUIDE.md
[07Sep2025 18:52:30.969] [Render thread/INFO] [com.bluelotuscoding.eidolonunchained.registries.EidolonUnchainedRecipes/]: ? Registering CrucibleCommandRecipe type
[07Sep2025 18:52:30.986] [Render thread/INFO] [com.bluelotuscoding.eidolonunchained.registries.EidolonUnchainedRecipes/]: ? Registering CrucibleCommandRecipe serializer
[07Sep2025 18:52:31.676] [Render thread/INFO] [net.minecraftforge.gametest.ForgeGameTestHooks/]: Enabled Gametest Namespaces: [eidolonunchained]
[07Sep2025 18:52:31.861] [Render thread/INFO] [com.bluelotuscoding.eidolonunchained.keybind.ChantKeybinds/]: Registered flexible chant keybinds (4 slots + interface)
[07Sep2025 18:52:31.873] [Render thread/INFO] [com.bluelotuscoding.eidolonunchained.client.ClientSetup/]: Registered chant overlay for independent chant interface
[07Sep2025 18:52:31.971] [Render thread/INFO] [net.minecraft.server.packs.resources.ReloadableResourceManager/]: Reloading ResourceManager: vanilla, mod_resources
[07Sep2025 18:52:32.120] [Forge Version Check/INFO] [net.minecraftforge.fml.VersionChecker/]: [forge] Starting version check at https://files.minecraftforge.net/net/minecraftforge/forge/promotions_slim.json
[07Sep2025 18:52:32.274] [Worker-Main-4/INFO] [net.minecraft.client.gui.font.providers.UnihexProvider/]: Found unifont_all_no_pua-15.0.06.hex, loading
[07Sep2025 18:52:32.327] [Worker-Main-6/INFO] [com.bluelotuscoding.eidolonunchained.EidolonUnchained/]: Eidolon Unchained is loading!
[07Sep2025 18:52:32.327] [Worker-Main-6/INFO] [com.bluelotuscoding.eidolonunchained.EidolonUnchained/]: Expanding the world of Eidolon with new chapters, rituals, and mystical content...
[07Sep2025 18:52:32.394] [Worker-Main-6/INFO] [com.bluelotuscoding.eidolonunchained.EidolonUnchained/]: Eidolon Unchained networking system initialized
[07Sep2025 18:52:32.394] [Worker-Main-6/INFO] [com.bluelotuscoding.eidolonunchained.data.CodexDataManager/]: Initializing CodexDataManager...
[07Sep2025 18:52:32.394] [Worker-Main-6/INFO] [com.bluelotuscoding.eidolonunchained.data.ResearchDataManager/]: Initializing ResearchDataManager...
[07Sep2025 18:52:32.416] [Worker-Main-6/INFO] [com.bluelotuscoding.eidolonunchained.integration.ModIntegration/]: Eidolon Repraised detected! Enabling Eidolon integrations...
[07Sep2025 18:52:32.416] [Worker-Main-6/INFO] [com.bluelotuscoding.eidolonunchained.integration.ModIntegration/]: Curios API detected! Enabling Curios integrations...
[07Sep2025 18:52:32.416] [Worker-Main-6/INFO] [com.bluelotuscoding.eidolonunchained.integration.AIDeityIntegration/]: Initializing AI Deity Integration
[07Sep2025 18:52:32.417] [Worker-Main-6/INFO] [com.bluelotuscoding.eidolonunchained.integration.AIDeityIntegration/]: AI Deity Integration initialized
[07Sep2025 18:52:32.681] [Forge Version Check/INFO] [net.minecraftforge.fml.VersionChecker/]: [forge] Found status: OUTDATED Current: 47.1.0 Target: 47.4.0
[07Sep2025 18:52:34.391] [Worker-Main-5/INFO] [com.bluelotuscoding.eidolonunchained.integration.EidolonCategoryExtension/]: ? EidolonCategoryExtension - FMLLoadCompleteEvent received
[07Sep2025 18:52:34.391] [Worker-Main-5/INFO] [com.bluelotuscoding.eidolonunchained.integration.EidolonCategoryExtension/]: ? Category scanning will be triggered later when resources are loaded via CodexDataManager
[07Sep2025 18:52:34.391] [Worker-Main-5/INFO] [com.bluelotuscoding.eidolonunchained.integration.EidolonCategoryExtension/]: ? Ready for migration to event system when CodexEvents become available
[07Sep2025 18:52:35.595] [Render thread/WARN] [net.minecraft.client.sounds.SoundEngine/]: Missing sound for event: minecraft:item.goat_horn.play
[07Sep2025 18:52:35.595] [Render thread/WARN] [net.minecraft.client.sounds.SoundEngine/]: Missing sound for event: minecraft:entity.goat.screaming.horn_break
[07Sep2025 18:52:35.634] [Render thread/INFO] [com.mojang.blaze3d.audio.Library/]: OpenAL initialized on device OpenAL Soft on Speakers (Logitech USB Headset H540)
[07Sep2025 18:52:35.634] [Render thread/INFO] [net.minecraft.client.sounds.SoundEngine/SOUNDS]: Sound engine started
[07Sep2025 18:52:35.835] [Render thread/INFO] [net.minecraft.client.renderer.texture.TextureAtlas/]: Created: 1024x512x4 minecraft:textures/atlas/blocks.png-atlas
[07Sep2025 18:52:35.852] [Render thread/INFO] [net.minecraft.client.renderer.texture.TextureAtlas/]: Created: 256x256x4 minecraft:textures/atlas/signs.png-atlas
[07Sep2025 18:52:35.854] [Render thread/INFO] [net.minecraft.client.renderer.texture.TextureAtlas/]: Created: 512x512x4 minecraft:textures/atlas/shield_patterns.png-atlas
[07Sep2025 18:52:35.854] [Render thread/INFO] [net.minecraft.client.renderer.texture.TextureAtlas/]: Created: 512x512x4 minecraft:textures/atlas/banner_patterns.png-atlas
[07Sep2025 18:52:35.855] [Render thread/INFO] [net.minecraft.client.renderer.texture.TextureAtlas/]: Created: 1024x1024x4 minecraft:textures/atlas/armor_trims.png-atlas
[07Sep2025 18:52:35.858] [Render thread/INFO] [net.minecraft.client.renderer.texture.TextureAtlas/]: Created: 256x256x4 minecraft:textures/atlas/chest.png-atlas
[07Sep2025 18:52:35.860] [Render thread/INFO] [net.minecraft.client.renderer.texture.TextureAtlas/]: Created: 128x64x4 minecraft:textures/atlas/decorated_pot.png-atlas
[07Sep2025 18:52:35.861] [Render thread/INFO] [net.minecraft.client.renderer.texture.TextureAtlas/]: Created: 512x256x4 minecraft:textures/atlas/beds.png-atlas
[07Sep2025 18:52:35.861] [Render thread/INFO] [net.minecraft.client.renderer.texture.TextureAtlas/]: Created: 512x256x4 minecraft:textures/atlas/shulker_boxes.png-atlas
[07Sep2025 18:52:36.013] [Render thread/WARN] [net.minecraft.client.renderer.ShaderInstance/]: Shader rendertype_entity_translucent_emissive could not find sampler named Sampler2 in the specified shader program.
[07Sep2025 18:52:36.066] [Render thread/WARN] [net.minecraft.client.renderer.ShaderInstance/]: Shader eidolon:glowing_particle could not find sampler named Sampler2 in the specified shader program.
[07Sep2025 18:52:36.070] [Render thread/WARN] [net.minecraft.client.renderer.ShaderInstance/]: Shader eidolon:sprite_particle could not find sampler named Sampler2 in the specified shader program.
[07Sep2025 18:52:36.095] [Render thread/INFO] [net.minecraft.client.renderer.texture.TextureAtlas/]: Created: 256x256x0 minecraft:textures/atlas/particles.png-atlas
[07Sep2025 18:52:36.097] [Render thread/INFO] [net.minecraft.client.renderer.texture.TextureAtlas/]: Created: 256x256x0 minecraft:textures/atlas/paintings.png-atlas
[07Sep2025 18:52:36.097] [Render thread/INFO] [net.minecraft.client.renderer.texture.TextureAtlas/]: Created: 256x128x0 minecraft:textures/atlas/mob_effects.png-atlas
[07Sep2025 18:52:36.358] [Realms Notification Availability checker #1/INFO] [com.mojang.realmsclient.client.RealmsClient/]: Could not authorize you against Realms server: java.lang.RuntimeException: Failed to parse into SignedJWT: 0
[07Sep2025 18:52:44.278] [Render thread/INFO] [net.minecraftforge.registries.GameData/REGISTRIES]: Injecting existing registry data into this CLIENT instance
[07Sep2025 18:52:45.752] [Render thread/INFO] [com.bluelotuscoding.eidolonunchained.EidolonUnchained/]: Eidolon Unchained unified commands registered
[07Sep2025 18:52:45.755] [Render thread/INFO] [com.bluelotuscoding.eidolonunchained.integration.AIDeityIntegration/]: Registering unified commands
[07Sep2025 18:52:45.789] [Render thread/INFO] [com.bluelotuscoding.eidolonunchained.EidolonUnchained/]: Eidolon Unchained datapack managers and research trigger loader registered
[07Sep2025 18:52:45.793] [Render thread/INFO] [com.bluelotuscoding.eidolonunchained.ai.AIDeityManager/]: Registered AI Deity reload listener
[07Sep2025 18:52:45.793] [Render thread/INFO] [com.bluelotuscoding.eidolonunchained.data.CodexDataManager/]: Registered Eidolon Unchained codex data reload listener
[07Sep2025 18:52:45.793] [Render thread/INFO] [com.bluelotuscoding.eidolonunchained.data.DatapackDeityManager/]: Registered Datapack Deity reload listener
[07Sep2025 18:52:45.793] [Render thread/INFO] [com.bluelotuscoding.eidolonunchained.data.EidolonResearchDataManager/]: Registered Eidolon Research datapack reload listener
[07Sep2025 18:52:45.793] [Render thread/INFO] [com.bluelotuscoding.eidolonunchained.data.ResearchDataManager/]: Registered Eidolon Unchained research data reload listener
[07Sep2025 18:52:45.794] [Render thread/INFO] [com.bluelotuscoding.eidolonunchained.integration.AIDeityIntegration/]: AI deity data managers will register themselves via their own event handlers
[07Sep2025 18:52:46.269] [Render thread/INFO] [elucent.eidolon.recipe.CommandRitualRecipe$Serializer/]: ? RITUAL LOADING: Attempting to load CommandRitualRecipe: eidolonunchained:light_patronage_ritual
[07Sep2025 18:52:46.269] [Render thread/INFO] [elucent.eidolon.recipe.CommandRitualRecipe$Serializer/]: ? RITUAL JSON: {"type":"eidolon:ritual_brazier_command","symbol":"eidolon:particle/sacred_sign","color":16773120,"reagent":[{"item":"minecraft:glowstone_dust"}],"pedestalItems":[{"item":"minecraft:glowstone_dust"},{"item":"minecraft:golden_apple"},{"item":"eidolon:arcane_gold_ingot"},{"item":"eidolon:holy_symbol"}],"focusItems":[],"invariantItems":[{"item":"eidolon:codex"}],"commands":["execute as @p[distance=..10] run eidolon-unchained patron choose eidolonunchained:light_deity","tellraw @p {\"text\":\"The sacred light of Lumina fills your soul! You are now blessed as her champion!\",\"color\":\"yellow\"}","playsound minecraft:block.beacon.activate player @p ~ ~ ~ 1.0 1.2","particle minecraft:end_rod ~ ~1 ~ 1 1 1 0.1 30 force"]}
[07Sep2025 18:52:46.269] [Render thread/INFO] [elucent.eidolon.recipe.CommandRitualRecipe$Serializer/]: ? RITUAL COMMANDS: Found commands array
[07Sep2025 18:52:46.269] [Render thread/INFO] [elucent.eidolon.recipe.CommandRitualRecipe$Serializer/]: ? RITUAL REAGENT: Found reagent field
[07Sep2025 18:52:46.270] [Render thread/INFO] [elucent.eidolon.recipe.CommandRitualRecipe$Serializer/]: ? RITUAL SUCCESS: Basic CommandRitualRecipe loaded successfully: eidolonunchained:light_patronage_ritual
[07Sep2025 18:52:46.270] [Render thread/INFO] [elucent.eidolon.recipe.CommandRitualRecipe$Serializer/]: ? RITUAL ENHANCE: Adding invariantItems support to eidolonunchained:light_patronage_ritual
[07Sep2025 18:52:46.271] [Render thread/INFO] [elucent.eidolon.recipe.CommandRitualRecipe$Serializer/]: ? RITUAL ENHANCE: Found 1 invariant items for eidolonunchained:light_patronage_ritual
[07Sep2025 18:52:46.271] [Render thread/INFO] [elucent.eidolon.recipe.CommandRitualRecipe$Serializer/]: ? RITUAL ENHANCE: Found 4 commands from 'commands' array
[07Sep2025 18:52:46.279] [Render thread/INFO] [elucent.eidolon.recipe.CommandRitualRecipe$Serializer/]: ? RITUAL ENHANCE: Enhanced recipe created successfully for eidolonunchained:light_patronage_ritual
[07Sep2025 18:52:46.282] [Render thread/INFO] [net.minecraft.world.item.crafting.RecipeManager/]: Skipping loading recipe eidolon:smelt_silver_dust as it's serializer returned null
[07Sep2025 18:52:46.302] [Render thread/INFO] [com.bluelotuscoding.eidolonunchained.recipe.CrucibleCommandRecipe/]: ? Loading CrucibleCommandRecipe: eidolonunchained:enhanced_shadow_gem_command
[07Sep2025 18:52:46.302] [Render thread/INFO] [com.bluelotuscoding.eidolonunchained.recipe.CrucibleCommandRecipe/]:   ? Parsing steps from JSON...
[07Sep2025 18:52:46.303] [Render thread/INFO] [com.bluelotuscoding.eidolonunchained.recipe.CrucibleCommandRecipe/]:   ? Found 4 steps in JSON
[07Sep2025 18:52:46.303] [Render thread/INFO] [com.bluelotuscoding.eidolonunchained.recipe.CrucibleCommandRecipe/]:     Step 1: 0 stirs, 2 items
[07Sep2025 18:52:46.303] [Render thread/INFO] [com.bluelotuscoding.eidolonunchained.recipe.CrucibleCommandRecipe/]:     Step 2: 3 stirs, 2 items
[07Sep2025 18:52:46.303] [Render thread/INFO] [com.bluelotuscoding.eidolonunchained.recipe.CrucibleCommandRecipe/]:     Step 3: 1 stirs, no items
[07Sep2025 18:52:46.303] [Render thread/INFO] [com.bluelotuscoding.eidolonunchained.recipe.CrucibleCommandRecipe/]:     Step 4: 0 stirs, 1 items
[07Sep2025 18:52:46.303] [Render thread/INFO] [com.bluelotuscoding.eidolonunchained.recipe.CrucibleCommandRecipe/]:   ? Successfully parsed 4 steps
[07Sep2025 18:52:46.303] [Render thread/INFO] [com.bluelotuscoding.eidolonunchained.recipe.CrucibleCommandRecipe/]:   ? Parsing result from JSON...
[07Sep2025 18:52:46.303] [Render thread/INFO] [com.bluelotuscoding.eidolonunchained.recipe.CrucibleCommandRecipe/]:   ? Result: eidolon:shadow_gem x3
[07Sep2025 18:52:46.304] [Render thread/INFO] [com.bluelotuscoding.eidolonunchained.recipe.CrucibleCommandRecipe/]:   ? Successfully created result ItemStack: [Shadow Gem]
[07Sep2025 18:52:46.304] [Render thread/INFO] [com.bluelotuscoding.eidolonunchained.recipe.CrucibleCommandRecipe/]:   ? Found 4 commands: [tellraw @p {"text":"The shadow gems pulse with otherworldly energy!","color":"dark_purple"}, playsound minecraft:ambient.soul_sand_valley.mood player @p ~ ~ ~ 1.0 0.5, particle minecraft:soul ~ ~1 ~ 0.5 0.5 0.5 0.1 20 force, effect give @p minecraft:night_vision 300 0 true]
[07Sep2025 18:52:46.304] [Render thread/INFO] [com.bluelotuscoding.eidolonunchained.recipe.CrucibleCommandRecipe/]:   ? Successfully created CrucibleCommandRecipe with 4 steps, result: item.eidolon.shadow_gem
[07Sep2025 18:52:46.310] [Render thread/INFO] [net.minecraft.world.item.crafting.RecipeManager/]: Skipping loading recipe eidolon:smelt_lead_dust as it's serializer returned null
[07Sep2025 18:52:46.317] [Render thread/INFO] [elucent.eidolon.recipe.CommandRitualRecipe$Serializer/]: ? RITUAL LOADING: Attempting to load CommandRitualRecipe: eidolonunchained:shadow_patronage_ritual
[07Sep2025 18:52:46.317] [Render thread/INFO] [elucent.eidolon.recipe.CommandRitualRecipe$Serializer/]: ? RITUAL JSON: {"type":"eidolon:ritual_brazier_command","symbol":"eidolon:particle/death_sign","color":6291583,"reagent":[{"item":"eidolon:soul_shard"}],"pedestalItems":[{"item":"eidolon:soul_shard"},{"item":"eidolon:death_essence"},{"item":"eidolon:arcane_gold_ingot"},{"item":"minecraft:wither_skeleton_skull"}],"focusItems":[{"item":"eidolon:zombie_heart"}],"invariantItems":[{"item":"eidolon:codex"}],"commands":["execute as @p[distance=..10] run eidolon-unchained patron choose eidolonunchained:dark_deity","tellraw @p {\"text\":\"The shadows of Nyxathel embrace your soul! You are now bound to darkness!\",\"color\":\"dark_purple\"}","playsound minecraft:ambient.soul_sand_valley.mood player @p ~ ~ ~ 1.0 0.8","particle minecraft:soul ~ ~1 ~ 1 1 1 0.1 30 force"]}
[07Sep2025 18:52:46.318] [Render thread/INFO] [elucent.eidolon.recipe.CommandRitualRecipe$Serializer/]: ? RITUAL COMMANDS: Found commands array
[07Sep2025 18:52:46.318] [Render thread/INFO] [elucent.eidolon.recipe.CommandRitualRecipe$Serializer/]: ? RITUAL REAGENT: Found reagent field
[07Sep2025 18:52:46.318] [Render thread/INFO] [elucent.eidolon.recipe.CommandRitualRecipe$Serializer/]: ? RITUAL SUCCESS: Basic CommandRitualRecipe loaded successfully: eidolonunchained:shadow_patronage_ritual
[07Sep2025 18:52:46.318] [Render thread/INFO] [elucent.eidolon.recipe.CommandRitualRecipe$Serializer/]: ? RITUAL ENHANCE: Adding invariantItems support to eidolonunchained:shadow_patronage_ritual
[07Sep2025 18:52:46.318] [Render thread/INFO] [elucent.eidolon.recipe.CommandRitualRecipe$Serializer/]: ? RITUAL ENHANCE: Found 1 invariant items for eidolonunchained:shadow_patronage_ritual
[07Sep2025 18:52:46.318] [Render thread/INFO] [elucent.eidolon.recipe.CommandRitualRecipe$Serializer/]: ? RITUAL ENHANCE: Found 4 commands from 'commands' array
[07Sep2025 18:52:46.319] [Render thread/INFO] [elucent.eidolon.recipe.CommandRitualRecipe$Serializer/]: ? RITUAL ENHANCE: Enhanced recipe created successfully for eidolonunchained:shadow_patronage_ritual
[07Sep2025 18:52:46.320] [Render thread/INFO] [elucent.eidolon.recipe.CommandRitualRecipe$Serializer/]: ? RITUAL LOADING: Attempting to load CommandRitualRecipe: eidolonunchained:nature_patronage_ritual
[07Sep2025 18:52:46.320] [Render thread/INFO] [elucent.eidolon.recipe.CommandRitualRecipe$Serializer/]: ? RITUAL JSON: {"type":"eidolon:ritual_brazier_command","symbol":"eidolon:particle/harmony_sign","color":4767824,"reagent":[{"item":"minecraft:oak_sapling"}],"pedestalItems":[{"item":"minecraft:oak_sapling"},{"item":"minecraft:wheat_seeds"},{"item":"minecraft:bone_meal"},{"item":"eidolon:arcane_gold_ingot"}],"focusItems":[],"invariantItems":[{"item":"eidolon:codex"}],"commands":["execute as @p[distance=..10] run eidolon-unchained patron choose eidolonunchained:nature_deity","tellraw @p {\"text\":\"Verdania's blessing flows through you as nature accepts your devotion!\",\"color\":\"green\"}","playsound minecraft:block.grass.break player @p ~ ~ ~ 1.0 1.2","particle minecraft:happy_villager ~ ~1 ~ 2 2 2 0.1 50 force"]}
[07Sep2025 18:52:46.321] [Render thread/INFO] [elucent.eidolon.recipe.CommandRitualRecipe$Serializer/]: ? RITUAL COMMANDS: Found commands array
[07Sep2025 18:52:46.321] [Render thread/INFO] [elucent.eidolon.recipe.CommandRitualRecipe$Serializer/]: ? RITUAL REAGENT: Found reagent field
[07Sep2025 18:52:46.321] [Render thread/INFO] [elucent.eidolon.recipe.CommandRitualRecipe$Serializer/]: ? RITUAL SUCCESS: Basic CommandRitualRecipe loaded successfully: eidolonunchained:nature_patronage_ritual
[07Sep2025 18:52:46.321] [Render thread/INFO] [elucent.eidolon.recipe.CommandRitualRecipe$Serializer/]: ? RITUAL ENHANCE: Adding invariantItems support to eidolonunchained:nature_patronage_ritual
[07Sep2025 18:52:46.322] [Render thread/INFO] [elucent.eidolon.recipe.CommandRitualRecipe$Serializer/]: ? RITUAL ENHANCE: Found 1 invariant items for eidolonunchained:nature_patronage_ritual
[07Sep2025 18:52:46.322] [Render thread/INFO] [elucent.eidolon.recipe.CommandRitualRecipe$Serializer/]: ? RITUAL ENHANCE: Found 4 commands from 'commands' array
[07Sep2025 18:52:46.322] [Render thread/INFO] [elucent.eidolon.recipe.CommandRitualRecipe$Serializer/]: ? RITUAL ENHANCE: Enhanced recipe created successfully for eidolonunchained:nature_patronage_ritual
[07Sep2025 18:52:46.330] [Render thread/INFO] [net.minecraft.world.item.crafting.RecipeManager/]: Loaded 16 recipes
[07Sep2025 18:52:46.451] [Render thread/INFO] [net.minecraft.advancements.AdvancementList/]: Loaded 1349 advancements
[07Sep2025 18:52:46.453] [Render thread/INFO] [com.bluelotuscoding.eidolonunchained.data.DatapackDeityManager/]: Loading datapack deities...
[07Sep2025 18:52:46.454] [Render thread/INFO] [com.bluelotuscoding.eidolonunchained.data.DatapackDeityManager/]: Registered datapack deity: eidolonunchained:dark_deity (Nyxathel, Shadow Lord)
[07Sep2025 18:52:46.454] [Render thread/INFO] [com.bluelotuscoding.eidolonunchained.data.DatapackDeityManager/]: Registered datapack deity: eidolonunchained:light_deity (Lumina, Sacred Guardian)
[07Sep2025 18:52:46.455] [Render thread/INFO] [com.bluelotuscoding.eidolonunchained.data.DatapackDeityManager/]: Registered datapack deity: eidolonunchained:nature_deity (Verdania, Guardian of Nature)
[07Sep2025 18:52:46.455] [Render thread/INFO] [com.bluelotuscoding.eidolonunchained.data.DatapackDeityManager/]: Loaded 3 datapack deities with 0 errors
[07Sep2025 18:52:46.457] [Render thread/INFO] [com.bluelotuscoding.eidolonunchained.integration.DeityProgressionCodexIntegration/]: Creating codex entries for deity progression stages...
[07Sep2025 18:52:46.458] [Render thread/INFO] [com.bluelotuscoding.eidolonunchained.integration.EidolonCategoryExtension/]: Added 3 entries to existing category
[07Sep2025 18:52:46.458] [Render thread/INFO] [com.bluelotuscoding.eidolonunchained.integration.DeityProgressionCodexIntegration/]: Added 3 progression entries to theurgy category for deity eidolonunchained:dark_deity
[07Sep2025 18:52:46.459] [Render thread/INFO] [com.bluelotuscoding.eidolonunchained.integration.EidolonCategoryExtension/]: Added 3 entries to existing category
[07Sep2025 18:52:46.459] [Render thread/INFO] [com.bluelotuscoding.eidolonunchained.integration.DeityProgressionCodexIntegration/]: Added 3 progression entries to theurgy category for deity eidolonunchained:nature_deity
[07Sep2025 18:52:46.459] [Render thread/INFO] [com.bluelotuscoding.eidolonunchained.integration.EidolonCategoryExtension/]: Added 3 entries to existing category
[07Sep2025 18:52:46.459] [Render thread/INFO] [com.bluelotuscoding.eidolonunchained.integration.DeityProgressionCodexIntegration/]: Added 3 progression entries to theurgy category for deity eidolonunchained:light_deity
[07Sep2025 18:52:46.459] [Render thread/INFO] [com.bluelotuscoding.eidolonunchained.integration.DeityProgressionCodexIntegration/]: Deity progression codex integration complete
[07Sep2025 18:52:46.459] [Render thread/INFO] [com.bluelotuscoding.eidolonunchained.ai.AIDeityManager/]: Deities loaded, linking AI configurations...
[07Sep2025 18:52:46.459] [Render thread/INFO] [com.bluelotuscoding.eidolonunchained.ai.AIDeityManager/]: No pending AI configurations to link
[07Sep2025 18:52:46.459] [Render thread/INFO] [com.bluelotuscoding.eidolonunchained.chant.DatapackChantManager/]: Loading datapack chants...
[07Sep2025 18:52:46.463] [Render thread/INFO] [com.bluelotuscoding.eidolonunchained.chant.DatapackChantManager/]: Loaded 7 datapack chants in 1 categories
[07Sep2025 18:52:46.463] [Render thread/INFO] [com.bluelotuscoding.eidolonunchained.chant.DatapackChantManager/]: Registering 7 chants with Eidolon spell system
[07Sep2025 18:52:46.466] [Render thread/INFO] [com.bluelotuscoding.eidolonunchained.chant.DatapackChantManager/]: Successfully registered chant spell: eidolonunchained:divine_communion with signs: [eidolon:sacred, eidolon:harmony, eidolon:warding]
[07Sep2025 18:52:46.466] [Render thread/INFO] [com.bluelotuscoding.eidolonunchained.chant.DatapackChantManager/]: Successfully registered chant spell: eidolonunchained:forbidden_knowledge with signs: [eidolon:wicked, eidolon:soul, eidolon:wicked, eidolon:soul, eidolon:wicked]
[07Sep2025 18:52:46.467] [Render thread/INFO] [com.bluelotuscoding.eidolonunchained.chant.DatapackChantManager/]: Successfully registered chant spell: eidolonunchained:gaias_wrath with signs: [eidolon:harmony, eidolon:warding, eidolon:harmony, eidolon:warding]
[07Sep2025 18:52:46.467] [Render thread/INFO] [com.bluelotuscoding.eidolonunchained.chant.DatapackChantManager/]: Successfully registered chant spell: eidolonunchained:shadow_communion with signs: [eidolon:wicked, eidolon:wicked, eidolon:blood]
[07Sep2025 18:52:46.467] [Render thread/INFO] [com.bluelotuscoding.eidolonunchained.chant.DatapackChantManager/]: Successfully registered chant spell: eidolonunchained:test_item_requirements with signs: [eidolon:sacred, eidolon:soul]
[07Sep2025 18:52:46.467] [Render thread/INFO] [com.bluelotuscoding.eidolonunchained.chant.DatapackChantManager/]: Successfully registered chant spell: eidolonunchained:natures_communion with signs: [eidolon:harmony, eidolon:soul, eidolon:sacred]
[07Sep2025 18:52:46.467] [Render thread/INFO] [com.bluelotuscoding.eidolonunchained.chant.DatapackChantManager/]: Successfully registered chant spell: eidolonunchained:divine_judgment with signs: [eidolon:sacred, eidolon:warding, eidolon:sacred, eidolon:warding, eidolon:sacred]
[07Sep2025 18:52:46.468] [Render thread/INFO] [com.bluelotuscoding.eidolonunchained.chant.DatapackChantManager/]: Adding 7 chants to codex
[07Sep2025 18:52:46.470] [Render thread/INFO] [com.bluelotuscoding.eidolonunchained.integration.CodexChantIntegration/]: Registering 7 datapack chants with codex
[07Sep2025 18:52:46.470] [Render thread/INFO] [com.bluelotuscoding.eidolonunchained.integration.EidolonCategoryExtension/]: ? Using reflection to access Eidolon's category system...
[07Sep2025 18:52:46.470] [Render thread/INFO] [com.bluelotuscoding.eidolonunchained.integration.EidolonCategoryExtension/]: ? Successfully accessed Eidolon internals via reflection
[07Sep2025 18:52:46.470] [Render thread/INFO] [com.bluelotuscoding.eidolonunchained.integration.EidolonCategoryExtension/]:    Categories list: 6 entries
[07Sep2025 18:52:46.470] [Render thread/WARN] [com.bluelotuscoding.eidolonunchained.integration.EidolonCategoryExtension/]: Category 'examples' not found; unable to attach chapter
[07Sep2025 18:52:46.470] [Render thread/INFO] [com.bluelotuscoding.eidolonunchained.integration.CodexChantIntegration/]: ? Added chant 'eidolonunchained.chant.forbidden_knowledge.name' to 'examples' category
[07Sep2025 18:52:46.471] [Render thread/WARN] [com.bluelotuscoding.eidolonunchained.integration.EidolonCategoryExtension/]: Category 'examples' not found; unable to attach chapter
[07Sep2025 18:52:46.471] [Render thread/INFO] [com.bluelotuscoding.eidolonunchained.integration.CodexChantIntegration/]: ? Added chant 'eidolonunchained.chant.divine_judgment.name' to 'examples' category
[07Sep2025 18:52:46.471] [Render thread/WARN] [com.bluelotuscoding.eidolonunchained.integration.EidolonCategoryExtension/]: Category 'examples' not found; unable to attach chapter
[07Sep2025 18:52:46.471] [Render thread/INFO] [com.bluelotuscoding.eidolonunchained.integration.CodexChantIntegration/]: ? Added chant 'eidolonunchained.chant.shadow_communion.name' to 'examples' category
[07Sep2025 18:52:46.471] [Render thread/WARN] [com.bluelotuscoding.eidolonunchained.integration.EidolonCategoryExtension/]: Category 'examples' not found; unable to attach chapter
[07Sep2025 18:52:46.471] [Render thread/INFO] [com.bluelotuscoding.eidolonunchained.integration.CodexChantIntegration/]: ? Added chant 'eidolonunchained.chant.gaias_wrath.name' to 'examples' category
[07Sep2025 18:52:46.471] [Render thread/WARN] [com.bluelotuscoding.eidolonunchained.integration.EidolonCategoryExtension/]: Category 'examples' not found; unable to attach chapter
[07Sep2025 18:52:46.471] [Render thread/INFO] [com.bluelotuscoding.eidolonunchained.integration.CodexChantIntegration/]: ? Added chant 'eidolonunchained.chant.natures_communion.name' to 'examples' category
[07Sep2025 18:52:46.471] [Render thread/WARN] [com.bluelotuscoding.eidolonunchained.integration.EidolonCategoryExtension/]: Category 'examples' not found; unable to attach chapter
[07Sep2025 18:52:46.471] [Render thread/INFO] [com.bluelotuscoding.eidolonunchained.integration.CodexChantIntegration/]: ? Added chant 'eidolonunchained.chant.test_item_requirements.name' to 'examples' category
[07Sep2025 18:52:46.471] [Render thread/WARN] [com.bluelotuscoding.eidolonunchained.integration.EidolonCategoryExtension/]: Category 'examples' not found; unable to attach chapter
[07Sep2025 18:52:46.471] [Render thread/INFO] [com.bluelotuscoding.eidolonunchained.integration.CodexChantIntegration/]: ? Added chant 'eidolonunchained.chant.divine_communion.name' to 'examples' category
[07Sep2025 18:52:46.471] [Render thread/INFO] [com.bluelotuscoding.eidolonunchained.chant.DatapackChantManager/]: Successfully registered chants with codex integration
[07Sep2025 18:52:46.483] [Render thread/INFO] [com.bluelotuscoding.eidolonunchained.research.triggers.ResearchTriggerLoader/]: Successfully loaded 4 triggers from research divine_ritual_discovery
[07Sep2025 18:52:46.484] [Render thread/WARN] [com.bluelotuscoding.eidolonunchained.research.triggers.ResearchTriggerLoader/]: Failed to parse trigger in research file: simple_research_example
[07Sep2025 18:52:46.484] [Render thread/INFO] [com.bluelotuscoding.eidolonunchained.research.triggers.ResearchTriggerLoader/]: Successfully loaded 2 triggers from research simple_research_example
[07Sep2025 18:52:46.485] [Render thread/INFO] [com.bluelotuscoding.eidolonunchained.research.triggers.ResearchTriggerLoader/]: Successfully loaded 1 triggers from research nature_blessing_ritual
[07Sep2025 18:52:46.485] [Render thread/INFO] [com.bluelotuscoding.eidolonunchained.research.triggers.ResearchTriggerLoader/]: Loaded 4 research trigger types with 7 total triggers from 3 research files
[07Sep2025 18:52:46.494] [Render thread/INFO] [top.theillusivec4.curios.Curios/]: Loaded 10 curio slots
[07Sep2025 18:52:46.499] [Render thread/INFO] [top.theillusivec4.curios.Curios/]: Loaded 1 curio entities
[07Sep2025 18:52:46.499] [Render thread/INFO] [com.bluelotuscoding.eidolonunchained.ai.AIDeityManager/]: Loading AI deity configurations...
[07Sep2025 18:52:46.499] [Render thread/INFO] [com.bluelotuscoding.eidolonunchained.ai.AIDeityManager/]: Queued 3 AI deity configurations with 0 errors
[07Sep2025 18:52:46.500] [Render thread/INFO] [com.bluelotuscoding.eidolonunchained.ai.AIDeityManager/]: Checking if deities are loaded: true
[07Sep2025 18:52:46.500] [Render thread/INFO] [com.bluelotuscoding.eidolonunchained.ai.AIDeityManager/]: Deities already loaded, linking 3 pending configurations now
[07Sep2025 18:52:46.500] [Render thread/INFO] [com.bluelotuscoding.eidolonunchained.ai.AIDeityManager/]: Linking 3 pending AI configurations to loaded deities
[07Sep2025 18:52:46.500] [Render thread/INFO] [com.bluelotuscoding.eidolonunchained.ai.AIDeityManager/]: Available deities: [eidolon:light, eidolonunchained:dark_deity, eidolonunchained:light_deity, eidolon:dark, eidolonunchained:nature_deity]
[07Sep2025 18:52:46.500] [Render thread/INFO] [com.bluelotuscoding.eidolonunchained.ai.AIDeityManager/]: Looking for deity eidolonunchained:dark_deity - found: true
[07Sep2025 18:52:46.510] [Render thread/INFO] [com.bluelotuscoding.eidolonunchained.ai.AIDeityManager/]: Successfully linked AI configuration for deity: eidolonunchained:dark_deity
[07Sep2025 18:52:46.510] [Render thread/INFO] [com.bluelotuscoding.eidolonunchained.ai.AIDeityManager/]: Looking for deity eidolonunchained:light_deity - found: true
[07Sep2025 18:52:46.511] [Render thread/INFO] [com.bluelotuscoding.eidolonunchained.ai.AIDeityManager/]: Successfully linked AI configuration for deity: eidolonunchained:light_deity
[07Sep2025 18:52:46.511] [Render thread/INFO] [com.bluelotuscoding.eidolonunchained.ai.AIDeityManager/]: Looking for deity eidolonunchained:nature_deity - found: true
[07Sep2025 18:52:46.512] [Render thread/INFO] [com.bluelotuscoding.eidolonunchained.ai.AIDeityManager/]: Successfully linked AI configuration for deity: eidolonunchained:nature_deity
[07Sep2025 18:52:46.512] [Render thread/INFO] [com.bluelotuscoding.eidolonunchained.ai.AIDeityManager/]: Successfully linked 3 AI configurations, 0 failed
[07Sep2025 18:52:46.512] [Render thread/INFO] [com.bluelotuscoding.eidolonunchained.data.CodexDataManager/]: CodexDataManager.apply() reloading codex data
[07Sep2025 18:52:46.512] [Render thread/INFO] [com.bluelotuscoding.eidolonunchained.data.CodexDataManager/]: Searching for custom codex chapters in 'codex_chapters'...
[07Sep2025 18:52:46.513] [Render thread/INFO] [com.bluelotuscoding.eidolonunchained.data.CodexDataManager/]: Searching for custom codex chapters in 'codex' structure...
[07Sep2025 18:52:46.518] [Render thread/ERROR] [net.minecraft.Util/]: Invalid path in pack: eidolonunchained:codex/README.md, ignoring
[07Sep2025 18:52:46.518] [Render thread/INFO] [com.bluelotuscoding.eidolonunchained.data.CodexDataManager/]: DEBUG: Found 8 chapter files: [eidolonunchained:codex/example_chants/divine_communion.json, eidolonunchained:codex/example_chants/divine_judgment.json, eidolonunchained:codex/example_chants/forbidden_knowledge.json, eidolonunchained:codex/example_chants/gaias_wrath.json, eidolonunchained:codex/example_chants/natures_communion.json, eidolonunchained:codex/example_chants/shadow_communion.json, eidolonunchained:codex/examples/deity_rituals.json, eidolonunchained:codex/examples/getting_started.json]
[07Sep2025 18:52:46.519] [Render thread/INFO] [com.bluelotuscoding.eidolonunchained.data.CodexDataManager/]: Found codex chapter resource: eidolonunchained:codex/example_chants/divine_communion.json (namespace: eidolonunchained, path: codex/example_chants/divine_communion.json)
[07Sep2025 18:52:46.521] [Render thread/INFO] [com.bluelotuscoding.eidolonunchained.data.CodexDataManager/]: Registering custom chapter: eidolonunchained:divine_communion (title: translation{key='eidolonunchained.codex.chapter.divine_communion', args=[]}, icon: minecraft:glowstone, category: example_chants)
[07Sep2025 18:52:46.591] [Render thread/INFO] [com.bluelotuscoding.eidolonunchained.data.CodexDataManager/]: Loaded custom chapter definition eidolonunchained:divine_communion
[07Sep2025 18:52:46.591] [Render thread/INFO] [com.bluelotuscoding.eidolonunchained.data.CodexDataManager/]: Found codex chapter resource: eidolonunchained:codex/example_chants/divine_judgment.json (namespace: eidolonunchained, path: codex/example_chants/divine_judgment.json)
[07Sep2025 18:52:46.592] [Render thread/INFO] [com.bluelotuscoding.eidolonunchained.data.CodexDataManager/]: Registering custom chapter: eidolonunchained:divine_judgment (title: translation{key='eidolonunchained.codex.chapter.divine_judgment', args=[]}, icon: minecraft:golden_sword, category: example_chants)
[07Sep2025 18:52:46.592] [Render thread/INFO] [com.bluelotuscoding.eidolonunchained.data.CodexDataManager/]: Loaded custom chapter definition eidolonunchained:divine_judgment
[07Sep2025 18:52:46.593] [Render thread/INFO] [com.bluelotuscoding.eidolonunchained.data.CodexDataManager/]: Found codex chapter resource: eidolonunchained:codex/example_chants/forbidden_knowledge.json (namespace: eidolonunchained, path: codex/example_chants/forbidden_knowledge.json)
[07Sep2025 18:52:46.593] [Render thread/INFO] [com.bluelotuscoding.eidolonunchained.data.CodexDataManager/]: Registering custom chapter: eidolonunchained:forbidden_knowledge (title: translation{key='eidolonunchained.codex.chapter.forbidden_knowledge', args=[]}, icon: minecraft:netherite_scrap, category: example_chants)
[07Sep2025 18:52:46.594] [Render thread/INFO] [com.bluelotuscoding.eidolonunchained.data.CodexDataManager/]: Loaded custom chapter definition eidolonunchained:forbidden_knowledge
[07Sep2025 18:52:46.594] [Render thread/INFO] [com.bluelotuscoding.eidolonunchained.data.CodexDataManager/]: Found codex chapter resource: eidolonunchained:codex/example_chants/gaias_wrath.json (namespace: eidolonunchained, path: codex/example_chants/gaias_wrath.json)
[07Sep2025 18:52:46.595] [Render thread/INFO] [com.bluelotuscoding.eidolonunchained.data.CodexDataManager/]: Registering custom chapter: eidolonunchained:gaias_wrath (title: translation{key='eidolonunchained.codex.chapter.gaias_wrath', args=[]}, icon: minecraft:emerald, category: example_chants)
[07Sep2025 18:52:46.596] [Render thread/INFO] [com.bluelotuscoding.eidolonunchained.data.CodexDataManager/]: Loaded custom chapter definition eidolonunchained:gaias_wrath
[07Sep2025 18:52:46.596] [Render thread/INFO] [com.bluelotuscoding.eidolonunchained.data.CodexDataManager/]: Found codex chapter resource: eidolonunchained:codex/example_chants/natures_communion.json (namespace: eidolonunchained, path: codex/example_chants/natures_communion.json)
[07Sep2025 18:52:46.596] [Render thread/INFO] [com.bluelotuscoding.eidolonunchained.data.CodexDataManager/]: Registering custom chapter: eidolonunchained:natures_communion (title: translation{key='eidolonunchained.codex.chapter.natures_communion', args=[]}, icon: minecraft:flowering_azalea, category: example_chants)
[07Sep2025 18:52:46.597] [Render thread/INFO] [com.bluelotuscoding.eidolonunchained.data.CodexDataManager/]: Loaded custom chapter definition eidolonunchained:natures_communion
[07Sep2025 18:52:46.597] [Render thread/INFO] [com.bluelotuscoding.eidolonunchained.data.CodexDataManager/]: Found codex chapter resource: eidolonunchained:codex/example_chants/shadow_communion.json (namespace: eidolonunchained, path: codex/example_chants/shadow_communion.json)
[07Sep2025 18:52:46.597] [Render thread/INFO] [com.bluelotuscoding.eidolonunchained.data.CodexDataManager/]: Registering custom chapter: eidolonunchained:shadow_communion (title: translation{key='eidolonunchained.codex.chapter.shadow_communion', args=[]}, icon: minecraft:wither_skeleton_skull, category: example_chants)
[07Sep2025 18:52:46.598] [Render thread/INFO] [com.bluelotuscoding.eidolonunchained.data.CodexDataManager/]: Loaded custom chapter definition eidolonunchained:shadow_communion
[07Sep2025 18:52:46.598] [Render thread/INFO] [com.bluelotuscoding.eidolonunchained.data.CodexDataManager/]: Found codex chapter resource: eidolonunchained:codex/examples/deity_rituals.json (namespace: eidolonunchained, path: codex/examples/deity_rituals.json)
[07Sep2025 18:52:46.598] [Render thread/INFO] [com.bluelotuscoding.eidolonunchained.data.CodexDataManager/]: Registering custom chapter: eidolonunchained:deity_rituals (title: translation{key='eidolonunchained.codex.chapter.deity_rituals', args=[]}, icon: eidolon:brazier, category: examples)
[07Sep2025 18:52:46.598] [Render thread/INFO] [com.bluelotuscoding.eidolonunchained.data.CodexDataManager/]: Loaded custom chapter definition eidolonunchained:deity_rituals
[07Sep2025 18:52:46.598] [Render thread/INFO] [com.bluelotuscoding.eidolonunchained.data.CodexDataManager/]: Found codex chapter resource: eidolonunchained:codex/examples/getting_started.json (namespace: eidolonunchained, path: codex/examples/getting_started.json)
[07Sep2025 18:52:46.599] [Render thread/INFO] [com.bluelotuscoding.eidolonunchained.data.CodexDataManager/]: Registering custom chapter: eidolonunchained:getting_started (title: translation{key='eidolonunchained.codex.chapter.getting_started', args=[]}, icon: minecraft:compass, category: examples)
[07Sep2025 18:52:46.599] [Render thread/INFO] [com.bluelotuscoding.eidolonunchained.data.CodexDataManager/]: Loaded custom chapter definition eidolonunchained:getting_started
[07Sep2025 18:52:46.600] [Render thread/INFO] [com.bluelotuscoding.eidolonunchained.data.CodexDataManager/]: Custom chapter loading complete. Total loaded: 8
[07Sep2025 18:52:46.600] [Render thread/INFO] [com.bluelotuscoding.eidolonunchained.data.CodexDataManager/]: Scanning for codex entries in all namespaces...
[07Sep2025 18:52:46.604] [Render thread/INFO] [com.bluelotuscoding.eidolonunchained.data.CodexDataManager/]: DEBUG: Found 15 codex entry files: [eidolonunchained:codex_entries/crucible_example.json, eidolonunchained:codex_entries/deity_rituals_overview.json, eidolonunchained:codex_entries/divine_communion.json, eidolonunchained:codex_entries/divine_judgment.json, eidolonunchained:codex_entries/enhanced_shadow_gems.json, eidolonunchained:codex_entries/entity_example.json, eidolonunchained:codex_entries/forbidden_knowledge.json, eidolonunchained:codex_entries/gaias_wrath.json, eidolonunchained:codex_entries/light_patronage_ritual.json, eidolonunchained:codex_entries/nature_patronage_ritual.json, eidolonunchained:codex_entries/natures_communion.json, eidolonunchained:codex_entries/recipe_example.json, eidolonunchained:codex_entries/shadow_communion.json, eidolonunchained:codex_entries/shadow_patronage_ritual.json, eidolonunchained:codex_entries/text_example.json]
[07Sep2025 18:52:46.604] [Render thread/INFO] [com.bluelotuscoding.eidolonunchained.data.CodexDataManager/]: Processing codex entry file: eidolonunchained:codex_entries/crucible_example.json
[07Sep2025 18:52:46.605] [Render thread/INFO] [com.bluelotuscoding.eidolonunchained.data.CodexDataManager/]: Loading codex entry from eidolonunchained:codex_entries/crucible_example.json
[07Sep2025 18:52:46.607] [Render thread/INFO] [com.bluelotuscoding.eidolonunchained.data.CodexDataManager/]: JSON content keys: [target_chapter, pages]
[07Sep2025 18:52:46.607] [Render thread/INFO] [com.bluelotuscoding.eidolonunchained.data.CodexDataManager/]: Required fields present, proceeding with parsing...
[07Sep2025 18:52:46.607] [Render thread/INFO] [com.bluelotuscoding.eidolonunchained.data.CodexDataManager/]: Entry eidolonunchained:codex_entries/crucible_example.json targets chapter: deity_rituals
[07Sep2025 18:52:46.607] [Render thread/INFO] [com.bluelotuscoding.eidolonunchained.data.CodexDataManager/]: Converted field name to our custom resource location: eidolonunchained:deity_rituals
[07Sep2025 18:52:46.607] [Render thread/INFO] [com.bluelotuscoding.eidolonunchained.data.CodexDataManager/]: About to create CodexEntry...
[07Sep2025 18:52:46.609] [Render thread/INFO] [com.bluelotuscoding.eidolonunchained.data.CodexDataManager/]: CodexEntry created successfully with 6 pages
[07Sep2025 18:52:46.609] [Render thread/INFO] [com.bluelotuscoding.eidolonunchained.data.CodexDataManager/]: ? Successfully loaded codex entry 'eidolonunchained:codex_entries/crucible_example.json' with 6 pages for chapter 'eidolonunchained:deity_rituals'
[07Sep2025 18:52:46.609] [Render thread/INFO] [com.bluelotuscoding.eidolonunchained.data.CodexDataManager/]: Successfully loaded entry! Total loaded: 1
[07Sep2025 18:52:46.609] [Render thread/INFO] [com.bluelotuscoding.eidolonunchained.data.CodexDataManager/]: Processing codex entry file: eidolonunchained:codex_entries/deity_rituals_overview.json
[07Sep2025 18:52:46.610] [Render thread/INFO] [com.bluelotuscoding.eidolonunchained.data.CodexDataManager/]: Loading codex entry from eidolonunchained:codex_entries/deity_rituals_overview.json
[07Sep2025 18:52:46.610] [Render thread/INFO] [com.bluelotuscoding.eidolonunchained.data.CodexDataManager/]: JSON content keys: [target_chapter, pages]
[07Sep2025 18:52:46.610] [Render thread/INFO] [com.bluelotuscoding.eidolonunchained.data.CodexDataManager/]: Required fields present, proceeding with parsing...
[07Sep2025 18:52:46.610] [Render thread/INFO] [com.bluelotuscoding.eidolonunchained.data.CodexDataManager/]: Entry eidolonunchained:codex_entries/deity_rituals_overview.json targets chapter: deity_rituals
[07Sep2025 18:52:46.611] [Render thread/INFO] [com.bluelotuscoding.eidolonunchained.data.CodexDataManager/]: Converted field name to our custom resource location: eidolonunchained:deity_rituals
[07Sep2025 18:52:46.611] [Render thread/INFO] [com.bluelotuscoding.eidolonunchained.data.CodexDataManager/]: About to create CodexEntry...
[07Sep2025 18:52:46.611] [Render thread/INFO] [com.bluelotuscoding.eidolonunchained.data.CodexDataManager/]: CodexEntry created successfully with 6 pages
[07Sep2025 18:52:46.611] [Render thread/INFO] [com.bluelotuscoding.eidolonunchained.data.CodexDataManager/]: ? Successfully loaded codex entry 'eidolonunchained:codex_entries/deity_rituals_overview.json' with 6 pages for chapter 'eidolonunchained:deity_rituals'
[07Sep2025 18:52:46.611] [Render thread/INFO] [com.bluelotuscoding.eidolonunchained.data.CodexDataManager/]: Successfully loaded entry! Total loaded: 2
[07Sep2025 18:52:46.611] [Render thread/INFO] [com.bluelotuscoding.eidolonunchained.data.CodexDataManager/]: Processing codex entry file: eidolonunchained:codex_entries/divine_communion.json
[07Sep2025 18:52:46.612] [Render thread/INFO] [com.bluelotuscoding.eidolonunchained.data.CodexDataManager/]: Loading codex entry from eidolonunchained:codex_entries/divine_communion.json
[07Sep2025 18:52:46.612] [Render thread/INFO] [com.bluelotuscoding.eidolonunchained.data.CodexDataManager/]: JSON content keys: [target_chapter, pages]
[07Sep2025 18:52:46.612] [Render thread/INFO] [com.bluelotuscoding.eidolonunchained.data.CodexDataManager/]: Required fields present, proceeding with parsing...
[07Sep2025 18:52:46.612] [Render thread/INFO] [com.bluelotuscoding.eidolonunchained.data.CodexDataManager/]: Entry eidolonunchained:codex_entries/divine_communion.json targets chapter: divine_communion
[07Sep2025 18:52:46.612] [Render thread/INFO] [com.bluelotuscoding.eidolonunchained.data.CodexDataManager/]: Converted field name to our custom resource location: eidolonunchained:divine_communion
[07Sep2025 18:52:46.612] [Render thread/INFO] [com.bluelotuscoding.eidolonunchained.data.CodexDataManager/]: About to create CodexEntry...
[07Sep2025 18:52:46.612] [Render thread/INFO] [com.bluelotuscoding.eidolonunchained.data.CodexDataManager/]: CodexEntry created successfully with 2 pages
[07Sep2025 18:52:46.613] [Render thread/INFO] [com.bluelotuscoding.eidolonunchained.data.CodexDataManager/]: ? Successfully loaded codex entry 'eidolonunchained:codex_entries/divine_communion.json' with 2 pages for chapter 'eidolonunchained:divine_communion'
[07Sep2025 18:52:46.613] [Render thread/INFO] [com.bluelotuscoding.eidolonunchained.data.CodexDataManager/]: Successfully loaded entry! Total loaded: 3
[07Sep2025 18:52:46.613] [Render thread/INFO] [com.bluelotuscoding.eidolonunchained.data.CodexDataManager/]: Processing codex entry file: eidolonunchained:codex_entries/divine_judgment.json
[07Sep2025 18:52:46.614] [Render thread/INFO] [com.bluelotuscoding.eidolonunchained.data.CodexDataManager/]: Loading codex entry from eidolonunchained:codex_entries/divine_judgment.json
[07Sep2025 18:52:46.614] [Render thread/INFO] [com.bluelotuscoding.eidolonunchained.data.CodexDataManager/]: JSON content keys: [target_chapter, pages]
[07Sep2025 18:52:46.614] [Render thread/INFO] [com.bluelotuscoding.eidolonunchained.data.CodexDataManager/]: Required fields present, proceeding with parsing...
[07Sep2025 18:52:46.614] [Render thread/INFO] [com.bluelotuscoding.eidolonunchained.data.CodexDataManager/]: Entry eidolonunchained:codex_entries/divine_judgment.json targets chapter: divine_judgment
[07Sep2025 18:52:46.614] [Render thread/INFO] [com.bluelotuscoding.eidolonunchained.data.CodexDataManager/]: Converted field name to our custom resource location: eidolonunchained:divine_judgment
[07Sep2025 18:52:46.614] [Render thread/INFO] [com.bluelotuscoding.eidolonunchained.data.CodexDataManager/]: About to create CodexEntry...
[07Sep2025 18:52:46.614] [Render thread/INFO] [com.bluelotuscoding.eidolonunchained.data.CodexDataManager/]: CodexEntry created successfully with 2 pages
[07Sep2025 18:52:46.614] [Render thread/INFO] [com.bluelotuscoding.eidolonunchained.data.CodexDataManager/]: ? Successfully loaded codex entry 'eidolonunchained:codex_entries/divine_judgment.json' with 2 pages for chapter 'eidolonunchained:divine_judgment'
[07Sep2025 18:52:46.614] [Render thread/INFO] [com.bluelotuscoding.eidolonunchained.data.CodexDataManager/]: Successfully loaded entry! Total loaded: 4
[07Sep2025 18:52:46.614] [Render thread/INFO] [com.bluelotuscoding.eidolonunchained.data.CodexDataManager/]: Processing codex entry file: eidolonunchained:codex_entries/enhanced_shadow_gems.json
[07Sep2025 18:52:46.615] [Render thread/INFO] [com.bluelotuscoding.eidolonunchained.data.CodexDataManager/]: Loading codex entry from eidolonunchained:codex_entries/enhanced_shadow_gems.json
[07Sep2025 18:52:46.615] [Render thread/INFO] [com.bluelotuscoding.eidolonunchained.data.CodexDataManager/]: JSON content keys: [target_chapter, pages]
[07Sep2025 18:52:46.615] [Render thread/INFO] [com.bluelotuscoding.eidolonunchained.data.CodexDataManager/]: Required fields present, proceeding with parsing...
[07Sep2025 18:52:46.616] [Render thread/INFO] [com.bluelotuscoding.eidolonunchained.data.CodexDataManager/]: Entry eidolonunchained:codex_entries/enhanced_shadow_gems.json targets chapter: deity_rituals
[07Sep2025 18:52:46.616] [Render thread/INFO] [com.bluelotuscoding.eidolonunchained.data.CodexDataManager/]: Converted field name to our custom resource location: eidolonunchained:deity_rituals
[07Sep2025 18:52:46.616] [Render thread/INFO] [com.bluelotuscoding.eidolonunchained.data.CodexDataManager/]: About to create CodexEntry...
[07Sep2025 18:52:46.616] [Render thread/INFO] [com.bluelotuscoding.eidolonunchained.data.CodexDataManager/]: CodexEntry created successfully with 4 pages
[07Sep2025 18:52:46.616] [Render thread/INFO] [com.bluelotuscoding.eidolonunchained.data.CodexDataManager/]: ? Successfully loaded codex entry 'eidolonunchained:codex_entries/enhanced_shadow_gems.json' with 4 pages for chapter 'eidolonunchained:deity_rituals'
[07Sep2025 18:52:46.616] [Render thread/INFO] [com.bluelotuscoding.eidolonunchained.data.CodexDataManager/]: Successfully loaded entry! Total loaded: 5
[07Sep2025 18:52:46.616] [Render thread/INFO] [com.bluelotuscoding.eidolonunchained.data.CodexDataManager/]: Processing codex entry file: eidolonunchained:codex_entries/entity_example.json
[07Sep2025 18:52:46.617] [Render thread/INFO] [com.bluelotuscoding.eidolonunchained.data.CodexDataManager/]: Loading codex entry from eidolonunchained:codex_entries/entity_example.json
[07Sep2025 18:52:46.617] [Render thread/INFO] [com.bluelotuscoding.eidolonunchained.data.CodexDataManager/]: JSON content keys: [target_chapter, pages]
[07Sep2025 18:52:46.617] [Render thread/INFO] [com.bluelotuscoding.eidolonunchained.data.CodexDataManager/]: Required fields present, proceeding with parsing...
[07Sep2025 18:52:46.617] [Render thread/INFO] [com.bluelotuscoding.eidolonunchained.data.CodexDataManager/]: Entry eidolonunchained:codex_entries/entity_example.json targets chapter: getting_started
[07Sep2025 18:52:46.617] [Render thread/INFO] [com.bluelotuscoding.eidolonunchained.data.CodexDataManager/]: Converted field name to our custom resource location: eidolonunchained:getting_started
[07Sep2025 18:52:46.617] [Render thread/INFO] [com.bluelotuscoding.eidolonunchained.data.CodexDataManager/]: About to create CodexEntry...
[07Sep2025 18:52:46.618] [Render thread/INFO] [com.bluelotuscoding.eidolonunchained.data.CodexDataManager/]: CodexEntry created successfully with 3 pages
[07Sep2025 18:52:46.618] [Render thread/INFO] [com.bluelotuscoding.eidolonunchained.data.CodexDataManager/]: ? Successfully loaded codex entry 'eidolonunchained:codex_entries/entity_example.json' with 3 pages for chapter 'eidolonunchained:getting_started'
[07Sep2025 18:52:46.618] [Render thread/INFO] [com.bluelotuscoding.eidolonunchained.data.CodexDataManager/]: Successfully loaded entry! Total loaded: 6
[07Sep2025 18:52:46.618] [Render thread/INFO] [com.bluelotuscoding.eidolonunchained.data.CodexDataManager/]: Processing codex entry file: eidolonunchained:codex_entries/forbidden_knowledge.json
[07Sep2025 18:52:46.619] [Render thread/INFO] [com.bluelotuscoding.eidolonunchained.data.CodexDataManager/]: Loading codex entry from eidolonunchained:codex_entries/forbidden_knowledge.json
[07Sep2025 18:52:46.619] [Render thread/INFO] [com.bluelotuscoding.eidolonunchained.data.CodexDataManager/]: JSON content keys: [target_chapter, pages]
[07Sep2025 18:52:46.619] [Render thread/INFO] [com.bluelotuscoding.eidolonunchained.data.CodexDataManager/]: Required fields present, proceeding with parsing...
[07Sep2025 18:52:46.619] [Render thread/INFO] [com.bluelotuscoding.eidolonunchained.data.CodexDataManager/]: Entry eidolonunchained:codex_entries/forbidden_knowledge.json targets chapter: forbidden_knowledge
[07Sep2025 18:52:46.619] [Render thread/INFO] [com.bluelotuscoding.eidolonunchained.data.CodexDataManager/]: Converted field name to our custom resource location: eidolonunchained:forbidden_knowledge
[07Sep2025 18:52:46.619] [Render thread/INFO] [com.bluelotuscoding.eidolonunchained.data.CodexDataManager/]: About to create CodexEntry...
[07Sep2025 18:52:46.619] [Render thread/INFO] [com.bluelotuscoding.eidolonunchained.data.CodexDataManager/]: CodexEntry created successfully with 2 pages
[07Sep2025 18:52:46.620] [Render thread/INFO] [com.bluelotuscoding.eidolonunchained.data.CodexDataManager/]: ? Successfully loaded codex entry 'eidolonunchained:codex_entries/forbidden_knowledge.json' with 2 pages for chapter 'eidolonunchained:forbidden_knowledge'
[07Sep2025 18:52:46.620] [Render thread/INFO] [com.bluelotuscoding.eidolonunchained.data.CodexDataManager/]: Successfully loaded entry! Total loaded: 7
[07Sep2025 18:52:46.620] [Render thread/INFO] [com.bluelotuscoding.eidolonunchained.data.CodexDataManager/]: Processing codex entry file: eidolonunchained:codex_entries/gaias_wrath.json
[07Sep2025 18:52:46.620] [Render thread/INFO] [com.bluelotuscoding.eidolonunchained.data.CodexDataManager/]: Loading codex entry from eidolonunchained:codex_entries/gaias_wrath.json
[07Sep2025 18:52:46.620] [Render thread/INFO] [com.bluelotuscoding.eidolonunchained.data.CodexDataManager/]: JSON content keys: [target_chapter, pages]
[07Sep2025 18:52:46.620] [Render thread/INFO] [com.bluelotuscoding.eidolonunchained.data.CodexDataManager/]: Required fields present, proceeding with parsing...
[07Sep2025 18:52:46.621] [Render thread/INFO] [com.bluelotuscoding.eidolonunchained.data.CodexDataManager/]: Entry eidolonunchained:codex_entries/gaias_wrath.json targets chapter: gaias_wrath
[07Sep2025 18:52:46.621] [Render thread/INFO] [com.bluelotuscoding.eidolonunchained.data.CodexDataManager/]: Converted field name to our custom resource location: eidolonunchained:gaias_wrath
[07Sep2025 18:52:46.621] [Render thread/INFO] [com.bluelotuscoding.eidolonunchained.data.CodexDataManager/]: About to create CodexEntry...
[07Sep2025 18:52:46.621] [Render thread/INFO] [com.bluelotuscoding.eidolonunchained.data.CodexDataManager/]: CodexEntry created successfully with 2 pages
[07Sep2025 18:52:46.621] [Render thread/INFO] [com.bluelotuscoding.eidolonunchained.data.CodexDataManager/]: ? Successfully loaded codex entry 'eidolonunchained:codex_entries/gaias_wrath.json' with 2 pages for chapter 'eidolonunchained:gaias_wrath'
[07Sep2025 18:52:46.621] [Render thread/INFO] [com.bluelotuscoding.eidolonunchained.data.CodexDataManager/]: Successfully loaded entry! Total loaded: 8
[07Sep2025 18:52:46.621] [Render thread/INFO] [com.bluelotuscoding.eidolonunchained.data.CodexDataManager/]: Processing codex entry file: eidolonunchained:codex_entries/light_patronage_ritual.json
[07Sep2025 18:52:46.622] [Render thread/INFO] [com.bluelotuscoding.eidolonunchained.data.CodexDataManager/]: Loading codex entry from eidolonunchained:codex_entries/light_patronage_ritual.json
[07Sep2025 18:52:46.622] [Render thread/INFO] [com.bluelotuscoding.eidolonunchained.data.CodexDataManager/]: JSON content keys: [target_chapter, pages]
[07Sep2025 18:52:46.622] [Render thread/INFO] [com.bluelotuscoding.eidolonunchained.data.CodexDataManager/]: Required fields present, proceeding with parsing...
[07Sep2025 18:52:46.622] [Render thread/INFO] [com.bluelotuscoding.eidolonunchained.data.CodexDataManager/]: Entry eidolonunchained:codex_entries/light_patronage_ritual.json targets chapter: deity_rituals
[07Sep2025 18:52:46.622] [Render thread/INFO] [com.bluelotuscoding.eidolonunchained.data.CodexDataManager/]: Converted field name to our custom resource location: eidolonunchained:deity_rituals
[07Sep2025 18:52:46.622] [Render thread/INFO] [com.bluelotuscoding.eidolonunchained.data.CodexDataManager/]: About to create CodexEntry...
[07Sep2025 18:52:46.622] [Render thread/INFO] [com.bluelotuscoding.eidolonunchained.data.CodexDataManager/]: CodexEntry created successfully with 4 pages
[07Sep2025 18:52:46.622] [Render thread/INFO] [com.bluelotuscoding.eidolonunchained.data.CodexDataManager/]: ? Successfully loaded codex entry 'eidolonunchained:codex_entries/light_patronage_ritual.json' with 4 pages for chapter 'eidolonunchained:deity_rituals'
[07Sep2025 18:52:46.622] [Render thread/INFO] [com.bluelotuscoding.eidolonunchained.data.CodexDataManager/]: Successfully loaded entry! Total loaded: 9
[07Sep2025 18:52:46.623] [Render thread/INFO] [com.bluelotuscoding.eidolonunchained.data.CodexDataManager/]: Processing codex entry file: eidolonunchained:codex_entries/nature_patronage_ritual.json
[07Sep2025 18:52:46.623] [Render thread/INFO] [com.bluelotuscoding.eidolonunchained.data.CodexDataManager/]: Loading codex entry from eidolonunchained:codex_entries/nature_patronage_ritual.json
[07Sep2025 18:52:46.624] [Render thread/INFO] [com.bluelotuscoding.eidolonunchained.data.CodexDataManager/]: JSON content keys: [target_chapter, pages]
[07Sep2025 18:52:46.624] [Render thread/INFO] [com.bluelotuscoding.eidolonunchained.data.CodexDataManager/]: Required fields present, proceeding with parsing...
[07Sep2025 18:52:46.624] [Render thread/INFO] [com.bluelotuscoding.eidolonunchained.data.CodexDataManager/]: Entry eidolonunchained:codex_entries/nature_patronage_ritual.json targets chapter: deity_rituals
[07Sep2025 18:52:46.624] [Render thread/INFO] [com.bluelotuscoding.eidolonunchained.data.CodexDataManager/]: Converted field name to our custom resource location: eidolonunchained:deity_rituals
[07Sep2025 18:52:46.624] [Render thread/INFO] [com.bluelotuscoding.eidolonunchained.data.CodexDataManager/]: About to create CodexEntry...
[07Sep2025 18:52:46.624] [Render thread/INFO] [com.bluelotuscoding.eidolonunchained.data.CodexDataManager/]: CodexEntry created successfully with 4 pages
[07Sep2025 18:52:46.624] [Render thread/INFO] [com.bluelotuscoding.eidolonunchained.data.CodexDataManager/]: ? Successfully loaded codex entry 'eidolonunchained:codex_entries/nature_patronage_ritual.json' with 4 pages for chapter 'eidolonunchained:deity_rituals'
[07Sep2025 18:52:46.624] [Render thread/INFO] [com.bluelotuscoding.eidolonunchained.data.CodexDataManager/]: Successfully loaded entry! Total loaded: 10
[07Sep2025 18:52:46.624] [Render thread/INFO] [com.bluelotuscoding.eidolonunchained.data.CodexDataManager/]: Processing codex entry file: eidolonunchained:codex_entries/natures_communion.json
[07Sep2025 18:52:46.625] [Render thread/INFO] [com.bluelotuscoding.eidolonunchained.data.CodexDataManager/]: Loading codex entry from eidolonunchained:codex_entries/natures_communion.json
[07Sep2025 18:52:46.625] [Render thread/INFO] [com.bluelotuscoding.eidolonunchained.data.CodexDataManager/]: JSON content keys: [target_chapter, pages]
[07Sep2025 18:52:46.625] [Render thread/INFO] [com.bluelotuscoding.eidolonunchained.data.CodexDataManager/]: Required fields present, proceeding with parsing...
[07Sep2025 18:52:46.626] [Render thread/INFO] [com.bluelotuscoding.eidolonunchained.data.CodexDataManager/]: Entry eidolonunchained:codex_entries/natures_communion.json targets chapter: natures_communion
[07Sep2025 18:52:46.626] [Render thread/INFO] [com.bluelotuscoding.eidolonunchained.data.CodexDataManager/]: Converted field name to our custom resource location: eidolonunchained:natures_communion
[07Sep2025 18:52:46.626] [Render thread/INFO] [com.bluelotuscoding.eidolonunchained.data.CodexDataManager/]: About to create CodexEntry...
[07Sep2025 18:52:46.626] [Render thread/INFO] [com.bluelotuscoding.eidolonunchained.data.CodexDataManager/]: CodexEntry created successfully with 2 pages
[07Sep2025 18:52:46.626] [Render thread/INFO] [com.bluelotuscoding.eidolonunchained.data.CodexDataManager/]: ? Successfully loaded codex entry 'eidolonunchained:codex_entries/natures_communion.json' with 2 pages for chapter 'eidolonunchained:natures_communion'
[07Sep2025 18:52:46.626] [Render thread/INFO] [com.bluelotuscoding.eidolonunchained.data.CodexDataManager/]: Successfully loaded entry! Total loaded: 11
[07Sep2025 18:52:46.626] [Render thread/INFO] [com.bluelotuscoding.eidolonunchained.data.CodexDataManager/]: Processing codex entry file: eidolonunchained:codex_entries/recipe_example.json
[07Sep2025 18:52:46.627] [Render thread/INFO] [com.bluelotuscoding.eidolonunchained.data.CodexDataManager/]: Loading codex entry from eidolonunchained:codex_entries/recipe_example.json
[07Sep2025 18:52:46.627] [Render thread/INFO] [com.bluelotuscoding.eidolonunchained.data.CodexDataManager/]: JSON content keys: [target_chapter, pages]
[07Sep2025 18:52:46.627] [Render thread/INFO] [com.bluelotuscoding.eidolonunchained.data.CodexDataManager/]: Required fields present, proceeding with parsing...
[07Sep2025 18:52:46.627] [Render thread/INFO] [com.bluelotuscoding.eidolonunchained.data.CodexDataManager/]: Entry eidolonunchained:codex_entries/recipe_example.json targets chapter: getting_started
[07Sep2025 18:52:46.627] [Render thread/INFO] [com.bluelotuscoding.eidolonunchained.data.CodexDataManager/]: Converted field name to our custom resource location: eidolonunchained:getting_started
[07Sep2025 18:52:46.627] [Render thread/INFO] [com.bluelotuscoding.eidolonunchained.data.CodexDataManager/]: About to create CodexEntry...
[07Sep2025 18:52:46.627] [Render thread/INFO] [com.bluelotuscoding.eidolonunchained.data.CodexDataManager/]: CodexEntry created successfully with 3 pages
[07Sep2025 18:52:46.627] [Render thread/INFO] [com.bluelotuscoding.eidolonunchained.data.CodexDataManager/]: ? Successfully loaded codex entry 'eidolonunchained:codex_entries/recipe_example.json' with 3 pages for chapter 'eidolonunchained:getting_started'
[07Sep2025 18:52:46.627] [Render thread/INFO] [com.bluelotuscoding.eidolonunchained.data.CodexDataManager/]: Successfully loaded entry! Total loaded: 12
[07Sep2025 18:52:46.628] [Render thread/INFO] [com.bluelotuscoding.eidolonunchained.data.CodexDataManager/]: Processing codex entry file: eidolonunchained:codex_entries/shadow_communion.json
[07Sep2025 18:52:46.628] [Render thread/INFO] [com.bluelotuscoding.eidolonunchained.data.CodexDataManager/]: Loading codex entry from eidolonunchained:codex_entries/shadow_communion.json
[07Sep2025 18:52:46.628] [Render thread/INFO] [com.bluelotuscoding.eidolonunchained.data.CodexDataManager/]: JSON content keys: [target_chapter, pages]
[07Sep2025 18:52:46.629] [Render thread/INFO] [com.bluelotuscoding.eidolonunchained.data.CodexDataManager/]: Required fields present, proceeding with parsing...
[07Sep2025 18:52:46.629] [Render thread/INFO] [com.bluelotuscoding.eidolonunchained.data.CodexDataManager/]: Entry eidolonunchained:codex_entries/shadow_communion.json targets chapter: shadow_communion
[07Sep2025 18:52:46.629] [Render thread/INFO] [com.bluelotuscoding.eidolonunchained.data.CodexDataManager/]: Converted field name to our custom resource location: eidolonunchained:shadow_communion
[07Sep2025 18:52:46.629] [Render thread/INFO] [com.bluelotuscoding.eidolonunchained.data.CodexDataManager/]: About to create CodexEntry...
[07Sep2025 18:52:46.629] [Render thread/INFO] [com.bluelotuscoding.eidolonunchained.data.CodexDataManager/]: CodexEntry created successfully with 2 pages
[07Sep2025 18:52:46.629] [Render thread/INFO] [com.bluelotuscoding.eidolonunchained.data.CodexDataManager/]: ? Successfully loaded codex entry 'eidolonunchained:codex_entries/shadow_communion.json' with 2 pages for chapter 'eidolonunchained:shadow_communion'
[07Sep2025 18:52:46.629] [Render thread/INFO] [com.bluelotuscoding.eidolonunchained.data.CodexDataManager/]: Successfully loaded entry! Total loaded: 13
[07Sep2025 18:52:46.629] [Render thread/INFO] [com.bluelotuscoding.eidolonunchained.data.CodexDataManager/]: Processing codex entry file: eidolonunchained:codex_entries/shadow_patronage_ritual.json
[07Sep2025 18:52:46.630] [Render thread/INFO] [com.bluelotuscoding.eidolonunchained.data.CodexDataManager/]: Loading codex entry from eidolonunchained:codex_entries/shadow_patronage_ritual.json
[07Sep2025 18:52:46.630] [Render thread/INFO] [com.bluelotuscoding.eidolonunchained.data.CodexDataManager/]: JSON content keys: [target_chapter, pages]
[07Sep2025 18:52:46.630] [Render thread/INFO] [com.bluelotuscoding.eidolonunchained.data.CodexDataManager/]: Required fields present, proceeding with parsing...
[07Sep2025 18:52:46.630] [Render thread/INFO] [com.bluelotuscoding.eidolonunchained.data.CodexDataManager/]: Entry eidolonunchained:codex_entries/shadow_patronage_ritual.json targets chapter: deity_rituals
[07Sep2025 18:52:46.630] [Render thread/INFO] [com.bluelotuscoding.eidolonunchained.data.CodexDataManager/]: Converted field name to our custom resource location: eidolonunchained:deity_rituals
[07Sep2025 18:52:46.631] [Render thread/INFO] [com.bluelotuscoding.eidolonunchained.data.CodexDataManager/]: About to create CodexEntry...
[07Sep2025 18:52:46.631] [Render thread/INFO] [com.bluelotuscoding.eidolonunchained.data.CodexDataManager/]: CodexEntry created successfully with 4 pages
[07Sep2025 18:52:46.631] [Render thread/INFO] [com.bluelotuscoding.eidolonunchained.data.CodexDataManager/]: ? Successfully loaded codex entry 'eidolonunchained:codex_entries/shadow_patronage_ritual.json' with 4 pages for chapter 'eidolonunchained:deity_rituals'
[07Sep2025 18:52:46.631] [Render thread/INFO] [com.bluelotuscoding.eidolonunchained.data.CodexDataManager/]: Successfully loaded entry! Total loaded: 14
[07Sep2025 18:52:46.631] [Render thread/INFO] [com.bluelotuscoding.eidolonunchained.data.CodexDataManager/]: Processing codex entry file: eidolonunchained:codex_entries/text_example.json
[07Sep2025 18:52:46.632] [Render thread/INFO] [com.bluelotuscoding.eidolonunchained.data.CodexDataManager/]: Loading codex entry from eidolonunchained:codex_entries/text_example.json
[07Sep2025 18:52:46.633] [Render thread/INFO] [com.bluelotuscoding.eidolonunchained.data.CodexDataManager/]: JSON content keys: [target_chapter, pages]
[07Sep2025 18:52:46.633] [Render thread/INFO] [com.bluelotuscoding.eidolonunchained.data.CodexDataManager/]: Required fields present, proceeding with parsing...
[07Sep2025 18:52:46.633] [Render thread/INFO] [com.bluelotuscoding.eidolonunchained.data.CodexDataManager/]: Entry eidolonunchained:codex_entries/text_example.json targets chapter: getting_started
[07Sep2025 18:52:46.633] [Render thread/INFO] [com.bluelotuscoding.eidolonunchained.data.CodexDataManager/]: Converted field name to our custom resource location: eidolonunchained:getting_started
[07Sep2025 18:52:46.633] [Render thread/INFO] [com.bluelotuscoding.eidolonunchained.data.CodexDataManager/]: About to create CodexEntry...
[07Sep2025 18:52:46.633] [Render thread/INFO] [com.bluelotuscoding.eidolonunchained.data.CodexDataManager/]: CodexEntry created successfully with 2 pages
[07Sep2025 18:52:46.633] [Render thread/INFO] [com.bluelotuscoding.eidolonunchained.data.CodexDataManager/]: ? Successfully loaded codex entry 'eidolonunchained:codex_entries/text_example.json' with 2 pages for chapter 'eidolonunchained:getting_started'
[07Sep2025 18:52:46.633] [Render thread/INFO] [com.bluelotuscoding.eidolonunchained.data.CodexDataManager/]: Successfully loaded entry! Total loaded: 15
[07Sep2025 18:52:46.633] [Render thread/INFO] [com.bluelotuscoding.eidolonunchained.data.CodexDataManager/]: Loaded 15 codex entries with 0 errors
[07Sep2025 18:52:46.633] [Render thread/INFO] [com.bluelotuscoding.eidolonunchained.data.CodexDataManager/]: Triggering category scanning now that resources are available...
[07Sep2025 18:52:46.633] [Render thread/INFO] [com.bluelotuscoding.eidolonunchained.data.CodexDataManager/]: Triggering category scanning with loaded resources...
[07Sep2025 18:52:46.633] [Render thread/INFO] [com.bluelotuscoding.eidolonunchained.integration.EidolonCategoryExtension/]: ? Category scanning triggered with loaded resources!
[07Sep2025 18:52:46.634] [Render thread/INFO] [com.bluelotuscoding.eidolonunchained.integration.EidolonCategoryExtension/]: ? Using reflection to access Eidolon's category system...
[07Sep2025 18:52:46.634] [Render thread/INFO] [com.bluelotuscoding.eidolonunchained.integration.EidolonCategoryExtension/]: ? Successfully accessed Eidolon internals via reflection
[07Sep2025 18:52:46.634] [Render thread/INFO] [com.bluelotuscoding.eidolonunchained.integration.EidolonCategoryExtension/]:    Categories list: 6 entries
[07Sep2025 18:52:46.634] [Render thread/INFO] [com.bluelotuscoding.eidolonunchained.integration.EidolonCategoryExtension/]: ? Creating custom categories from JSON datapacks...
[07Sep2025 18:52:46.637] [Render thread/INFO] [com.bluelotuscoding.eidolonunchained.integration.DatapackCategoryExample/]: ? Scanning for datapack category definitions...
[07Sep2025 18:52:46.637] [Render thread/INFO] [com.bluelotuscoding.eidolonunchained.integration.DatapackCategoryExample/]: ? DEBUG: Scanning ALL codex resources...
[07Sep2025 18:52:46.642] [Render thread/ERROR] [net.minecraft.Util/]: Invalid path in pack: eidolonunchained:codex/README.md, ignoring
[07Sep2025 18:52:46.642] [Render thread/INFO] [com.bluelotuscoding.eidolonunchained.integration.DatapackCategoryExample/]: ? DEBUG: Found 11 total codex files: [eidolonunchained:codex/custom_research/_category.json, eidolonunchained:codex/example_chants/_category.json, eidolonunchained:codex/example_chants/divine_communion.json, eidolonunchained:codex/example_chants/divine_judgment.json, eidolonunchained:codex/example_chants/forbidden_knowledge.json, eidolonunchained:codex/example_chants/gaias_wrath.json, eidolonunchained:codex/example_chants/natures_communion.json, eidolonunchained:codex/example_chants/shadow_communion.json, eidolonunchained:codex/examples/_category.json, eidolonunchained:codex/examples/deity_rituals.json, eidolonunchained:codex/examples/getting_started.json]
[07Sep2025 18:52:46.647] [Render thread/INFO] [com.bluelotuscoding.eidolonunchained.integration.DatapackCategoryExample/]: ? DEBUG: Found 15 codex_entries files: [eidolonunchained:codex_entries/crucible_example.json, eidolonunchained:codex_entries/deity_rituals_overview.json, eidolonunchained:codex_entries/divine_communion.json, eidolonunchained:codex_entries/divine_judgment.json, eidolonunchained:codex_entries/enhanced_shadow_gems.json, eidolonunchained:codex_entries/entity_example.json, eidolonunchained:codex_entries/forbidden_knowledge.json, eidolonunchained:codex_entries/gaias_wrath.json, eidolonunchained:codex_entries/light_patronage_ritual.json, eidolonunchained:codex_entries/nature_patronage_ritual.json, eidolonunchained:codex_entries/natures_communion.json, eidolonunchained:codex_entries/recipe_example.json, eidolonunchained:codex_entries/shadow_communion.json, eidolonunchained:codex_entries/shadow_patronage_ritual.json, eidolonunchained:codex_entries/text_example.json]
[07Sep2025 18:52:46.648] [Render thread/INFO] [com.bluelotuscoding.eidolonunchained.integration.DatapackCategoryExample/]: ? DEBUG: Trying alternative scanning methods...
[07Sep2025 18:52:46.649] [Render thread/INFO] [com.bluelotuscoding.eidolonunchained.integration.DatapackCategoryExample/]: ? DEBUG: Found 0 files in eidolonunchained namespace: []
[07Sep2025 18:52:46.655] [Render thread/ERROR] [net.minecraft.Util/]: Invalid path in pack: eidolonunchained:codex/README.md, ignoring
[07Sep2025 18:52:46.655] [Render thread/INFO] [com.bluelotuscoding.eidolonunchained.integration.DatapackCategoryExample/]: ? Found 3 category files to scan
[07Sep2025 18:52:46.655] [Render thread/INFO] [com.bluelotuscoding.eidolonunchained.integration.DatapackCategoryExample/]: ? Scanning category file: eidolonunchained:codex/custom_research/_category.json
[07Sep2025 18:52:46.655] [Render thread/INFO] [com.bluelotuscoding.eidolonunchained.integration.DatapackCategoryExample/]: ? File namespace: 'eidolonunchained', Expected: 'eidolonunchained'
[07Sep2025 18:52:46.655] [Render thread/INFO] [com.bluelotuscoding.eidolonunchained.integration.DatapackCategoryExample/]: ? DEBUG: Path: 'codex/custom_research/_category.json', Parts: [codex, custom_research, _category.json], Length: 3
[07Sep2025 18:52:46.656] [Render thread/INFO] [com.bluelotuscoding.eidolonunchained.integration.DatapackCategoryExample/]: ? DEBUG: Extracted category key: 'custom_research'
[07Sep2025 18:52:46.658] [Render thread/INFO] [com.bluelotuscoding.eidolonunchained.integration.DatapackCategoryExample/]: ? DEBUG: Loaded category definition: com.bluelotuscoding.eidolonunchained.integration.DatapackCategoryExample$CategoryDefinition@7469c73d
[07Sep2025 18:52:46.658] [Render thread/INFO] [com.bluelotuscoding.eidolonunchained.integration.DatapackCategoryExample/]: ? Found category definition: eidolonunchained.codex.category.custom_research
[07Sep2025 18:52:46.658] [Render thread/INFO] [com.bluelotuscoding.eidolonunchained.integration.DatapackCategoryExample/]: Looking for entries that target chapters in category: custom_research
[07Sep2025 18:52:46.658] [Render thread/WARN] [com.bluelotuscoding.eidolonunchained.integration.DatapackCategoryExample/]: No chapters found for category: custom_research
[07Sep2025 18:52:46.659] [Render thread/INFO] [com.bluelotuscoding.eidolonunchained.integration.DatapackCategoryExample/]: Creating empty category 'custom_research' for potential research chapters
[07Sep2025 18:52:46.659] [Render thread/INFO] [com.bluelotuscoding.eidolonunchained.integration.DatapackCategoryExample/]: ? Created empty category 'custom_research' with translation key 'eidolonunchained.codex.category.custom_research' ready for conditional content
[07Sep2025 18:52:46.659] [Render thread/INFO] [com.bluelotuscoding.eidolonunchained.integration.DatapackCategoryExample/]: ? Added datapack category 'custom_research' with JSON content
[07Sep2025 18:52:46.659] [Render thread/INFO] [com.bluelotuscoding.eidolonunchained.integration.DatapackCategoryExample/]: ? Added new category: custom_research
[07Sep2025 18:52:46.659] [Render thread/INFO] [com.bluelotuscoding.eidolonunchained.integration.DatapackCategoryExample/]: ? Scanning category file: eidolonunchained:codex/example_chants/_category.json
[07Sep2025 18:52:46.659] [Render thread/INFO] [com.bluelotuscoding.eidolonunchained.integration.DatapackCategoryExample/]: ? File namespace: 'eidolonunchained', Expected: 'eidolonunchained'
[07Sep2025 18:52:46.659] [Render thread/INFO] [com.bluelotuscoding.eidolonunchained.integration.DatapackCategoryExample/]: ? DEBUG: Path: 'codex/example_chants/_category.json', Parts: [codex, example_chants, _category.json], Length: 3
[07Sep2025 18:52:46.659] [Render thread/INFO] [com.bluelotuscoding.eidolonunchained.integration.DatapackCategoryExample/]: ? DEBUG: Extracted category key: 'example_chants'
[07Sep2025 18:52:46.660] [Render thread/INFO] [com.bluelotuscoding.eidolonunchained.integration.DatapackCategoryExample/]: ? DEBUG: Loaded category definition: com.bluelotuscoding.eidolonunchained.integration.DatapackCategoryExample$CategoryDefinition@41dcfd0
[07Sep2025 18:52:46.660] [Render thread/INFO] [com.bluelotuscoding.eidolonunchained.integration.DatapackCategoryExample/]: ? Found category definition: eidolon.codex.category.example_chants
[07Sep2025 18:52:46.660] [Render thread/INFO] [com.bluelotuscoding.eidolonunchained.integration.DatapackCategoryExample/]: Looking for entries that target chapters in category: example_chants
[07Sep2025 18:52:46.660] [Render thread/INFO] [com.bluelotuscoding.eidolonunchained.integration.DatapackCategoryExample/]: Found chapter in category 'example_chants': eidolonunchained:divine_communion
[07Sep2025 18:52:46.661] [Render thread/INFO] [com.bluelotuscoding.eidolonunchained.integration.DatapackCategoryExample/]: Found chapter in category 'example_chants': eidolonunchained:forbidden_knowledge
[07Sep2025 18:52:46.661] [Render thread/INFO] [com.bluelotuscoding.eidolonunchained.integration.DatapackCategoryExample/]: Found chapter in category 'example_chants': eidolonunchained:gaias_wrath
[07Sep2025 18:52:46.661] [Render thread/INFO] [com.bluelotuscoding.eidolonunchained.integration.DatapackCategoryExample/]: Found chapter in category 'example_chants': eidolonunchained:shadow_communion
[07Sep2025 18:52:46.661] [Render thread/INFO] [com.bluelotuscoding.eidolonunchained.integration.DatapackCategoryExample/]: Found chapter in category 'example_chants': eidolonunchained:natures_communion
[07Sep2025 18:52:46.661] [Render thread/INFO] [com.bluelotuscoding.eidolonunchained.integration.DatapackCategoryExample/]: Found chapter in category 'example_chants': eidolonunchained:divine_judgment
[07Sep2025 18:52:46.661] [Render thread/INFO] [com.bluelotuscoding.eidolonunchained.integration.DatapackCategoryExample/]: Found 1 entries for chapter 'eidolonunchained:divine_communion' in category 'example_chants'
[07Sep2025 18:52:46.661] [Render thread/INFO] [com.bluelotuscoding.eidolonunchained.integration.DatapackCategoryExample/]: Found 1 entries for chapter 'eidolonunchained:forbidden_knowledge' in category 'example_chants'
[07Sep2025 18:52:46.661] [Render thread/INFO] [com.bluelotuscoding.eidolonunchained.integration.DatapackCategoryExample/]: Found 1 entries for chapter 'eidolonunchained:gaias_wrath' in category 'example_chants'
[07Sep2025 18:52:46.661] [Render thread/INFO] [com.bluelotuscoding.eidolonunchained.integration.DatapackCategoryExample/]: Found 1 entries for chapter 'eidolonunchained:shadow_communion' in category 'example_chants'
[07Sep2025 18:52:46.661] [Render thread/INFO] [com.bluelotuscoding.eidolonunchained.integration.DatapackCategoryExample/]: Found 1 entries for chapter 'eidolonunchained:natures_communion' in category 'example_chants'
[07Sep2025 18:52:46.661] [Render thread/INFO] [com.bluelotuscoding.eidolonunchained.integration.DatapackCategoryExample/]: Found 1 entries for chapter 'eidolonunchained:divine_judgment' in category 'example_chants'
[07Sep2025 18:52:46.661] [Render thread/INFO] [com.bluelotuscoding.eidolonunchained.integration.DatapackCategoryExample/]: Creating category 'example_chants' with 6 total entries
[07Sep2025 18:52:46.670] [Render thread/INFO] [com.bluelotuscoding.eidolonunchained.integration.EidolonPageConverter/]: [DEBUG] Requested translation for key: eidolon.codex.entry.divine_communion.description
[07Sep2025 18:52:46.670] [Render thread/INFO] [com.bluelotuscoding.eidolonunchained.integration.EidolonPageConverter/]: [DEBUG] Component translation attempt: 'eidolon.codex.entry.divine_communion.description' -> 'Seek guidance from Lumina the Sacred Guardian. This blessed chant allows communication with the deity of light and protection.'
[07Sep2025 18:52:46.670] [Render thread/INFO] [com.bluelotuscoding.eidolonunchained.integration.EidolonPageConverter/]: [DEBUG] Requested translation for key: eidolon.codex.entry.forbidden_knowledge.description
[07Sep2025 18:52:46.671] [Render thread/INFO] [com.bluelotuscoding.eidolonunchained.integration.EidolonPageConverter/]: [DEBUG] Component translation attempt: 'eidolon.codex.entry.forbidden_knowledge.description' -> 'A dangerous chant that reveals hidden knowledge at a terrible price.'
[07Sep2025 18:52:46.671] [Render thread/INFO] [com.bluelotuscoding.eidolonunchained.integration.EidolonPageConverter/]: [DEBUG] Requested translation for key: eidolon.codex.entry.gaias_wrath.description
[07Sep2025 18:52:46.671] [Render thread/INFO] [com.bluelotuscoding.eidolonunchained.integration.EidolonPageConverter/]: [DEBUG] Component translation attempt: 'eidolon.codex.entry.gaias_wrath.description' -> 'A destructive chant that channels the earth's anger against those who would harm the natural world.'
[07Sep2025 18:52:46.671] [Render thread/INFO] [com.bluelotuscoding.eidolonunchained.integration.EidolonPageConverter/]: [DEBUG] Requested translation for key: eidolon.codex.entry.shadow_communion.description
[07Sep2025 18:52:46.671] [Render thread/INFO] [com.bluelotuscoding.eidolonunchained.integration.EidolonPageConverter/]: [DEBUG] Component translation attempt: 'eidolon.codex.entry.shadow_communion.description' -> 'Commune with Nyxathel the Shadow Lord through dark rituals. This chant opens a direct communication channel with the deity of shadows.'
[07Sep2025 18:52:46.672] [Render thread/INFO] [com.bluelotuscoding.eidolonunchained.integration.EidolonPageConverter/]: [DEBUG] Requested translation for key: eidolon.codex.entry.natures_communion.description
[07Sep2025 18:52:46.672] [Render thread/INFO] [com.bluelotuscoding.eidolonunchained.integration.EidolonPageConverter/]: [DEBUG] Component translation attempt: 'eidolon.codex.entry.natures_communion.description' -> 'Connect with Verdania, Guardian of Nature. This chant harmonizes your spirit with the natural world.'
[07Sep2025 18:52:46.672] [Render thread/INFO] [com.bluelotuscoding.eidolonunchained.integration.EidolonPageConverter/]: [DEBUG] Requested translation for key: eidolon.codex.entry.divine_judgment.description
[07Sep2025 18:52:46.672] [Render thread/INFO] [com.bluelotuscoding.eidolonunchained.integration.EidolonPageConverter/]: [DEBUG] Component translation attempt: 'eidolon.codex.entry.divine_judgment.description' -> 'A powerful offensive chant that calls upon divine power to destroy the wicked.'
[07Sep2025 18:52:46.672] [Render thread/INFO] [com.bluelotuscoding.eidolonunchained.integration.DatapackCategoryExample/]: ? Built category 'example_chants' with translation key 'eidolon.codex.category.example_chants' and 6 chapters
[07Sep2025 18:52:46.672] [Render thread/INFO] [com.bluelotuscoding.eidolonunchained.integration.DatapackCategoryExample/]: ? Added datapack category 'example_chants' with JSON content
[07Sep2025 18:52:46.672] [Render thread/INFO] [com.bluelotuscoding.eidolonunchained.integration.DatapackCategoryExample/]: ? Added new category: example_chants
[07Sep2025 18:52:46.672] [Render thread/INFO] [com.bluelotuscoding.eidolonunchained.integration.DatapackCategoryExample/]: ? Scanning category file: eidolonunchained:codex/examples/_category.json
[07Sep2025 18:52:46.672] [Render thread/INFO] [com.bluelotuscoding.eidolonunchained.integration.DatapackCategoryExample/]: ? File namespace: 'eidolonunchained', Expected: 'eidolonunchained'
[07Sep2025 18:52:46.672] [Render thread/INFO] [com.bluelotuscoding.eidolonunchained.integration.DatapackCategoryExample/]: ? DEBUG: Path: 'codex/examples/_category.json', Parts: [codex, examples, _category.json], Length: 3
[07Sep2025 18:52:46.673] [Render thread/INFO] [com.bluelotuscoding.eidolonunchained.integration.DatapackCategoryExample/]: ? DEBUG: Extracted category key: 'examples'
[07Sep2025 18:52:46.674] [Render thread/INFO] [com.bluelotuscoding.eidolonunchained.integration.DatapackCategoryExample/]: ? DEBUG: Loaded category definition: com.bluelotuscoding.eidolonunchained.integration.DatapackCategoryExample$CategoryDefinition@35fea0cd
[07Sep2025 18:52:46.674] [Render thread/INFO] [com.bluelotuscoding.eidolonunchained.integration.DatapackCategoryExample/]: ? Found category definition: eidolonunchained.codex.category.examples
[07Sep2025 18:52:46.674] [Render thread/INFO] [com.bluelotuscoding.eidolonunchained.integration.DatapackCategoryExample/]: Looking for entries that target chapters in category: examples
[07Sep2025 18:52:46.674] [Render thread/INFO] [com.bluelotuscoding.eidolonunchained.integration.DatapackCategoryExample/]: Found chapter in category 'examples': eidolonunchained:deity_rituals
[07Sep2025 18:52:46.674] [Render thread/INFO] [com.bluelotuscoding.eidolonunchained.integration.DatapackCategoryExample/]: Found chapter in category 'examples': eidolonunchained:getting_started
[07Sep2025 18:52:46.674] [Render thread/INFO] [com.bluelotuscoding.eidolonunchained.integration.DatapackCategoryExample/]: Found 6 entries for chapter 'eidolonunchained:deity_rituals' in category 'examples'
[07Sep2025 18:52:46.674] [Render thread/INFO] [com.bluelotuscoding.eidolonunchained.integration.DatapackCategoryExample/]: Found 3 entries for chapter 'eidolonunchained:getting_started' in category 'examples'
[07Sep2025 18:52:46.674] [Render thread/INFO] [com.bluelotuscoding.eidolonunchained.integration.DatapackCategoryExample/]: Creating category 'examples' with 9 total entries
[07Sep2025 18:52:46.675] [Render thread/INFO] [com.bluelotuscoding.eidolonunchained.integration.EidolonPageConverter/]: [DEBUG] Requested translation for key: eidolon.codex.entry.crucible_example.intro
[07Sep2025 18:52:46.675] [Render thread/INFO] [com.bluelotuscoding.eidolonunchained.integration.EidolonPageConverter/]: [DEBUG] Component translation attempt: 'eidolon.codex.entry.crucible_example.intro' -> 'The Eidolon Crucible can be used to create enhanced magical items through careful alchemical processes.'
[07Sep2025 18:52:46.675] [Render thread/INFO] [com.bluelotuscoding.eidolonunchained.integration.EidolonPageConverter/]: [DEBUG] Requested translation for key: eidolon.codex.entry.crucible_example.shadow_explanation
[07Sep2025 18:52:46.675] [Render thread/INFO] [com.bluelotuscoding.eidolonunchained.integration.EidolonPageConverter/]: [DEBUG] Component translation attempt: 'eidolon.codex.entry.crucible_example.shadow_explanation' -> 'Enhanced Shadow Gems require careful preparation using dark essence and corrupted materials.'
[07Sep2025 18:52:46.675] [Render thread/INFO] [com.bluelotuscoding.eidolonunchained.integration.EidolonPageConverter/]: [DEBUG] Requested translation for key: eidolon.codex.entry.crucible_example.nature_explanation
[07Sep2025 18:52:46.675] [Render thread/INFO] [com.bluelotuscoding.eidolonunchained.integration.EidolonPageConverter/]: [DEBUG] Component translation attempt: 'eidolon.codex.entry.crucible_example.nature_explanation' -> 'Nature Soul Gems are created by infusing natural materials with elemental energies.'
[07Sep2025 18:52:46.675] [Render thread/INFO] [com.bluelotuscoding.eidolonunchained.integration.EidolonPageConverter/]: [DEBUG] Requested translation for key: eidolon.codex.entry.deity_rituals_overview.intro
[07Sep2025 18:52:46.675] [Render thread/INFO] [com.bluelotuscoding.eidolonunchained.integration.EidolonPageConverter/]: [DEBUG] Component translation attempt: 'eidolon.codex.entry.deity_rituals_overview.intro' -> 'The three primary deities each offer unique rituals and powers to their faithful followers.'
[07Sep2025 18:52:46.675] [Render thread/INFO] [com.bluelotuscoding.eidolonunchained.integration.EidolonPageConverter/]: [DEBUG] Requested translation for key: eidolon.codex.entry.deity_rituals_overview.nature
[07Sep2025 18:52:46.676] [Render thread/INFO] [com.bluelotuscoding.eidolonunchained.integration.EidolonPageConverter/]: [DEBUG] Component translation attempt: 'eidolon.codex.entry.deity_rituals_overview.nature' -> 'Verdania, Guardian of Nature, offers growth, healing, and natural protection.'
[07Sep2025 18:52:46.676] [Render thread/INFO] [com.bluelotuscoding.eidolonunchained.integration.EidolonPageConverter/]: [DEBUG] Requested translation for key: eidolon.codex.entry.deity_rituals_overview.light
[07Sep2025 18:52:46.676] [Render thread/INFO] [com.bluelotuscoding.eidolonunchained.integration.EidolonPageConverter/]: [DEBUG] Component translation attempt: 'eidolon.codex.entry.deity_rituals_overview.light' -> 'Lumina, Sacred Guardian, provides divine protection, purification, and holy power.'
[07Sep2025 18:52:46.676] [Render thread/INFO] [com.bluelotuscoding.eidolonunchained.integration.EidolonPageConverter/]: [DEBUG] Requested translation for key: eidolon.codex.entry.deity_rituals_overview.dark
[07Sep2025 18:52:46.676] [Render thread/INFO] [com.bluelotuscoding.eidolonunchained.integration.EidolonPageConverter/]: [DEBUG] Component translation attempt: 'eidolon.codex.entry.deity_rituals_overview.dark' -> 'Nyxathel, Shadow Lord, grants forbidden knowledge, dark magic, and power over shadows.'
[07Sep2025 18:52:46.676] [Render thread/INFO] [com.bluelotuscoding.eidolonunchained.integration.EidolonPageConverter/]: [DEBUG] Requested translation for key: eidolon.codex.entry.deity_rituals_overview.tasks
[07Sep2025 18:52:46.676] [Render thread/INFO] [com.bluelotuscoding.eidolonunchained.integration.EidolonPageConverter/]: [DEBUG] Component translation attempt: 'eidolon.codex.entry.deity_rituals_overview.tasks' -> 'Each deity offers tasks and challenges that grow in complexity as your devotion increases.'
[07Sep2025 18:52:46.676] [Render thread/INFO] [com.bluelotuscoding.eidolonunchained.integration.EidolonPageConverter/]: [DEBUG] Requested translation for key: eidolon.codex.entry.enhanced_shadow_gems.intro
[07Sep2025 18:52:46.677] [Render thread/INFO] [com.bluelotuscoding.eidolonunchained.integration.EidolonPageConverter/]: [DEBUG] Component translation attempt: 'eidolon.codex.entry.enhanced_shadow_gems.intro' -> 'These powerful gems are infused with shadow magic and can be used to craft advanced items.'
[07Sep2025 18:52:46.677] [Render thread/INFO] [com.bluelotuscoding.eidolonunchained.integration.EidolonPageConverter/]: [DEBUG] Requested translation for key: eidolon.codex.entry.enhanced_shadow_gems.warning
[07Sep2025 18:52:46.677] [Render thread/INFO] [com.bluelotuscoding.eidolonunchained.integration.EidolonPageConverter/]: [DEBUG] Component translation attempt: 'eidolon.codex.entry.enhanced_shadow_gems.warning' -> 'Warning: Handling these gems requires careful preparation and protection from corruption.'
[07Sep2025 18:52:46.677] [Render thread/INFO] [com.bluelotuscoding.eidolonunchained.integration.EidolonPageConverter/]: [DEBUG] Requested translation for key: eidolon.codex.entry.light_patronage_ritual.description
[07Sep2025 18:52:46.677] [Render thread/INFO] [com.bluelotuscoding.eidolonunchained.integration.EidolonPageConverter/]: [DEBUG] Component translation attempt: 'eidolon.codex.entry.light_patronage_ritual.description' -> 'A sacred ritual to establish connection with Lumina, the Sacred Guardian.'
[07Sep2025 18:52:46.677] [Render thread/INFO] [com.bluelotuscoding.eidolonunchained.integration.EidolonPageConverter/]: [DEBUG] Requested translation for key: eidolon.codex.entry.light_patronage_ritual.effects
[07Sep2025 18:52:46.677] [Render thread/INFO] [com.bluelotuscoding.eidolonunchained.integration.EidolonPageConverter/]: [DEBUG] Component translation attempt: 'eidolon.codex.entry.light_patronage_ritual.effects' -> 'Successfully completing this ritual grants Light Patronage and allows communion with Lumina.'
[07Sep2025 18:52:46.677] [Render thread/INFO] [com.bluelotuscoding.eidolonunchained.integration.EidolonPageConverter/]: [DEBUG] Requested translation for key: eidolon.codex.entry.nature_patronage_ritual.description
[07Sep2025 18:52:46.677] [Render thread/INFO] [com.bluelotuscoding.eidolonunchained.integration.EidolonPageConverter/]: [DEBUG] Component translation attempt: 'eidolon.codex.entry.nature_patronage_ritual.description' -> 'A sacred ritual to establish connection with Verdania, Guardian of Nature.'
[07Sep2025 18:52:46.678] [Render thread/INFO] [com.bluelotuscoding.eidolonunchained.integration.EidolonPageConverter/]: [DEBUG] Requested translation for key: eidolon.codex.entry.nature_patronage_ritual.effects
[07Sep2025 18:52:46.678] [Render thread/INFO] [com.bluelotuscoding.eidolonunchained.integration.EidolonPageConverter/]: [DEBUG] Component translation attempt: 'eidolon.codex.entry.nature_patronage_ritual.effects' -> 'Successfully completing this ritual grants Nature Patronage and allows communion with Verdania.'
[07Sep2025 18:52:46.678] [Render thread/INFO] [com.bluelotuscoding.eidolonunchained.integration.EidolonPageConverter/]: [DEBUG] Requested translation for key: eidolon.codex.entry.shadow_patronage_ritual.description
[07Sep2025 18:52:46.679] [Render thread/INFO] [com.bluelotuscoding.eidolonunchained.integration.EidolonPageConverter/]: [DEBUG] Component translation attempt: 'eidolon.codex.entry.shadow_patronage_ritual.description' -> 'A dangerous ritual to establish connection with Nyxathel, the Shadow Lord.'
[07Sep2025 18:52:46.679] [Render thread/INFO] [com.bluelotuscoding.eidolonunchained.integration.EidolonPageConverter/]: [DEBUG] Requested translation for key: eidolon.codex.entry.shadow_patronage_ritual.effects
[07Sep2025 18:52:46.679] [Render thread/INFO] [com.bluelotuscoding.eidolonunchained.integration.EidolonPageConverter/]: [DEBUG] Component translation attempt: 'eidolon.codex.entry.shadow_patronage_ritual.effects' -> 'Successfully completing this ritual grants Shadow Patronage and allows communion with Nyxathel.'
[07Sep2025 18:52:46.679] [Render thread/INFO] [com.bluelotuscoding.eidolonunchained.integration.EidolonPageConverter/]: [DEBUG] Requested translation for key: eidolon.codex.entry.entity_example.description
[07Sep2025 18:52:46.679] [Render thread/INFO] [com.bluelotuscoding.eidolonunchained.integration.EidolonPageConverter/]: [DEBUG] Component translation attempt: 'eidolon.codex.entry.entity_example.description' -> 'This entry demonstrates how to display entities in the codex.'
[07Sep2025 18:52:46.679] [Render thread/INFO] [com.bluelotuscoding.eidolonunchained.integration.EidolonPageConverter/]: Creating crafting page for recipe: minecraft:crafting_table
[07Sep2025 18:52:46.679] [Render thread/INFO] [com.bluelotuscoding.eidolonunchained.integration.EidolonPageConverter/]: Successfully creating CraftingPage with item: 1 crafting_table
[07Sep2025 18:52:46.680] [Render thread/INFO] [com.bluelotuscoding.eidolonunchained.integration.EidolonPageConverter/]: [DEBUG] Requested translation for key: eidolon.codex.entry.recipe_example.explanation
[07Sep2025 18:52:46.680] [Render thread/INFO] [com.bluelotuscoding.eidolonunchained.integration.EidolonPageConverter/]: [DEBUG] Component translation attempt: 'eidolon.codex.entry.recipe_example.explanation' -> 'Recipe pages automatically display crafting grids and ingredients.'
[07Sep2025 18:52:46.680] [Render thread/INFO] [com.bluelotuscoding.eidolonunchained.integration.EidolonPageConverter/]: [DEBUG] Requested translation for key: eidolon.codex.entry.text_example.description
[07Sep2025 18:52:46.680] [Render thread/INFO] [com.bluelotuscoding.eidolonunchained.integration.EidolonPageConverter/]: [DEBUG] Component translation attempt: 'eidolon.codex.entry.text_example.description' -> 'This is a simple text example showing how to create codex entries.'
[07Sep2025 18:52:46.680] [Render thread/INFO] [com.bluelotuscoding.eidolonunchained.integration.DatapackCategoryExample/]: ? Built category 'examples' with translation key 'eidolonunchained.codex.category.examples' and 2 chapters
[07Sep2025 18:52:46.680] [Render thread/INFO] [com.bluelotuscoding.eidolonunchained.integration.DatapackCategoryExample/]: ? Added datapack category 'examples' with JSON content
[07Sep2025 18:52:46.680] [Render thread/INFO] [com.bluelotuscoding.eidolonunchained.integration.DatapackCategoryExample/]: ? Added new category: examples
[07Sep2025 18:52:46.680] [Render thread/INFO] [com.bluelotuscoding.eidolonunchained.integration.DatapackCategoryExample/]: ? Created 3 datapack categories from JSON definitions!
[07Sep2025 18:52:46.680] [Render thread/INFO] [com.bluelotuscoding.eidolonunchained.integration.EidolonCategoryExtension/]: ? Registering custom research chapters...
[07Sep2025 18:52:46.683] [Render thread/INFO] [com.bluelotuscoding.eidolonunchained.integration.DatapackResearchExample/]: ? Scanning for research chapter definitions...
[07Sep2025 18:52:46.685] [Render thread/INFO] [com.bluelotuscoding.eidolonunchained.integration.DatapackResearchExample/]: ? Found 4 research chapter files
[07Sep2025 18:52:46.685] [Render thread/INFO] [com.bluelotuscoding.eidolonunchained.integration.DatapackResearchExample/]: ? Loading research chapter: eidolonunchained:research_chapters/advanced_necromancy.json
[07Sep2025 18:52:46.687] [Render thread/INFO] [com.bluelotuscoding.eidolonunchained.integration.DatapackResearchExample/]: ? Attempting to register research chapter 'eidolonunchained:advanced_necromancy' with Eidolon...
[07Sep2025 18:52:46.687] [Render thread/INFO] [com.bluelotuscoding.eidolonunchained.integration.DatapackResearchExample/]: ? ResearchChapters class not found, trying alternative...
[07Sep2025 18:52:46.688] [Render thread/INFO] [com.bluelotuscoding.eidolonunchained.integration.DatapackResearchExample/]: ? Found CodexChapters class - may contain research registration
[07Sep2025 18:52:46.688] [Render thread/WARN] [com.bluelotuscoding.eidolonunchained.integration.DatapackResearchExample/]: ?? Research chapter registration needs proper Eidolon API discovery
[07Sep2025 18:52:46.688] [Render thread/INFO] [com.bluelotuscoding.eidolonunchained.integration.DatapackResearchExample/]: ? Would register: ID='eidolonunchained:advanced_necromancy', Title='eidolonunchained.research.chapter.advanced_necromancy.title', Icon='eidolon:deathbringer_scythe'
[07Sep2025 18:52:46.688] [Render thread/INFO] [com.bluelotuscoding.eidolonunchained.integration.DatapackResearchExample/]: ? Registered research chapter: eidolonunchained:advanced_necromancy
[07Sep2025 18:52:46.688] [Render thread/INFO] [com.bluelotuscoding.eidolonunchained.integration.DatapackResearchExample/]: ? Loading research chapter: eidolonunchained:research_chapters/divine_rituals.json
[07Sep2025 18:52:46.689] [Render thread/INFO] [com.bluelotuscoding.eidolonunchained.integration.DatapackResearchExample/]: ? Attempting to register research chapter 'divine_rituals' with Eidolon...
[07Sep2025 18:52:46.689] [Render thread/INFO] [com.bluelotuscoding.eidolonunchained.integration.DatapackResearchExample/]: ? ResearchChapters class not found, trying alternative...
[07Sep2025 18:52:46.689] [Render thread/INFO] [com.bluelotuscoding.eidolonunchained.integration.DatapackResearchExample/]: ? Found CodexChapters class - may contain research registration
[07Sep2025 18:52:46.689] [Render thread/WARN] [com.bluelotuscoding.eidolonunchained.integration.DatapackResearchExample/]: ?? Research chapter registration needs proper Eidolon API discovery
[07Sep2025 18:52:46.690] [Render thread/INFO] [com.bluelotuscoding.eidolonunchained.integration.DatapackResearchExample/]: ? Would register: ID='divine_rituals', Title='eidolonunchained.research.chapter.divine_rituals.title', Icon='eidolon:brazier'
[07Sep2025 18:52:46.690] [Render thread/INFO] [com.bluelotuscoding.eidolonunchained.integration.DatapackResearchExample/]: ? Registered research chapter: divine_rituals
[07Sep2025 18:52:46.690] [Render thread/INFO] [com.bluelotuscoding.eidolonunchained.integration.DatapackResearchExample/]: ? Loading research chapter: eidolonunchained:research_chapters/simple_examples.json
[07Sep2025 18:52:46.691] [Render thread/INFO] [com.bluelotuscoding.eidolonunchained.integration.DatapackResearchExample/]: ? Attempting to register research chapter 'simple_examples' with Eidolon...
[07Sep2025 18:52:46.691] [Render thread/INFO] [com.bluelotuscoding.eidolonunchained.integration.DatapackResearchExample/]: ? ResearchChapters class not found, trying alternative...
[07Sep2025 18:52:46.691] [Render thread/INFO] [com.bluelotuscoding.eidolonunchained.integration.DatapackResearchExample/]: ? Found CodexChapters class - may contain research registration
[07Sep2025 18:52:46.691] [Render thread/WARN] [com.bluelotuscoding.eidolonunchained.integration.DatapackResearchExample/]: ?? Research chapter registration needs proper Eidolon API discovery
[07Sep2025 18:52:46.691] [Render thread/INFO] [com.bluelotuscoding.eidolonunchained.integration.DatapackResearchExample/]: ? Would register: ID='simple_examples', Title='eidolonunchained.research.chapter.simple_examples.title', Icon='minecraft:book'
[07Sep2025 18:52:46.691] [Render thread/INFO] [com.bluelotuscoding.eidolonunchained.integration.DatapackResearchExample/]: ? Registered research chapter: simple_examples
[07Sep2025 18:52:46.691] [Render thread/INFO] [com.bluelotuscoding.eidolonunchained.integration.DatapackResearchExample/]: ? Loading research chapter: eidolonunchained:research_chapters/void_mastery.json
[07Sep2025 18:52:46.692] [Render thread/INFO] [com.bluelotuscoding.eidolonunchained.integration.DatapackResearchExample/]: ? Attempting to register research chapter 'eidolonunchained:void_mastery' with Eidolon...
[07Sep2025 18:52:46.692] [Render thread/INFO] [com.bluelotuscoding.eidolonunchained.integration.DatapackResearchExample/]: ? ResearchChapters class not found, trying alternative...
[07Sep2025 18:52:46.692] [Render thread/INFO] [com.bluelotuscoding.eidolonunchained.integration.DatapackResearchExample/]: ? Found CodexChapters class - may contain research registration
[07Sep2025 18:52:46.692] [Render thread/WARN] [com.bluelotuscoding.eidolonunchained.integration.DatapackResearchExample/]: ?? Research chapter registration needs proper Eidolon API discovery
[07Sep2025 18:52:46.693] [Render thread/INFO] [com.bluelotuscoding.eidolonunchained.integration.DatapackResearchExample/]: ? Would register: ID='eidolonunchained:void_mastery', Title='eidolonunchained.research.chapter.void_mastery.title', Icon='eidolon:void_amulet'
[07Sep2025 18:52:46.693] [Render thread/INFO] [com.bluelotuscoding.eidolonunchained.integration.DatapackResearchExample/]: ? Registered research chapter: eidolonunchained:void_mastery
[07Sep2025 18:52:46.693] [Render thread/INFO] [com.bluelotuscoding.eidolonunchained.integration.EidolonCategoryExtension/]: ? Adding custom chapters to existing categories via reflection...
[07Sep2025 18:52:46.693] [Render thread/INFO] [com.bluelotuscoding.eidolonunchained.integration.EidolonCategoryExtension/]: Found 0 custom research chapters to integrate
[07Sep2025 18:52:46.693] [Render thread/INFO] [com.bluelotuscoding.eidolonunchained.integration.EidolonCategoryExtension/]: ?? Research chapter auto-integration disabled - chapters will appear only when prerequisites are met
[07Sep2025 18:52:46.693] [Render thread/INFO] [com.bluelotuscoding.eidolonunchained.integration.EidolonCategoryExtension/]: ? Custom chapter integration complete (research chapters excluded)
[07Sep2025 18:52:46.693] [Render thread/INFO] [com.bluelotuscoding.eidolonunchained.integration.EidolonCategoryExtension/]: ? Successfully completed category scanning with loaded resources!
[07Sep2025 18:52:46.693] [Render thread/INFO] [com.bluelotuscoding.eidolonunchained.data.CodexDataManager/]: Successfully triggered category scanning
[07Sep2025 18:52:46.693] [Render thread/INFO] [com.bluelotuscoding.eidolonunchained.data.DatapackDeityManager/]: Loading datapack deities...
[07Sep2025 18:52:46.693] [Render thread/INFO] [com.bluelotuscoding.eidolonunchained.data.DatapackDeityManager/]: Registered datapack deity: eidolonunchained:dark_deity (Nyxathel, Shadow Lord)
[07Sep2025 18:52:46.694] [Render thread/INFO] [com.bluelotuscoding.eidolonunchained.data.DatapackDeityManager/]: Registered datapack deity: eidolonunchained:light_deity (Lumina, Sacred Guardian)
[07Sep2025 18:52:46.694] [Render thread/INFO] [com.bluelotuscoding.eidolonunchained.data.DatapackDeityManager/]: Registered datapack deity: eidolonunchained:nature_deity (Verdania, Guardian of Nature)
[07Sep2025 18:52:46.694] [Render thread/INFO] [com.bluelotuscoding.eidolonunchained.data.DatapackDeityManager/]: Loaded 3 datapack deities with 0 errors
[07Sep2025 18:52:46.694] [Render thread/INFO] [com.bluelotuscoding.eidolonunchained.integration.DeityProgressionCodexIntegration/]: Creating codex entries for deity progression stages...
[07Sep2025 18:52:46.695] [Render thread/INFO] [com.bluelotuscoding.eidolonunchained.integration.EidolonCategoryExtension/]: Added 3 entries to existing category
[07Sep2025 18:52:46.695] [Render thread/INFO] [com.bluelotuscoding.eidolonunchained.integration.DeityProgressionCodexIntegration/]: Added 3 progression entries to theurgy category for deity eidolonunchained:dark_deity
[07Sep2025 18:52:46.695] [Render thread/INFO] [com.bluelotuscoding.eidolonunchained.integration.EidolonCategoryExtension/]: Added 3 entries to existing category
[07Sep2025 18:52:46.695] [Render thread/INFO] [com.bluelotuscoding.eidolonunchained.integration.DeityProgressionCodexIntegration/]: Added 3 progression entries to theurgy category for deity eidolonunchained:nature_deity
[07Sep2025 18:52:46.695] [Render thread/INFO] [com.bluelotuscoding.eidolonunchained.integration.EidolonCategoryExtension/]: Added 3 entries to existing category
[07Sep2025 18:52:46.695] [Render thread/INFO] [com.bluelotuscoding.eidolonunchained.integration.DeityProgressionCodexIntegration/]: Added 3 progression entries to theurgy category for deity eidolonunchained:light_deity
[07Sep2025 18:52:46.695] [Render thread/INFO] [com.bluelotuscoding.eidolonunchained.integration.DeityProgressionCodexIntegration/]: Deity progression codex integration complete
[07Sep2025 18:52:46.695] [Render thread/INFO] [com.bluelotuscoding.eidolonunchained.ai.AIDeityManager/]: Deities loaded, linking AI configurations...
[07Sep2025 18:52:46.695] [Render thread/INFO] [com.bluelotuscoding.eidolonunchained.ai.AIDeityManager/]: No pending AI configurations to link
[07Sep2025 18:52:46.695] [Render thread/INFO] [com.bluelotuscoding.eidolonunchained.data.EidolonResearchDataManager/]: Loading datapack Eidolon research definitions...
[07Sep2025 18:52:46.696] [Render thread/INFO] [com.bluelotuscoding.eidolonunchained.data.EidolonResearchDataManager/]: Loaded 0 Eidolon research definitions with 0 errors
[07Sep2025 18:52:46.701] [Render thread/INFO] [com.bluelotuscoding.eidolonunchained.data.ResearchDataManager/]: Attempting to load research chapter from resource: eidolonunchained:research_chapters/simple_examples.json (namespace: eidolonunchained, path: research_chapters/simple_examples.json)
[07Sep2025 18:52:46.701] [Render thread/INFO] [com.bluelotuscoding.eidolonunchained.data.ResearchDataManager/]: Registering research chapter: eidolonunchained:simple_examples (title: translation{key='eidolonunchained.research.chapter.simple_examples.title', args=[]}, icon: 0 air, sortOrder: 0, secret: false, background: null, category: custom_research)
[07Sep2025 18:52:46.702] [Render thread/INFO] [com.bluelotuscoding.eidolonunchained.data.ResearchDataManager/]: Loaded research chapter eidolonunchained:simple_examples
[07Sep2025 18:52:46.702] [Render thread/INFO] [com.bluelotuscoding.eidolonunchained.data.ResearchDataManager/]: Attempting to load research chapter from resource: eidolonunchained:research_chapters/advanced_necromancy.json (namespace: eidolonunchained, path: research_chapters/advanced_necromancy.json)
[07Sep2025 18:52:46.702] [Render thread/INFO] [com.bluelotuscoding.eidolonunchained.data.ResearchDataManager/]: Registering research chapter: eidolonunchained:advanced_necromancy (title: translation{key='eidolonunchained.research.chapter.advanced_necromancy.title', args=[]}, icon: 1 deathbringer_scythe, sortOrder: 100, secret: false, background: null, category: spells)
[07Sep2025 18:52:46.702] [Render thread/INFO] [com.bluelotuscoding.eidolonunchained.data.ResearchDataManager/]: Loaded research chapter eidolonunchained:advanced_necromancy
[07Sep2025 18:52:46.702] [Render thread/INFO] [com.bluelotuscoding.eidolonunchained.data.ResearchDataManager/]: Attempting to load research chapter from resource: eidolonunchained:research_chapters/void_mastery.json (namespace: eidolonunchained, path: research_chapters/void_mastery.json)
[07Sep2025 18:52:46.702] [Render thread/INFO] [com.bluelotuscoding.eidolonunchained.data.ResearchDataManager/]: Registering research chapter: eidolonunchained:void_mastery (title: translation{key='eidolonunchained.research.chapter.void_mastery.title', args=[]}, icon: 1 void_amulet, sortOrder: 110, secret: false, background: null, category: spells)
[07Sep2025 18:52:46.702] [Render thread/INFO] [com.bluelotuscoding.eidolonunchained.data.ResearchDataManager/]: Loaded research chapter eidolonunchained:void_mastery
[07Sep2025 18:52:46.702] [Render thread/INFO] [com.bluelotuscoding.eidolonunchained.data.ResearchDataManager/]: Attempting to load research chapter from resource: eidolonunchained:research_chapters/divine_rituals.json (namespace: eidolonunchained, path: research_chapters/divine_rituals.json)
[07Sep2025 18:52:46.702] [Render thread/INFO] [com.bluelotuscoding.eidolonunchained.data.ResearchDataManager/]: Registering research chapter: eidolonunchained:divine_rituals (title: translation{key='eidolonunchained.research.chapter.divine_rituals.title', args=[]}, icon: 0 air, sortOrder: 0, secret: false, background: null, category: custom_research)
[07Sep2025 18:52:46.702] [Render thread/INFO] [com.bluelotuscoding.eidolonunchained.data.ResearchDataManager/]: Loaded research chapter eidolonunchained:divine_rituals
[07Sep2025 18:52:46.702] [Render thread/INFO] [com.bluelotuscoding.eidolonunchained.data.ResearchDataManager/]: Converting 8 codex chapters to research chapters
[07Sep2025 18:52:46.702] [Render thread/INFO] [com.bluelotuscoding.eidolonunchained.data.ResearchDataManager/]: Converted codex chapter eidolonunchained:divine_communion to research chapter
[07Sep2025 18:52:46.702] [Render thread/INFO] [com.bluelotuscoding.eidolonunchained.data.ResearchDataManager/]: Converted codex chapter eidolonunchained:forbidden_knowledge to research chapter
[07Sep2025 18:52:46.703] [Render thread/INFO] [com.bluelotuscoding.eidolonunchained.data.ResearchDataManager/]: Converted codex chapter eidolonunchained:gaias_wrath to research chapter
[07Sep2025 18:52:46.703] [Render thread/INFO] [com.bluelotuscoding.eidolonunchained.data.ResearchDataManager/]: Converted codex chapter eidolonunchained:shadow_communion to research chapter
[07Sep2025 18:52:46.703] [Render thread/INFO] [com.bluelotuscoding.eidolonunchained.data.ResearchDataManager/]: Converted codex chapter eidolonunchained:natures_communion to research chapter
[07Sep2025 18:52:46.703] [Render thread/INFO] [com.bluelotuscoding.eidolonunchained.data.ResearchDataManager/]: Converted codex chapter eidolonunchained:divine_judgment to research chapter
[07Sep2025 18:52:46.703] [Render thread/INFO] [com.bluelotuscoding.eidolonunchained.data.ResearchDataManager/]: Converted codex chapter eidolonunchained:deity_rituals to research chapter
[07Sep2025 18:52:46.703] [Render thread/INFO] [com.bluelotuscoding.eidolonunchained.data.ResearchDataManager/]: Converted codex chapter eidolonunchained:getting_started to research chapter
[07Sep2025 18:52:46.703] [Render thread/INFO] [com.bluelotuscoding.eidolonunchained.data.ResearchDataManager/]: Processing 3 research files from reload listener
[07Sep2025 18:52:46.703] [Render thread/INFO] [com.bluelotuscoding.eidolonunchained.data.ResearchDataManager/]: Processing research file: eidolonunchained:nature_blessing_ritual
[07Sep2025 18:52:46.703] [Render thread/INFO] [com.bluelotuscoding.eidolonunchained.data.ResearchDataManager/]: Loading research entry from eidolonunchained:nature_blessing_ritual
[07Sep2025 18:52:46.703] [Render thread/INFO] [com.bluelotuscoding.eidolonunchained.data.ResearchDataManager/]: Research entry eidolonunchained:nature_blessing_ritual - checking format...
[07Sep2025 18:52:46.703] [Render thread/INFO] [com.bluelotuscoding.eidolonunchained.data.ResearchDataManager/]: Has 'triggers': true, Has 'stars': true, Has 'chapter': false, Has 'target_chapter': false
[07Sep2025 18:52:46.703] [Render thread/INFO] [com.bluelotuscoding.eidolonunchained.data.ResearchDataManager/]: Detected trigger-based research: eidolonunchained:nature_blessing_ritual
[07Sep2025 18:52:46.706] [Render thread/INFO] [com.bluelotuscoding.eidolonunchained.data.ResearchDataManager/]: Loaded trigger-based research: eidolonunchained:nature_blessing_ritual
[07Sep2025 18:52:46.707] [Render thread/INFO] [com.bluelotuscoding.eidolonunchained.data.ResearchDataManager/]: Processing research file: eidolonunchained:divine_ritual_discovery
[07Sep2025 18:52:46.707] [Render thread/INFO] [com.bluelotuscoding.eidolonunchained.data.ResearchDataManager/]: Loading research entry from eidolonunchained:divine_ritual_discovery
[07Sep2025 18:52:46.707] [Render thread/INFO] [com.bluelotuscoding.eidolonunchained.data.ResearchDataManager/]: Research entry eidolonunchained:divine_ritual_discovery - checking format...
[07Sep2025 18:52:46.707] [Render thread/INFO] [com.bluelotuscoding.eidolonunchained.data.ResearchDataManager/]: Has 'triggers': true, Has 'stars': true, Has 'chapter': false, Has 'target_chapter': false
[07Sep2025 18:52:46.707] [Render thread/INFO] [com.bluelotuscoding.eidolonunchained.data.ResearchDataManager/]: Detected trigger-based research: eidolonunchained:divine_ritual_discovery
[07Sep2025 18:52:46.707] [Render thread/WARN] [com.bluelotuscoding.eidolonunchained.data.ResearchDataManager/]: Unknown task type 'ritual_completion' in research eidolonunchained:divine_ritual_discovery
[07Sep2025 18:52:46.707] [Render thread/WARN] [com.bluelotuscoding.eidolonunchained.data.ResearchDataManager/]: Unknown task type 'ritual_completion' in research eidolonunchained:divine_ritual_discovery
[07Sep2025 18:52:46.707] [Render thread/WARN] [com.bluelotuscoding.eidolonunchained.data.ResearchDataManager/]: Unknown task type 'ritual_completion' in research eidolonunchained:divine_ritual_discovery
[07Sep2025 18:52:46.707] [Render thread/INFO] [com.bluelotuscoding.eidolonunchained.data.ResearchDataManager/]: Loaded trigger-based research: eidolonunchained:divine_ritual_discovery
[07Sep2025 18:52:46.707] [Render thread/INFO] [com.bluelotuscoding.eidolonunchained.data.ResearchDataManager/]: Processing research file: eidolonunchained:simple_research_example
[07Sep2025 18:52:46.707] [Render thread/INFO] [com.bluelotuscoding.eidolonunchained.data.ResearchDataManager/]: Loading research entry from eidolonunchained:simple_research_example
[07Sep2025 18:52:46.707] [Render thread/INFO] [com.bluelotuscoding.eidolonunchained.data.ResearchDataManager/]: Research entry eidolonunchained:simple_research_example - checking format...
[07Sep2025 18:52:46.707] [Render thread/INFO] [com.bluelotuscoding.eidolonunchained.data.ResearchDataManager/]: Has 'triggers': true, Has 'stars': true, Has 'chapter': false, Has 'target_chapter': false
[07Sep2025 18:52:46.707] [Render thread/INFO] [com.bluelotuscoding.eidolonunchained.data.ResearchDataManager/]: Detected trigger-based research: eidolonunchained:simple_research_example
[07Sep2025 18:52:46.707] [Render thread/INFO] [com.bluelotuscoding.eidolonunchained.data.ResearchDataManager/]: Loaded trigger-based research: eidolonunchained:simple_research_example
[07Sep2025 18:52:46.707] [Render thread/INFO] [com.bluelotuscoding.eidolonunchained.data.ResearchDataManager/]: Loaded 12 research chapters, 3 research entries with 0 errors
[07Sep2025 18:52:46.707] [Render thread/INFO] [com.bluelotuscoding.eidolonunchained.data.ResearchDataManager/]: Resource loading complete - triggering Eidolon research integration (client-side)
[07Sep2025 18:52:46.711] [Render thread/INFO] [com.bluelotuscoding.eidolonunchained.integration.EidolonResearchIntegration/]: Attempting to register 13 custom research chapters
[07Sep2025 18:52:46.711] [Render thread/INFO] [com.bluelotuscoding.eidolonunchained.integration.EidolonResearchIntegration/]: ? Research chapter prepared for integration: eidolonunchained:divine_communion
[07Sep2025 18:52:46.711] [Render thread/INFO] [com.bluelotuscoding.eidolonunchained.integration.EidolonResearchIntegration/]: ? Research chapter prepared for integration: eidolonunchained:forbidden_knowledge
[07Sep2025 18:52:46.711] [Render thread/INFO] [com.bluelotuscoding.eidolonunchained.integration.EidolonResearchIntegration/]: ? Research chapter prepared for integration: eidolonunchained:advanced_necromancy
[07Sep2025 18:52:46.711] [Render thread/INFO] [com.bluelotuscoding.eidolonunchained.integration.EidolonResearchIntegration/]: ? Research chapter prepared for integration: eidolonunchained:shadow_communion
[07Sep2025 18:52:46.711] [Render thread/INFO] [com.bluelotuscoding.eidolonunchained.integration.EidolonResearchIntegration/]: ? Research chapter prepared for integration: eidolonunchained:simple_examples
[07Sep2025 18:52:46.711] [Render thread/INFO] [com.bluelotuscoding.eidolonunchained.integration.EidolonResearchIntegration/]: ? Research chapter prepared for integration: eidolonunchained:void_mastery
[07Sep2025 18:52:46.711] [Render thread/INFO] [com.bluelotuscoding.eidolonunchained.integration.EidolonResearchIntegration/]: ? Research chapter prepared for integration: eidolonunchained:divine_rituals
[07Sep2025 18:52:46.712] [Render thread/INFO] [com.bluelotuscoding.eidolonunchained.integration.EidolonResearchIntegration/]: ? Research chapter prepared for integration: eidolonunchained:gaias_wrath
[07Sep2025 18:52:46.712] [Render thread/INFO] [com.bluelotuscoding.eidolonunchained.integration.EidolonResearchIntegration/]: ? Research chapter prepared for integration: eidolonunchained:trigger_research
[07Sep2025 18:52:46.712] [Render thread/INFO] [com.bluelotuscoding.eidolonunchained.integration.EidolonResearchIntegration/]: ? Research chapter prepared for integration: eidolonunchained:natures_communion
[07Sep2025 18:52:46.712] [Render thread/INFO] [com.bluelotuscoding.eidolonunchained.integration.EidolonResearchIntegration/]: ? Research chapter prepared for integration: eidolonunchained:divine_judgment
[07Sep2025 18:52:46.712] [Render thread/INFO] [com.bluelotuscoding.eidolonunchained.integration.EidolonResearchIntegration/]: ? Research chapter prepared for integration: eidolonunchained:deity_rituals
[07Sep2025 18:52:46.712] [Render thread/INFO] [com.bluelotuscoding.eidolonunchained.integration.EidolonResearchIntegration/]: ? Research chapter prepared for integration: eidolonunchained:getting_started
[07Sep2025 18:52:46.712] [Render thread/INFO] [com.bluelotuscoding.eidolonunchained.integration.EidolonResearchIntegration/]: Attempting to inject 3 custom research entries
[07Sep2025 18:52:46.712] [Render thread/INFO] [com.bluelotuscoding.eidolonunchained.integration.EidolonResearchIntegration/]: ? Injected research entry: eidolonunchained:divine_ritual_discovery
[07Sep2025 18:52:46.712] [Render thread/INFO] [com.bluelotuscoding.eidolonunchained.integration.EidolonResearchIntegration/]: ? Injected research entry: eidolonunchained:simple_research_example
[07Sep2025 18:52:46.712] [Render thread/INFO] [com.bluelotuscoding.eidolonunchained.integration.EidolonResearchIntegration/]: ? Injected research entry: eidolonunchained:nature_blessing_ritual
[07Sep2025 18:52:46.712] [Render thread/INFO] [com.bluelotuscoding.eidolonunchained.integration.EidolonResearchIntegration/]: Research integration complete!
[07Sep2025 18:52:46.713] [Render thread/INFO] [com.bluelotuscoding.eidolonunchained.data.RitualDataManager/]: Loading ritual recipes from datapacks...
[07Sep2025 18:52:46.713] [Render thread/INFO] [com.bluelotuscoding.eidolonunchained.data.RitualDataManager/]: Loaded 0 ritual recipes
[07Sep2025 18:52:46.713] [Render thread/WARN] [com.bluelotuscoding.eidolonunchained.data.RitualDataManager/]: Eidolon not available, skipping ritual registration
[07Sep2025 18:52:47.252] [Server thread/INFO] [net.minecraft.client.server.IntegratedServer/]: Starting integrated minecraft server version 1.20.1
[07Sep2025 18:52:47.254] [Server thread/INFO] [net.minecraft.server.MinecraftServer/]: Generating keypair
[07Sep2025 18:52:49.650] [Server thread/INFO] [net.minecraft.server.MinecraftServer/]: Preparing start region for dimension minecraft:overworld
[07Sep2025 18:52:52.738] [Render thread/INFO] [net.minecraft.server.level.progress.LoggerChunkProgressListener/]: Preparing spawn area: 0%
[07Sep2025 18:52:52.738] [Render thread/INFO] [net.minecraft.server.level.progress.LoggerChunkProgressListener/]: Preparing spawn area: 0%
[07Sep2025 18:52:52.738] [Render thread/INFO] [net.minecraft.server.level.progress.LoggerChunkProgressListener/]: Preparing spawn area: 0%
[07Sep2025 18:52:52.739] [Render thread/INFO] [net.minecraft.server.level.progress.LoggerChunkProgressListener/]: Preparing spawn area: 0%
[07Sep2025 18:52:52.739] [Render thread/INFO] [net.minecraft.server.level.progress.LoggerChunkProgressListener/]: Preparing spawn area: 0%
[07Sep2025 18:52:52.739] [Render thread/INFO] [net.minecraft.server.level.progress.LoggerChunkProgressListener/]: Preparing spawn area: 0%
[07Sep2025 18:52:52.739] [Render thread/INFO] [net.minecraft.server.level.progress.LoggerChunkProgressListener/]: Preparing spawn area: 0%
[07Sep2025 18:52:53.172] [Render thread/INFO] [net.minecraft.server.level.progress.LoggerChunkProgressListener/]: Preparing spawn area: 9%
[07Sep2025 18:52:53.685] [Render thread/INFO] [net.minecraft.server.level.progress.LoggerChunkProgressListener/]: Preparing spawn area: 96%
[07Sep2025 18:52:53.685] [Render thread/INFO] [net.minecraft.server.level.progress.LoggerChunkProgressListener/]: Time elapsed: 4016 ms
[07Sep2025 18:52:53.686] [Server thread/INFO] [net.minecraftforge.server.permission.PermissionAPI/]: Successfully initialized permission handler forge:default_handler
[07Sep2025 18:52:53.686] [Server thread/INFO] [com.bluelotuscoding.eidolonunchained.EidolonUnchained/]: Eidolon Unchained server starting...
[07Sep2025 18:52:53.686] [Server thread/INFO] [com.bluelotuscoding.eidolonunchained.EidolonUnchained/]: About to log loaded data...
[07Sep2025 18:52:53.686] [Server thread/INFO] [com.bluelotuscoding.eidolonunchained.data.CodexDataManager/]: Server started - loaded 15 custom codex entries extending 8 chapters and 8 new chapters
[07Sep2025 18:52:53.686] [Server thread/INFO] [com.bluelotuscoding.eidolonunchained.data.CodexDataManager/]: Chapter 'eidolonunchained:forbidden_knowledge' extended with 1 entries: [eidolonunchained:codex_entries/forbidden_knowledge.json]
[07Sep2025 18:52:53.687] [Server thread/INFO] [com.bluelotuscoding.eidolonunchained.data.CodexDataManager/]: Chapter 'eidolonunchained:divine_communion' extended with 1 entries: [eidolonunchained:codex_entries/divine_communion.json]
[07Sep2025 18:52:53.687] [Server thread/INFO] [com.bluelotuscoding.eidolonunchained.data.CodexDataManager/]: Chapter 'eidolonunchained:gaias_wrath' extended with 1 entries: [eidolonunchained:codex_entries/gaias_wrath.json]
[07Sep2025 18:52:53.687] [Server thread/INFO] [com.bluelotuscoding.eidolonunchained.data.CodexDataManager/]: Chapter 'eidolonunchained:shadow_communion' extended with 1 entries: [eidolonunchained:codex_entries/shadow_communion.json]
[07Sep2025 18:52:53.687] [Server thread/INFO] [com.bluelotuscoding.eidolonunchained.data.CodexDataManager/]: Chapter 'eidolonunchained:natures_communion' extended with 1 entries: [eidolonunchained:codex_entries/natures_communion.json]
[07Sep2025 18:52:53.687] [Server thread/INFO] [com.bluelotuscoding.eidolonunchained.data.CodexDataManager/]: Chapter 'eidolonunchained:getting_started' extended with 3 entries: [eidolonunchained:codex_entries/entity_example.json, eidolonunchained:codex_entries/recipe_example.json, eidolonunchained:codex_entries/text_example.json]
[07Sep2025 18:52:53.687] [Server thread/INFO] [com.bluelotuscoding.eidolonunchained.data.CodexDataManager/]: Chapter 'eidolonunchained:divine_judgment' extended with 1 entries: [eidolonunchained:codex_entries/divine_judgment.json]
[07Sep2025 18:52:53.687] [Server thread/INFO] [com.bluelotuscoding.eidolonunchained.data.CodexDataManager/]: Chapter 'eidolonunchained:deity_rituals' extended with 6 entries: [eidolonunchained:codex_entries/crucible_example.json, eidolonunchained:codex_entries/deity_rituals_overview.json, eidolonunchained:codex_entries/enhanced_shadow_gems.json, eidolonunchained:codex_entries/light_patronage_ritual.json, eidolonunchained:codex_entries/nature_patronage_ritual.json, eidolonunchained:codex_entries/shadow_patronage_ritual.json]
[07Sep2025 18:52:53.687] [Server thread/INFO] [com.bluelotuscoding.eidolonunchained.data.CodexDataManager/]: Custom chapters: [eidolonunchained:divine_communion, eidolonunchained:forbidden_knowledge, eidolonunchained:gaias_wrath, eidolonunchained:shadow_communion, eidolonunchained:natures_communion, eidolonunchained:divine_judgment, eidolonunchained:deity_rituals, eidolonunchained:getting_started]
[07Sep2025 18:52:53.687] [Server thread/INFO] [com.bluelotuscoding.eidolonunchained.data.ResearchDataManager/]: Server started - loaded 13 custom research chapters and 3 research entries
[07Sep2025 18:52:53.687] [Server thread/INFO] [com.bluelotuscoding.eidolonunchained.EidolonUnchained/]: About to attempt integration...
[07Sep2025 18:52:53.687] [Server thread/INFO] [com.bluelotuscoding.eidolonunchained.EidolonUnchained/]: Calling attemptIntegrationIfNeeded (client-side)...
[07Sep2025 18:52:53.687] [Server thread/INFO] [com.bluelotuscoding.eidolonunchained.integration.EidolonCodexIntegration/]: Starting Eidolon codex integration...
[07Sep2025 18:52:53.687] [Server thread/INFO] [com.bluelotuscoding.eidolonunchained.integration.EidolonPageConverter/]: EidolonPageConverter initialized - using direct Eidolon class constructors
[07Sep2025 18:52:53.689] [Server thread/INFO] [com.bluelotuscoding.eidolonunchained.integration.EidolonPageConverter/]: Loaded 355 translation keys from language file
[07Sep2025 18:52:53.689] [Server thread/INFO] [com.bluelotuscoding.eidolonunchained.integration.EidolonPageConverter/]: Translation cache loaded with 355 entries
[07Sep2025 18:52:53.689] [Server thread/INFO] [com.bluelotuscoding.eidolonunchained.integration.EidolonPageConverter/]: [DEBUG] Looking up direct translation for key: eidolonunchained.codex.entry.text_example.title
[07Sep2025 18:52:53.689] [Server thread/INFO] [com.bluelotuscoding.eidolonunchained.integration.EidolonPageConverter/]: [DEBUG] No direct translation found for 'eidolonunchained.codex.entry.text_example.title'.
[07Sep2025 18:52:53.689] [Server thread/INFO] [com.bluelotuscoding.eidolonunchained.integration.EidolonPageConverter/]: Test translation for 'eidolonunchained.codex.entry.text_example.title': 'null'
[07Sep2025 18:52:53.689] [Server thread/INFO] [com.bluelotuscoding.eidolonunchained.integration.EidolonCodexIntegration/]: === Starting custom entry injection ===
[07Sep2025 18:52:53.689] [Server thread/INFO] [com.bluelotuscoding.eidolonunchained.integration.EidolonCodexIntegration/]: Found 8 loaded chapter extensions from CodexDataManager
[07Sep2025 18:52:53.689] [Server thread/INFO] [com.bluelotuscoding.eidolonunchained.integration.EidolonCodexIntegration/]: Injecting entries for 8 chapters
[07Sep2025 18:52:53.689] [Server thread/INFO] [com.bluelotuscoding.eidolonunchained.integration.EidolonCodexIntegration/]: Processing chapter eidolonunchained:forbidden_knowledge with 1 entries
[07Sep2025 18:52:53.689] [Server thread/INFO] [com.bluelotuscoding.eidolonunchained.integration.EidolonCodexIntegration/]: Found custom chapter definition for 'eidolonunchained:forbidden_knowledge', checking if already registered in Eidolon system
[07Sep2025 18:52:53.689] [Server thread/WARN] [com.bluelotuscoding.eidolonunchained.integration.EidolonCodexIntegration/]: Failed to search for chapter 'eidolonunchained:forbidden_knowledge' in Eidolon system: elucent.eidolon.codex.Codex
[07Sep2025 18:52:53.689] [Server thread/INFO] [com.bluelotuscoding.eidolonunchained.integration.EidolonCodexIntegration/]: Chapter definition exists but not yet registered - will create new chapter
[07Sep2025 18:52:53.690] [Server thread/ERROR] [com.bluelotuscoding.eidolonunchained.integration.EidolonCodexIntegration/]: Target chapter 'eidolonunchained:forbidden_knowledge' not found in Eidolon chapters or custom chapters. Check chapter definitions.
[07Sep2025 18:52:53.690] [Server thread/ERROR] [com.bluelotuscoding.eidolonunchained.integration.EidolonCodexIntegration/]: Available custom chapters: [eidolonunchained:divine_communion, eidolonunchained:forbidden_knowledge, eidolonunchained:gaias_wrath, eidolonunchained:shadow_communion, eidolonunchained:natures_communion, eidolonunchained:divine_judgment, eidolonunchained:deity_rituals, eidolonunchained:getting_started]
[07Sep2025 18:52:53.690] [Server thread/INFO] [com.bluelotuscoding.eidolonunchained.integration.EidolonCodexIntegration/]: Processing chapter eidolonunchained:divine_communion with 1 entries
[07Sep2025 18:52:53.690] [Server thread/INFO] [com.bluelotuscoding.eidolonunchained.integration.EidolonCodexIntegration/]: Found custom chapter definition for 'eidolonunchained:divine_communion', checking if already registered in Eidolon system
[07Sep2025 18:52:53.690] [Server thread/WARN] [com.bluelotuscoding.eidolonunchained.integration.EidolonCodexIntegration/]: Failed to search for chapter 'eidolonunchained:divine_communion' in Eidolon system: elucent.eidolon.codex.Codex
[07Sep2025 18:52:53.690] [Server thread/INFO] [com.bluelotuscoding.eidolonunchained.integration.EidolonCodexIntegration/]: Chapter definition exists but not yet registered - will create new chapter
[07Sep2025 18:52:53.690] [Server thread/ERROR] [com.bluelotuscoding.eidolonunchained.integration.EidolonCodexIntegration/]: Target chapter 'eidolonunchained:divine_communion' not found in Eidolon chapters or custom chapters. Check chapter definitions.
[07Sep2025 18:52:53.690] [Server thread/ERROR] [com.bluelotuscoding.eidolonunchained.integration.EidolonCodexIntegration/]: Available custom chapters: [eidolonunchained:divine_communion, eidolonunchained:forbidden_knowledge, eidolonunchained:gaias_wrath, eidolonunchained:shadow_communion, eidolonunchained:natures_communion, eidolonunchained:divine_judgment, eidolonunchained:deity_rituals, eidolonunchained:getting_started]
[07Sep2025 18:52:53.690] [Server thread/INFO] [com.bluelotuscoding.eidolonunchained.integration.EidolonCodexIntegration/]: Processing chapter eidolonunchained:gaias_wrath with 1 entries
[07Sep2025 18:52:53.690] [Server thread/INFO] [com.bluelotuscoding.eidolonunchained.integration.EidolonCodexIntegration/]: Found custom chapter definition for 'eidolonunchained:gaias_wrath', checking if already registered in Eidolon system
[07Sep2025 18:52:53.690] [Server thread/WARN] [com.bluelotuscoding.eidolonunchained.integration.EidolonCodexIntegration/]: Failed to search for chapter 'eidolonunchained:gaias_wrath' in Eidolon system: elucent.eidolon.codex.Codex
[07Sep2025 18:52:53.690] [Server thread/INFO] [com.bluelotuscoding.eidolonunchained.integration.EidolonCodexIntegration/]: Chapter definition exists but not yet registered - will create new chapter
[07Sep2025 18:52:53.690] [Server thread/ERROR] [com.bluelotuscoding.eidolonunchained.integration.EidolonCodexIntegration/]: Target chapter 'eidolonunchained:gaias_wrath' not found in Eidolon chapters or custom chapters. Check chapter definitions.
[07Sep2025 18:52:53.690] [Server thread/ERROR] [com.bluelotuscoding.eidolonunchained.integration.EidolonCodexIntegration/]: Available custom chapters: [eidolonunchained:divine_communion, eidolonunchained:forbidden_knowledge, eidolonunchained:gaias_wrath, eidolonunchained:shadow_communion, eidolonunchained:natures_communion, eidolonunchained:divine_judgment, eidolonunchained:deity_rituals, eidolonunchained:getting_started]
[07Sep2025 18:52:53.691] [Server thread/INFO] [com.bluelotuscoding.eidolonunchained.integration.EidolonCodexIntegration/]: Processing chapter eidolonunchained:shadow_communion with 1 entries
[07Sep2025 18:52:53.691] [Server thread/INFO] [com.bluelotuscoding.eidolonunchained.integration.EidolonCodexIntegration/]: Found custom chapter definition for 'eidolonunchained:shadow_communion', checking if already registered in Eidolon system
[07Sep2025 18:52:53.691] [Server thread/WARN] [com.bluelotuscoding.eidolonunchained.integration.EidolonCodexIntegration/]: Failed to search for chapter 'eidolonunchained:shadow_communion' in Eidolon system: elucent.eidolon.codex.Codex
[07Sep2025 18:52:53.691] [Server thread/INFO] [com.bluelotuscoding.eidolonunchained.integration.EidolonCodexIntegration/]: Chapter definition exists but not yet registered - will create new chapter
[07Sep2025 18:52:53.691] [Server thread/ERROR] [com.bluelotuscoding.eidolonunchained.integration.EidolonCodexIntegration/]: Target chapter 'eidolonunchained:shadow_communion' not found in Eidolon chapters or custom chapters. Check chapter definitions.
[07Sep2025 18:52:53.692] [Server thread/ERROR] [com.bluelotuscoding.eidolonunchained.integration.EidolonCodexIntegration/]: Available custom chapters: [eidolonunchained:divine_communion, eidolonunchained:forbidden_knowledge, eidolonunchained:gaias_wrath, eidolonunchained:shadow_communion, eidolonunchained:natures_communion, eidolonunchained:divine_judgment, eidolonunchained:deity_rituals, eidolonunchained:getting_started]
[07Sep2025 18:52:53.692] [Server thread/INFO] [com.bluelotuscoding.eidolonunchained.integration.EidolonCodexIntegration/]: Processing chapter eidolonunchained:natures_communion with 1 entries
[07Sep2025 18:52:53.692] [Server thread/INFO] [com.bluelotuscoding.eidolonunchained.integration.EidolonCodexIntegration/]: Found custom chapter definition for 'eidolonunchained:natures_communion', checking if already registered in Eidolon system
[07Sep2025 18:52:53.692] [Server thread/WARN] [com.bluelotuscoding.eidolonunchained.integration.EidolonCodexIntegration/]: Failed to search for chapter 'eidolonunchained:natures_communion' in Eidolon system: elucent.eidolon.codex.Codex
[07Sep2025 18:52:53.692] [Server thread/INFO] [com.bluelotuscoding.eidolonunchained.integration.EidolonCodexIntegration/]: Chapter definition exists but not yet registered - will create new chapter
[07Sep2025 18:52:53.692] [Server thread/ERROR] [com.bluelotuscoding.eidolonunchained.integration.EidolonCodexIntegration/]: Target chapter 'eidolonunchained:natures_communion' not found in Eidolon chapters or custom chapters. Check chapter definitions.
[07Sep2025 18:52:53.692] [Server thread/ERROR] [com.bluelotuscoding.eidolonunchained.integration.EidolonCodexIntegration/]: Available custom chapters: [eidolonunchained:divine_communion, eidolonunchained:forbidden_knowledge, eidolonunchained:gaias_wrath, eidolonunchained:shadow_communion, eidolonunchained:natures_communion, eidolonunchained:divine_judgment, eidolonunchained:deity_rituals, eidolonunchained:getting_started]
[07Sep2025 18:52:53.692] [Server thread/INFO] [com.bluelotuscoding.eidolonunchained.integration.EidolonCodexIntegration/]: Processing chapter eidolonunchained:getting_started with 3 entries
[07Sep2025 18:52:53.692] [Server thread/INFO] [com.bluelotuscoding.eidolonunchained.integration.EidolonCodexIntegration/]: Found custom chapter definition for 'eidolonunchained:getting_started', checking if already registered in Eidolon system
[07Sep2025 18:52:53.692] [Server thread/WARN] [com.bluelotuscoding.eidolonunchained.integration.EidolonCodexIntegration/]: Failed to search for chapter 'eidolonunchained:getting_started' in Eidolon system: elucent.eidolon.codex.Codex
[07Sep2025 18:52:53.692] [Server thread/INFO] [com.bluelotuscoding.eidolonunchained.integration.EidolonCodexIntegration/]: Chapter definition exists but not yet registered - will create new chapter
[07Sep2025 18:52:53.692] [Server thread/ERROR] [com.bluelotuscoding.eidolonunchained.integration.EidolonCodexIntegration/]: Target chapter 'eidolonunchained:getting_started' not found in Eidolon chapters or custom chapters. Check chapter definitions.
[07Sep2025 18:52:53.692] [Server thread/ERROR] [com.bluelotuscoding.eidolonunchained.integration.EidolonCodexIntegration/]: Available custom chapters: [eidolonunchained:divine_communion, eidolonunchained:forbidden_knowledge, eidolonunchained:gaias_wrath, eidolonunchained:shadow_communion, eidolonunchained:natures_communion, eidolonunchained:divine_judgment, eidolonunchained:deity_rituals, eidolonunchained:getting_started]
[07Sep2025 18:52:53.692] [Server thread/INFO] [com.bluelotuscoding.eidolonunchained.integration.EidolonCodexIntegration/]: Processing chapter eidolonunchained:divine_judgment with 1 entries
[07Sep2025 18:52:53.693] [Server thread/INFO] [com.bluelotuscoding.eidolonunchained.integration.EidolonCodexIntegration/]: Found custom chapter definition for 'eidolonunchained:divine_judgment', checking if already registered in Eidolon system
[07Sep2025 18:52:53.693] [Server thread/WARN] [com.bluelotuscoding.eidolonunchained.integration.EidolonCodexIntegration/]: Failed to search for chapter 'eidolonunchained:divine_judgment' in Eidolon system: elucent.eidolon.codex.Codex
[07Sep2025 18:52:53.693] [Server thread/INFO] [com.bluelotuscoding.eidolonunchained.integration.EidolonCodexIntegration/]: Chapter definition exists but not yet registered - will create new chapter
[07Sep2025 18:52:53.693] [Server thread/ERROR] [com.bluelotuscoding.eidolonunchained.integration.EidolonCodexIntegration/]: Target chapter 'eidolonunchained:divine_judgment' not found in Eidolon chapters or custom chapters. Check chapter definitions.
[07Sep2025 18:52:53.693] [Server thread/ERROR] [com.bluelotuscoding.eidolonunchained.integration.EidolonCodexIntegration/]: Available custom chapters: [eidolonunchained:divine_communion, eidolonunchained:forbidden_knowledge, eidolonunchained:gaias_wrath, eidolonunchained:shadow_communion, eidolonunchained:natures_communion, eidolonunchained:divine_judgment, eidolonunchained:deity_rituals, eidolonunchained:getting_started]
[07Sep2025 18:52:53.693] [Server thread/INFO] [com.bluelotuscoding.eidolonunchained.integration.EidolonCodexIntegration/]: Processing chapter eidolonunchained:deity_rituals with 6 entries
[07Sep2025 18:52:53.693] [Server thread/INFO] [com.bluelotuscoding.eidolonunchained.integration.EidolonCodexIntegration/]: Found custom chapter definition for 'eidolonunchained:deity_rituals', checking if already registered in Eidolon system
[07Sep2025 18:52:53.693] [Server thread/WARN] [com.bluelotuscoding.eidolonunchained.integration.EidolonCodexIntegration/]: Failed to search for chapter 'eidolonunchained:deity_rituals' in Eidolon system: elucent.eidolon.codex.Codex
[07Sep2025 18:52:53.693] [Server thread/INFO] [com.bluelotuscoding.eidolonunchained.integration.EidolonCodexIntegration/]: Chapter definition exists but not yet registered - will create new chapter
[07Sep2025 18:52:53.693] [Server thread/ERROR] [com.bluelotuscoding.eidolonunchained.integration.EidolonCodexIntegration/]: Target chapter 'eidolonunchained:deity_rituals' not found in Eidolon chapters or custom chapters. Check chapter definitions.
[07Sep2025 18:52:53.694] [Server thread/ERROR] [com.bluelotuscoding.eidolonunchained.integration.EidolonCodexIntegration/]: Available custom chapters: [eidolonunchained:divine_communion, eidolonunchained:forbidden_knowledge, eidolonunchained:gaias_wrath, eidolonunchained:shadow_communion, eidolonunchained:natures_communion, eidolonunchained:divine_judgment, eidolonunchained:deity_rituals, eidolonunchained:getting_started]
[07Sep2025 18:52:53.694] [Server thread/INFO] [com.bluelotuscoding.eidolonunchained.integration.EidolonCodexIntegration/]: === Starting conditional research chapter injection ===
[07Sep2025 18:52:53.694] [Server thread/INFO] [com.bluelotuscoding.eidolonunchained.integration.EidolonCodexIntegration/]: Found 13 research chapters to evaluate for conditional injection
[07Sep2025 18:52:53.694] [Server thread/INFO] [com.bluelotuscoding.eidolonunchained.integration.EidolonCodexIntegration/]: Research chapter 'eidolonunchained:trigger_research' has visible entries, injecting into category 'basics'
[07Sep2025 18:52:53.695] [Server thread/WARN] [com.bluelotuscoding.eidolonunchained.integration.EidolonCategoryExtension/]: Category 'basics' not found; unable to attach chapter
[07Sep2025 18:52:53.695] [Server thread/INFO] [com.bluelotuscoding.eidolonunchained.integration.EidolonCodexIntegration/]: ? Conditionally attached research chapter 'Auto-Discovery Research' to category 'basics'
[07Sep2025 18:52:53.695] [Server thread/INFO] [com.bluelotuscoding.eidolonunchained.integration.EidolonCodexIntegration/]: Conditional research chapter injection complete!
[07Sep2025 18:52:53.695] [Server thread/INFO] [com.bluelotuscoding.eidolonunchained.integration.EidolonCodexIntegration/]: Codex integration complete!
[07Sep2025 18:52:53.695] [Server thread/INFO] [com.bluelotuscoding.eidolonunchained.EidolonUnchained/]: Integration call completed successfully
[07Sep2025 18:52:53.695] [Server thread/INFO] [com.bluelotuscoding.eidolonunchained.EidolonUnchained/]: Server starting event completed
[07Sep2025 18:52:53.695] [Server thread/INFO] [com.bluelotuscoding.eidolonunchained.data.CodexDataManager/]: Server started - loaded 15 custom codex entries extending 8 chapters and 8 new chapters
[07Sep2025 18:52:53.696] [Server thread/INFO] [com.bluelotuscoding.eidolonunchained.data.CodexDataManager/]: Chapter 'eidolonunchained:forbidden_knowledge' extended with 1 entries: [eidolonunchained:codex_entries/forbidden_knowledge.json]
[07Sep2025 18:52:53.696] [Server thread/INFO] [com.bluelotuscoding.eidolonunchained.data.CodexDataManager/]: Chapter 'eidolonunchained:divine_communion' extended with 1 entries: [eidolonunchained:codex_entries/divine_communion.json]
[07Sep2025 18:52:53.696] [Server thread/INFO] [com.bluelotuscoding.eidolonunchained.data.CodexDataManager/]: Chapter 'eidolonunchained:gaias_wrath' extended with 1 entries: [eidolonunchained:codex_entries/gaias_wrath.json]
[07Sep2025 18:52:53.696] [Server thread/INFO] [com.bluelotuscoding.eidolonunchained.data.CodexDataManager/]: Chapter 'eidolonunchained:shadow_communion' extended with 1 entries: [eidolonunchained:codex_entries/shadow_communion.json]
[07Sep2025 18:52:53.696] [Server thread/INFO] [com.bluelotuscoding.eidolonunchained.data.CodexDataManager/]: Chapter 'eidolonunchained:natures_communion' extended with 1 entries: [eidolonunchained:codex_entries/natures_communion.json]
[07Sep2025 18:52:53.696] [Server thread/INFO] [com.bluelotuscoding.eidolonunchained.data.CodexDataManager/]: Chapter 'eidolonunchained:getting_started' extended with 3 entries: [eidolonunchained:codex_entries/entity_example.json, eidolonunchained:codex_entries/recipe_example.json, eidolonunchained:codex_entries/text_example.json]
[07Sep2025 18:52:53.697] [Server thread/INFO] [com.bluelotuscoding.eidolonunchained.data.CodexDataManager/]: Chapter 'eidolonunchained:divine_judgment' extended with 1 entries: [eidolonunchained:codex_entries/divine_judgment.json]
[07Sep2025 18:52:53.697] [Server thread/INFO] [com.bluelotuscoding.eidolonunchained.data.CodexDataManager/]: Chapter 'eidolonunchained:deity_rituals' extended with 6 entries: [eidolonunchained:codex_entries/crucible_example.json, eidolonunchained:codex_entries/deity_rituals_overview.json, eidolonunchained:codex_entries/enhanced_shadow_gems.json, eidolonunchained:codex_entries/light_patronage_ritual.json, eidolonunchained:codex_entries/nature_patronage_ritual.json, eidolonunchained:codex_entries/shadow_patronage_ritual.json]
[07Sep2025 18:52:53.697] [Server thread/INFO] [com.bluelotuscoding.eidolonunchained.data.CodexDataManager/]: Custom chapters: [eidolonunchained:divine_communion, eidolonunchained:forbidden_knowledge, eidolonunchained:gaias_wrath, eidolonunchained:shadow_communion, eidolonunchained:natures_communion, eidolonunchained:divine_judgment, eidolonunchained:deity_rituals, eidolonunchained:getting_started]
[07Sep2025 18:52:53.697] [Server thread/INFO] [com.bluelotuscoding.eidolonunchained.data.ResearchDataManager/]: Server started - loaded 13 custom research chapters and 3 research entries
[07Sep2025 18:52:53.697] [Server thread/INFO] [com.bluelotuscoding.eidolonunchained.data.ResearchDataManager/]: Custom research chapters: [eidolonunchained:divine_communion, eidolonunchained:forbidden_knowledge, eidolonunchained:advanced_necromancy, eidolonunchained:shadow_communion, eidolonunchained:simple_examples, eidolonunchained:void_mastery, eidolonunchained:divine_rituals, eidolonunchained:gaias_wrath, eidolonunchained:trigger_research, eidolonunchained:natures_communion, eidolonunchained:divine_judgment, eidolonunchained:deity_rituals, eidolonunchained:getting_started]
[07Sep2025 18:52:53.697] [Server thread/INFO] [com.bluelotuscoding.eidolonunchained.data.ResearchDataManager/]: Custom research entries: [eidolonunchained:nature_blessing_ritual, eidolonunchained:divine_ritual_discovery, eidolonunchained:simple_research_example]
[07Sep2025 18:52:53.697] [Server thread/INFO] [com.bluelotuscoding.eidolonunchained.integration.EidolonCodexIntegration/]: Codex integration already completed, skipping...
[07Sep2025 18:52:53.837] [Server thread/INFO] [net.minecraft.client.server.IntegratedServer/]: Changing view distance to 12, from 10
[07Sep2025 18:52:53.839] [Server thread/INFO] [net.minecraft.client.server.IntegratedServer/]: Changing simulation distance to 12, from 0
[07Sep2025 18:52:53.929] [Render thread/WARN] [io.netty.util.internal.SystemPropertyUtil/]: Unable to parse the boolean system property 'java.net.preferIPv6Addresses':system - using the default value: false
[07Sep2025 18:52:55.580] [Netty Local Client IO #0/INFO] [net.minecraftforge.network.NetworkHooks/]: Connected to a modded server.
[07Sep2025 18:52:55.667] [Server thread/INFO] [net.minecraft.server.players.PlayerList/]: Dev[local:E:9beb826e] logged in with entity id 163 at (103.35528779443787, 64.0, -66.99703306060341)
[07Sep2025 18:52:55.794] [Server thread/INFO] [net.minecraft.server.MinecraftServer/]: Dev joined the game
[07Sep2025 18:52:55.972] [Server thread/INFO] [com.bluelotuscoding.eidolonunchained.chant.ChantSlotManager/]: Loaded 1 chant assignments for player Dev
[07Sep2025 18:52:55.972] [Server thread/INFO] [com.bluelotuscoding.eidolonunchained.network.NetworkEventHandler/]: Player joined: Dev
[07Sep2025 18:52:56.070] [Server thread/INFO] [com.bluelotuscoding.eidolonunchained.network.NetworkEventHandler/]: Sent comprehensive datapack sync packet to player: Dev
[07Sep2025 18:52:56.071] [Server thread/INFO] [com.bluelotuscoding.eidolonunchained.spells.AIDeitySpells/]: Registering AI deity prayer spells...
[07Sep2025 18:52:56.073] [Server thread/INFO] [com.bluelotuscoding.eidolonunchained.spells.AIDeitySpells/]: Registered AI prayer spell for deity: eidolonunchained:dark_deity with chant: eidolonunchained.chant.forbidden_knowledge.name ([eidolon:wicked, eidolon:soul, eidolon:wicked, eidolon:soul, eidolon:wicked])
[07Sep2025 18:52:56.074] [Server thread/INFO] [com.bluelotuscoding.eidolonunchained.spells.AIDeitySpells/]: Registered AI prayer spell for deity: eidolonunchained:dark_deity with chant: eidolonunchained.chant.shadow_communion.name ([eidolon:wicked, eidolon:wicked, eidolon:blood])
[07Sep2025 18:52:56.074] [Server thread/INFO] [com.bluelotuscoding.eidolonunchained.spells.AIDeitySpells/]: Registered AI prayer spell for deity: eidolonunchained:nature_deity with chant: eidolonunchained.chant.gaias_wrath.name ([eidolon:harmony, eidolon:warding, eidolon:harmony, eidolon:warding])
[07Sep2025 18:52:56.074] [Server thread/INFO] [com.bluelotuscoding.eidolonunchained.spells.AIDeitySpells/]: Registered AI prayer spell for deity: eidolonunchained:nature_deity with chant: eidolonunchained.chant.natures_communion.name ([eidolon:harmony, eidolon:soul, eidolon:sacred])
[07Sep2025 18:52:56.075] [Server thread/INFO] [com.bluelotuscoding.eidolonunchained.spells.AIDeitySpells/]: Registered AI prayer spell for deity: eidolonunchained:light_deity with chant: eidolonunchained.chant.divine_communion.name ([eidolon:sacred, eidolon:harmony, eidolon:warding])
[07Sep2025 18:52:56.075] [Server thread/INFO] [com.bluelotuscoding.eidolonunchained.spells.AIDeitySpells/]: Registered AI prayer spell for deity: eidolonunchained:light_deity with chant: eidolonunchained.chant.divine_judgment.name ([eidolon:sacred, eidolon:warding, eidolon:sacred, eidolon:warding, eidolon:sacred])
[07Sep2025 18:52:56.075] [Server thread/INFO] [com.bluelotuscoding.eidolonunchained.spells.AIDeitySpells/]: Successfully registered 6 AI deity prayer spells
[07Sep2025 18:52:57.218] [Render thread/INFO] [com.bluelotuscoding.eidolonunchained.chant.DatapackChantManager/]: Registering 7 client-side chants with Eidolon spell system
[07Sep2025 18:52:57.218] [Render thread/ERROR] [net.minecraftforge.fml.config.ConfigTracker/CONFIG]: Detected config file conflict eidolonunchained/divine_communion.toml between minecraft and minecraft
[07Sep2025 18:52:57.219] [Render thread/ERROR] [com.bluelotuscoding.eidolonunchained.chant.DatapackChantManager/]: CLIENT: Failed to register chant eidolonunchained:divine_communion: Config conflict detected!
[07Sep2025 18:52:57.220] [Render thread/ERROR] [net.minecraftforge.fml.config.ConfigTracker/CONFIG]: Detected config file conflict eidolonunchained/forbidden_knowledge.toml between minecraft and minecraft
[07Sep2025 18:52:57.220] [Render thread/ERROR] [com.bluelotuscoding.eidolonunchained.chant.DatapackChantManager/]: CLIENT: Failed to register chant eidolonunchained:forbidden_knowledge: Config conflict detected!
[07Sep2025 18:52:57.220] [Render thread/ERROR] [net.minecraftforge.fml.config.ConfigTracker/CONFIG]: Detected config file conflict eidolonunchained/gaias_wrath.toml between minecraft and minecraft
[07Sep2025 18:52:57.220] [Render thread/ERROR] [com.bluelotuscoding.eidolonunchained.chant.DatapackChantManager/]: CLIENT: Failed to register chant eidolonunchained:gaias_wrath: Config conflict detected!
[07Sep2025 18:52:57.221] [Render thread/ERROR] [net.minecraftforge.fml.config.ConfigTracker/CONFIG]: Detected config file conflict eidolonunchained/shadow_communion.toml between minecraft and minecraft
[07Sep2025 18:52:57.221] [Render thread/ERROR] [com.bluelotuscoding.eidolonunchained.chant.DatapackChantManager/]: CLIENT: Failed to register chant eidolonunchained:shadow_communion: Config conflict detected!
[07Sep2025 18:52:57.222] [Render thread/ERROR] [net.minecraftforge.fml.config.ConfigTracker/CONFIG]: Detected config file conflict eidolonunchained/test_item_requirements.toml between minecraft and minecraft
[07Sep2025 18:52:57.222] [Render thread/ERROR] [com.bluelotuscoding.eidolonunchained.chant.DatapackChantManager/]: CLIENT: Failed to register chant eidolonunchained:test_item_requirements: Config conflict detected!
[07Sep2025 18:52:57.223] [Render thread/ERROR] [net.minecraftforge.fml.config.ConfigTracker/CONFIG]: Detected config file conflict eidolonunchained/natures_communion.toml between minecraft and minecraft
[07Sep2025 18:52:57.223] [Render thread/ERROR] [com.bluelotuscoding.eidolonunchained.chant.DatapackChantManager/]: CLIENT: Failed to register chant eidolonunchained:natures_communion: Config conflict detected!
[07Sep2025 18:52:57.224] [Render thread/ERROR] [net.minecraftforge.fml.config.ConfigTracker/CONFIG]: Detected config file conflict eidolonunchained/divine_judgment.toml between minecraft and minecraft
[07Sep2025 18:52:57.224] [Render thread/ERROR] [com.bluelotuscoding.eidolonunchained.chant.DatapackChantManager/]: CLIENT: Failed to register chant eidolonunchained:divine_judgment: Config conflict detected!
[07Sep2025 18:52:57.224] [Render thread/INFO] [com.bluelotuscoding.eidolonunchained.chant.DatapackChantManager/]: CLIENT: Successfully registered 0 chant spells with Eidolon
[07Sep2025 18:52:57.224] [Render thread/INFO] [com.bluelotuscoding.eidolonunchained.data.ResearchDataManager/]: Registering 13 research chapters and 3 research entries with Eidolon
[07Sep2025 18:52:57.224] [Render thread/INFO] [com.bluelotuscoding.eidolonunchained.integration.EidolonResearchIntegration/]: Attempting to register 13 custom research chapters
[07Sep2025 18:52:57.224] [Render thread/INFO] [com.bluelotuscoding.eidolonunchained.integration.EidolonResearchIntegration/]: ? Research chapter prepared for integration: eidolonunchained:divine_communion
[07Sep2025 18:52:57.225] [Render thread/INFO] [com.bluelotuscoding.eidolonunchained.integration.EidolonResearchIntegration/]: ? Research chapter prepared for integration: eidolonunchained:forbidden_knowledge
[07Sep2025 18:52:57.225] [Render thread/INFO] [com.bluelotuscoding.eidolonunchained.integration.EidolonResearchIntegration/]: ? Research chapter prepared for integration: eidolonunchained:advanced_necromancy
[07Sep2025 18:52:57.225] [Render thread/INFO] [com.bluelotuscoding.eidolonunchained.integration.EidolonResearchIntegration/]: ? Research chapter prepared for integration: eidolonunchained:shadow_communion
[07Sep2025 18:52:57.225] [Render thread/INFO] [com.bluelotuscoding.eidolonunchained.integration.EidolonResearchIntegration/]: ? Research chapter prepared for integration: eidolonunchained:simple_examples
[07Sep2025 18:52:57.225] [Render thread/INFO] [com.bluelotuscoding.eidolonunchained.integration.EidolonResearchIntegration/]: ? Research chapter prepared for integration: eidolonunchained:void_mastery
[07Sep2025 18:52:57.225] [Render thread/INFO] [com.bluelotuscoding.eidolonunchained.integration.EidolonResearchIntegration/]: ? Research chapter prepared for integration: eidolonunchained:divine_rituals
[07Sep2025 18:52:57.225] [Render thread/INFO] [com.bluelotuscoding.eidolonunchained.integration.EidolonResearchIntegration/]: ? Research chapter prepared for integration: eidolonunchained:gaias_wrath
[07Sep2025 18:52:57.225] [Render thread/INFO] [com.bluelotuscoding.eidolonunchained.integration.EidolonResearchIntegration/]: ? Research chapter prepared for integration: eidolonunchained:trigger_research
[07Sep2025 18:52:57.225] [Render thread/INFO] [com.bluelotuscoding.eidolonunchained.integration.EidolonResearchIntegration/]: ? Research chapter prepared for integration: eidolonunchained:natures_communion
[07Sep2025 18:52:57.225] [Render thread/INFO] [com.bluelotuscoding.eidolonunchained.integration.EidolonResearchIntegration/]: ? Research chapter prepared for integration: eidolonunchained:divine_judgment
[07Sep2025 18:52:57.225] [Render thread/INFO] [com.bluelotuscoding.eidolonunchained.integration.EidolonResearchIntegration/]: ? Research chapter prepared for integration: eidolonunchained:deity_rituals
[07Sep2025 18:52:57.225] [Render thread/INFO] [com.bluelotuscoding.eidolonunchained.integration.EidolonResearchIntegration/]: ? Research chapter prepared for integration: eidolonunchained:getting_started
[07Sep2025 18:52:57.225] [Render thread/INFO] [com.bluelotuscoding.eidolonunchained.integration.EidolonResearchIntegration/]: Attempting to inject 3 custom research entries
[07Sep2025 18:52:57.225] [Render thread/INFO] [com.bluelotuscoding.eidolonunchained.integration.EidolonResearchIntegration/]: ? Injected research entry: eidolonunchained:divine_ritual_discovery
[07Sep2025 18:52:57.225] [Render thread/INFO] [com.bluelotuscoding.eidolonunchained.integration.EidolonResearchIntegration/]: ? Injected research entry: eidolonunchained:simple_research_example
[07Sep2025 18:52:57.225] [Render thread/INFO] [com.bluelotuscoding.eidolonunchained.integration.EidolonResearchIntegration/]: ? Injected research entry: eidolonunchained:nature_blessing_ritual
[07Sep2025 18:52:57.225] [Render thread/INFO] [com.bluelotuscoding.eidolonunchained.integration.EidolonResearchIntegration/]: Research integration complete!
[07Sep2025 18:52:57.225] [Render thread/INFO] [com.bluelotuscoding.eidolonunchained.data.ResearchDataManager/]: CLIENT: Successfully registered research with Eidolon research system
[07Sep2025 18:52:57.225] [Render thread/INFO] [com.bluelotuscoding.eidolonunchained.integration.EidolonCodexIntegration/]: Codex integration already completed, skipping...
[07Sep2025 18:52:57.226] [Render thread/INFO] [com.bluelotuscoding.eidolonunchained.data.DatapackDeityManager/]: Cleared client-side deity data for sync
[07Sep2025 18:52:57.226] [Render thread/INFO] [com.bluelotuscoding.eidolonunchained.chant.DatapackChantManager/]: Cleared client-side chant data for sync
[07Sep2025 18:52:57.226] [Render thread/INFO] [com.bluelotuscoding.eidolonunchained.data.CodexDataManager/]: Cleared client-side codex data for sync
[07Sep2025 18:52:57.226] [Render thread/INFO] [com.bluelotuscoding.eidolonunchained.ai.AIDeityManager/]: Cleared client-side AI deity data for sync
[07Sep2025 18:52:57.226] [Render thread/INFO] [com.bluelotuscoding.eidolonunchained.data.ResearchDataManager/]: Cleared client-side research data for sync
[07Sep2025 18:52:57.231] [Render thread/INFO] [com.bluelotuscoding.eidolonunchained.chant.DatapackChantManager/]: Registering 7 client-side chants with Eidolon spell system
[07Sep2025 18:52:57.231] [Render thread/ERROR] [net.minecraftforge.fml.config.ConfigTracker/CONFIG]: Detected config file conflict eidolonunchained/forbidden_knowledge.toml between minecraft and minecraft
[07Sep2025 18:52:57.232] [Render thread/ERROR] [com.bluelotuscoding.eidolonunchained.chant.DatapackChantManager/]: CLIENT: Failed to register chant eidolonunchained:forbidden_knowledge: Config conflict detected!
[07Sep2025 18:52:57.232] [Render thread/ERROR] [net.minecraftforge.fml.config.ConfigTracker/CONFIG]: Detected config file conflict eidolonunchained/divine_communion.toml between minecraft and minecraft
[07Sep2025 18:52:57.232] [Render thread/ERROR] [com.bluelotuscoding.eidolonunchained.chant.DatapackChantManager/]: CLIENT: Failed to register chant eidolonunchained:divine_communion: Config conflict detected!
[07Sep2025 18:52:57.233] [Render thread/ERROR] [net.minecraftforge.fml.config.ConfigTracker/CONFIG]: Detected config file conflict eidolonunchained/gaias_wrath.toml between minecraft and minecraft
[07Sep2025 18:52:57.233] [Render thread/ERROR] [com.bluelotuscoding.eidolonunchained.chant.DatapackChantManager/]: CLIENT: Failed to register chant eidolonunchained:gaias_wrath: Config conflict detected!
[07Sep2025 18:52:57.233] [Render thread/ERROR] [net.minecraftforge.fml.config.ConfigTracker/CONFIG]: Detected config file conflict eidolonunchained/shadow_communion.toml between minecraft and minecraft
[07Sep2025 18:52:57.234] [Render thread/ERROR] [com.bluelotuscoding.eidolonunchained.chant.DatapackChantManager/]: CLIENT: Failed to register chant eidolonunchained:shadow_communion: Config conflict detected!
[07Sep2025 18:52:57.234] [Render thread/ERROR] [net.minecraftforge.fml.config.ConfigTracker/CONFIG]: Detected config file conflict eidolonunchained/test_item_requirements.toml between minecraft and minecraft
[07Sep2025 18:52:57.234] [Render thread/ERROR] [com.bluelotuscoding.eidolonunchained.chant.DatapackChantManager/]: CLIENT: Failed to register chant eidolonunchained:test_item_requirements: Config conflict detected!
[07Sep2025 18:52:57.235] [Render thread/ERROR] [net.minecraftforge.fml.config.ConfigTracker/CONFIG]: Detected config file conflict eidolonunchained/natures_communion.toml between minecraft and minecraft
[07Sep2025 18:52:57.235] [Render thread/ERROR] [com.bluelotuscoding.eidolonunchained.chant.DatapackChantManager/]: CLIENT: Failed to register chant eidolonunchained:natures_communion: Config conflict detected!
[07Sep2025 18:52:57.236] [Render thread/ERROR] [net.minecraftforge.fml.config.ConfigTracker/CONFIG]: Detected config file conflict eidolonunchained/divine_judgment.toml between minecraft and minecraft
[07Sep2025 18:52:57.236] [Render thread/ERROR] [com.bluelotuscoding.eidolonunchained.chant.DatapackChantManager/]: CLIENT: Failed to register chant eidolonunchained:divine_judgment: Config conflict detected!
[07Sep2025 18:52:57.236] [Render thread/INFO] [com.bluelotuscoding.eidolonunchained.chant.DatapackChantManager/]: CLIENT: Successfully registered 0 chant spells with Eidolon
[07Sep2025 18:52:57.236] [Render thread/INFO] [com.bluelotuscoding.eidolonunchained.data.ResearchDataManager/]: Registering 0 research chapters and 0 research entries with Eidolon
[07Sep2025 18:52:57.236] [Render thread/INFO] [com.bluelotuscoding.eidolonunchained.integration.EidolonResearchIntegration/]: Attempting to register 0 custom research chapters
[07Sep2025 18:52:57.236] [Render thread/INFO] [com.bluelotuscoding.eidolonunchained.integration.EidolonResearchIntegration/]: Attempting to inject 0 custom research entries
[07Sep2025 18:52:57.236] [Render thread/INFO] [com.bluelotuscoding.eidolonunchained.integration.EidolonResearchIntegration/]: Research integration complete!
[07Sep2025 18:52:57.236] [Render thread/INFO] [com.bluelotuscoding.eidolonunchained.data.ResearchDataManager/]: CLIENT: Successfully registered research with Eidolon research system
[07Sep2025 18:52:57.236] [Render thread/INFO] [com.bluelotuscoding.eidolonunchained.integration.EidolonCodexIntegration/]: Codex integration already completed, skipping...
[07Sep2025 18:52:57.238] [Render thread/INFO] [net.minecraft.advancements.AdvancementList/]: Loaded 214 advancements
[07Sep2025 18:59:54.289] [Render thread/INFO] [net.minecraft.client.gui.components.ChatComponent/]: [System] [CHAT] === Eidolon Unchained Configuration Status ===\nAI Deities: Enabled\nAI Provider: player2ai\nAI Model: gemini-1.5-flash\nChant System: Enabled\nDatapack Chants: Enabled\nEffigy Right-Click: Disabled\nChat Interaction: Enabled\n
[07Sep2025 19:00:02.266] [Server thread/INFO] [com.bluelotuscoding.eidolonunchained.debug.CodexDebugCommands/]: === TRANSLATION TEST START ===
[07Sep2025 19:00:02.266] [Server thread/INFO] [com.bluelotuscoding.eidolonunchained.debug.CodexDebugCommands/]: Key: 'eidolonunchained.codex.entry.text_example.title' -> Result: 'eidolonunchained.codex.entry.text_example.title'
[07Sep2025 19:00:02.267] [Server thread/INFO] [com.bluelotuscoding.eidolonunchained.debug.CodexDebugCommands/]: Key: 'eidolonunchained.codex.entry.recipe_example.title' -> Result: 'eidolonunchained.codex.entry.recipe_example.title'
[07Sep2025 19:00:02.267] [Server thread/INFO] [com.bluelotuscoding.eidolonunchained.debug.CodexDebugCommands/]: Key: 'eidolonunchained.codex.entry.entity_example.title' -> Result: 'eidolonunchained.codex.entry.entity_example.title'
[07Sep2025 19:00:02.267] [Server thread/INFO] [com.bluelotuscoding.eidolonunchained.debug.CodexDebugCommands/]: === TRANSLATION TEST END ===
[07Sep2025 19:00:02.268] [Render thread/INFO] [net.minecraft.client.gui.components.ChatComponent/]: [System] [CHAT] Testing translation system...
[07Sep2025 19:00:02.268] [Render thread/INFO] [net.minecraft.client.gui.components.ChatComponent/]: [System] [CHAT] eidolonunchained.codex.entry.text_example.title -> eidolonunchained.codex.entry.text_example.title
[07Sep2025 19:00:02.268] [Render thread/INFO] [net.minecraft.client.gui.components.ChatComponent/]: [System] [CHAT] eidolonunchained.codex.entry.recipe_example.title -> eidolonunchained.codex.entry.recipe_example.title
[07Sep2025 19:00:02.269] [Render thread/INFO] [net.minecraft.client.gui.components.ChatComponent/]: [System] [CHAT] eidolonunchained.codex.entry.entity_example.title -> eidolonunchained.codex.entry.entity_example.title
[07Sep2025 19:00:02.269] [Render thread/INFO] [net.minecraft.client.gui.components.ChatComponent/]: [System] [CHAT] Translation test complete - check logs for details
[07Sep2025 19:00:51.276] [Render thread/INFO] [net.minecraft.client.gui.components.ChatComponent/]: [System] [CHAT] === PROGRESSION STAGES VERIFICATION: Nyxathel, Shadow Lord ===
[07Sep2025 19:00:51.276] [Server thread/WARN] [com.bluelotuscoding.eidolonunchained.deity.DatapackDeity/]: No title found for stage end, using formatted ID: 'End'
[07Sep2025 19:00:51.276] [Server thread/INFO] [com.bluelotuscoding.eidolonunchained.deity.DatapackDeity/]: ? Built progression stages map for deity eidolonunchained:dark_deity: 5 stages total
[07Sep2025 19:00:51.284] [Render thread/INFO] [net.minecraft.client.gui.components.ChatComponent/]: [System] [CHAT] ? Found 5 progression stages:
[07Sep2025 19:00:51.284] [Render thread/INFO] [net.minecraft.client.gui.components.ChatComponent/]: [System] [CHAT]   shadow_initiate (rep: 0) ? 'Shadow Initiate'
[07Sep2025 19:00:51.285] [Render thread/INFO] [net.minecraft.client.gui.components.ChatComponent/]: [System] [CHAT]   dark_acolyte (rep: 25) ? 'Dark Acolyte'
[07Sep2025 19:00:51.285] [Render thread/INFO] [net.minecraft.client.gui.components.ChatComponent/]: [System] [CHAT]   shadow_priest (rep: 50) ? 'Shadow Priest' [MAJOR]
[07Sep2025 19:00:51.285] [Render thread/INFO] [net.minecraft.client.gui.components.ChatComponent/]: [System] [CHAT]   void_master (rep: 75) ? 'Void Master' [MAJOR]
[07Sep2025 19:00:51.285] [Render thread/INFO] [net.minecraft.client.gui.components.ChatComponent/]: [System] [CHAT]   end (rep: 100) ? 'End' [MAJOR]
[07Sep2025 19:00:51.285] [Render thread/INFO] [net.minecraft.client.gui.components.ChatComponent/]: [System] [CHAT] --- Eidolon Internal Progression ---
[07Sep2025 19:00:51.285] [Render thread/INFO] [net.minecraft.client.gui.components.ChatComponent/]: [System] [CHAT] Eidolon progression steps: 5
[07Sep2025 19:00:51.285] [Render thread/INFO] [net.minecraft.client.gui.components.ChatComponent/]: [System] [CHAT]   minecraft:shadow_initiate ? rep: 0, major: false
[07Sep2025 19:00:51.285] [Render thread/INFO] [net.minecraft.client.gui.components.ChatComponent/]: [System] [CHAT]   minecraft:dark_acolyte ? rep: 25, major: false
[07Sep2025 19:00:51.286] [Render thread/INFO] [net.minecraft.client.gui.components.ChatComponent/]: [System] [CHAT]   minecraft:shadow_priest ? rep: 50, major: true
[07Sep2025 19:00:51.286] [Render thread/INFO] [net.minecraft.client.gui.components.ChatComponent/]: [System] [CHAT]   minecraft:void_master ? rep: 75, major: true
[07Sep2025 19:00:51.286] [Render thread/INFO] [net.minecraft.client.gui.components.ChatComponent/]: [System] [CHAT]   eidolon:end ? rep: 100, major: true
[07Sep2025 19:00:51.286] [Render thread/INFO] [net.minecraft.client.gui.components.ChatComponent/]: [System] [CHAT] ? Progression stages verification complete!
[07Sep2025 19:01:07.404] [Server thread/INFO] [com.bluelotuscoding.eidolonunchained.events.ReputationEventBridge/]: ? Manual progression check triggered for Dev
[07Sep2025 19:01:07.404] [Server thread/INFO] [com.bluelotuscoding.eidolonunchained.events.ReputationProgressionHandler/]: ? Manual progression check triggered for Dev
[07Sep2025 19:01:07.406] [Render thread/INFO] [net.minecraft.client.gui.components.ChatComponent/]: [System] [CHAT] Forced progression check for Dev
[07Sep2025 19:01:19.089] [Render thread/INFO] [net.minecraft.client.gui.components.ChatComponent/]: [System] [CHAT] Unknown or incomplete command, see below for error
[07Sep2025 19:01:19.089] [Render thread/INFO] [net.minecraft.client.gui.components.ChatComponent/]: [System] [CHAT] ...-debug Dev<--[HERE]
[07Sep2025 19:01:22.474] [Server thread/WARN] [com.bluelotuscoding.eidolonunchained.deity.DatapackDeity/]: No title found for stage end, using formatted ID: 'End'
[07Sep2025 19:01:22.474] [Server thread/INFO] [com.bluelotuscoding.eidolonunchained.deity.DatapackDeity/]: ? Built progression stages map for deity eidolonunchained:dark_deity: 5 stages total
[07Sep2025 19:01:22.476] [Render thread/INFO] [net.minecraft.client.gui.components.ChatComponent/]: [System] [CHAT] === TIER TRACKING DEBUG: Dev & Nyxathel, Shadow Lord ===
[07Sep2025 19:01:22.476] [Render thread/INFO] [net.minecraft.client.gui.components.ChatComponent/]: [System] [CHAT] Current reputation: 0.0
[07Sep2025 19:01:22.476] [Render thread/INFO] [net.minecraft.client.gui.components.ChatComponent/]: [System] [CHAT] Current actual tier: Shadow Initiate
[07Sep2025 19:01:22.476] [Render thread/INFO] [net.minecraft.client.gui.components.ChatComponent/]: [System] [CHAT] --- Tracking Data ---
[07Sep2025 19:01:22.476] [Render thread/INFO] [net.minecraft.client.gui.components.ChatComponent/]: [System] [CHAT] Current tracked tier: none
[07Sep2025 19:01:22.477] [Render thread/INFO] [net.minecraft.client.gui.components.ChatComponent/]: [System] [CHAT] Highest tier achieved: none
[07Sep2025 19:01:22.477] [Render thread/INFO] [net.minecraft.client.gui.components.ChatComponent/]: [System] [CHAT] Rewards received: none
[07Sep2025 19:01:34.984] [Render thread/INFO] [net.minecraft.client.gui.components.ChatComponent/]: [System] [CHAT] Dev : 25.0
[07Sep2025 19:01:57.053] [Render thread/INFO] [com.bluelotuscoding.eidolonunchained.keybind.ChantInputHandler/]: Player pressed chant slot: 1 (mode: INDIVIDUAL_SIGNS)
[07Sep2025 19:01:57.066] [Server thread/INFO] [com.bluelotuscoding.eidolonunchained.keybind.ChantSlotActivationPacket/]: Processing slot activation for player: Dev slot: 1 mode: INDIVIDUAL_SIGNS
[07Sep2025 19:01:57.070] [Server thread/INFO] [com.bluelotuscoding.eidolonunchained.chant.SlotAssignmentManager/]: Player Dev triggered chant interface with sign eidolon:wicked from slot
[07Sep2025 19:01:57.075] [Render thread/INFO] [com.bluelotuscoding.eidolonunchained.chant.ActiveChantingManager/]: Starting active chanting for player Dev with sign eidolon:wicked
[07Sep2025 19:01:57.075] [Render thread/INFO] [com.bluelotuscoding.eidolonunchained.chant.ActiveChantingManager/]: Successfully spawned ChantCasterEntity immediately with first sign
[07Sep2025 19:01:57.507] [Render thread/INFO] [com.bluelotuscoding.eidolonunchained.keybind.ChantInputHandler/]: Player pressed chant slot: 1 (mode: INDIVIDUAL_SIGNS)
[07Sep2025 19:01:57.507] [Server thread/INFO] [com.bluelotuscoding.eidolonunchained.keybind.ChantSlotActivationPacket/]: Processing slot activation for player: Dev slot: 1 mode: INDIVIDUAL_SIGNS
[07Sep2025 19:01:57.507] [Server thread/INFO] [com.bluelotuscoding.eidolonunchained.chant.SlotAssignmentManager/]: Player Dev triggered chant interface with sign eidolon:wicked from slot
[07Sep2025 19:01:57.513] [Render thread/INFO] [com.bluelotuscoding.eidolonunchained.chant.ActiveChantingManager/]: Adding sign eidolon:wicked to active chant
[07Sep2025 19:01:57.513] [Render thread/WARN] [com.bluelotuscoding.eidolonunchained.chant.ActiveChantingManager/]: Failed to update ChantCasterEntity signs via reflection: runes
[07Sep2025 19:01:57.513] [Render thread/INFO] [com.bluelotuscoding.eidolonunchained.chant.ActiveChantingManager/]: Updated ChantCasterEntity with new sign sequence in real-time
[07Sep2025 19:01:57.513] [Render thread/INFO] [com.bluelotuscoding.eidolonunchained.chant.ActiveChantingManager/]: Successfully added sign to active chant. Total signs: 2
[07Sep2025 19:01:57.841] [Render thread/INFO] [com.bluelotuscoding.eidolonunchained.keybind.ChantInputHandler/]: Player pressed chant slot: 2 (mode: INDIVIDUAL_SIGNS)
[07Sep2025 19:01:57.841] [Server thread/INFO] [com.bluelotuscoding.eidolonunchained.keybind.ChantSlotActivationPacket/]: Processing slot activation for player: Dev slot: 2 mode: INDIVIDUAL_SIGNS
[07Sep2025 19:01:57.841] [Server thread/INFO] [com.bluelotuscoding.eidolonunchained.chant.SlotAssignmentManager/]: Player Dev triggered chant interface with sign eidolon:blood from slot
[07Sep2025 19:01:57.849] [Render thread/INFO] [com.bluelotuscoding.eidolonunchained.chant.ActiveChantingManager/]: Adding sign eidolon:blood to active chant
[07Sep2025 19:01:57.849] [Render thread/WARN] [com.bluelotuscoding.eidolonunchained.chant.ActiveChantingManager/]: Failed to update ChantCasterEntity signs via reflection: runes
[07Sep2025 19:01:57.849] [Render thread/INFO] [com.bluelotuscoding.eidolonunchained.chant.ActiveChantingManager/]: Updated ChantCasterEntity with new sign sequence in real-time
[07Sep2025 19:01:57.849] [Render thread/INFO] [com.bluelotuscoding.eidolonunchained.chant.ActiveChantingManager/]: Successfully added sign to active chant. Total signs: 3
[07Sep2025 19:01:58.853] [Render thread/INFO] [com.bluelotuscoding.eidolonunchained.chant.ActiveChantingManager/]: Completing active chant with 3 signs
[07Sep2025 19:01:58.853] [Render thread/INFO] [com.bluelotuscoding.eidolonunchained.chant.ActiveChantingManager/]: ChantCasterEntity will complete spell automatically
[07Sep2025 19:01:58.853] [Render thread/INFO] [com.bluelotuscoding.eidolonunchained.chant.ActiveChantingManager/]: Active chant completion initiated
[07Sep2025 19:02:00.105] [Server thread/INFO] [com.bluelotuscoding.eidolonunchained.chant.DatapackChantSpell/]: Chant eidolonunchained:shadow_communion performed near effigy at BlockPos{x=103, y=65, z=-70}
[07Sep2025 19:02:00.117] [Server thread/INFO] [com.bluelotuscoding.eidolonunchained.chat.DeityChat/]: Started conversation between player Dev and deity Nyxathel, Shadow Lord
[07Sep2025 19:02:00.117] [Server thread/INFO] [com.bluelotuscoding.eidolonunchained.chant.DatapackChantSpell/]: Player Dev successfully performed chant: eidolonunchained:shadow_communion
[07Sep2025 19:02:00.122] [Render thread/INFO] [net.minecraft.client.gui.components.ChatComponent/]: [System] [CHAT] The shadows whisper your name as dark power flows through you...
[07Sep2025 19:02:00.122] [Render thread/INFO] [net.minecraft.client.gui.components.ChatComponent/]: [System] [CHAT] A warm divine presence envelops you...
[07Sep2025 19:02:00.122] [Render thread/INFO] [net.minecraft.client.gui.components.ChatComponent/]: [System] [CHAT] Nyxathel, Shadow Lord recognizes their faithful Dark Acolyte.
[07Sep2025 19:02:00.122] [Render thread/INFO] [net.minecraft.client.gui.components.ChatComponent/]: [System] [CHAT] Speak your mind in chat, or type 'amen' to end the conversation.
[07Sep2025 19:02:00.123] [Render thread/INFO] [net.minecraft.client.gui.components.ChatComponent/]: [System] [CHAT] ? eidolonunchained.chant.shadow_communion.name completed! The deity is listening...
[07Sep2025 19:02:14.910] [ForkJoinPool.commonPool-worker-3/WARN] [com.bluelotuscoding.eidolonunchained.deity.DatapackDeity/]: No title found for stage end, using formatted ID: 'End'
[07Sep2025 19:02:14.910] [ForkJoinPool.commonPool-worker-3/INFO] [com.bluelotuscoding.eidolonunchained.deity.DatapackDeity/]: ? Built progression stages map for deity eidolonunchained:dark_deity: 5 stages total
[07Sep2025 19:02:14.910] [ForkJoinPool.commonPool-worker-3/INFO] [com.bluelotuscoding.eidolonunchained.chat.DeityChat/]: ? AI progression for Dev/Nyxathel, Shadow Lord: Shadow Initiate (0rep) - using datapack title
[07Sep2025 19:02:14.915] [Server thread/INFO] [com.bluelotuscoding.eidolonunchained.chat.ConversationHistoryManager/]: Loaded conversation history for 1 players with 0 API keys
[07Sep2025 19:02:14.915] [ForkJoinPool.commonPool-worker-3/INFO] [com.bluelotuscoding.eidolonunchained.chat.ConversationHistoryManager/]: Loaded conversation history for 1 players with 0 API keys
[07Sep2025 19:02:14.926] [ForkJoinPool.commonPool-worker-3/WARN] [com.bluelotuscoding.eidolonunchained.deity.DatapackDeity/]: No title found for stage end, using formatted ID: 'End'
[07Sep2025 19:02:14.926] [ForkJoinPool.commonPool-worker-3/INFO] [com.bluelotuscoding.eidolonunchained.deity.DatapackDeity/]: ? Built progression stages map for deity eidolonunchained:dark_deity: 5 stages total
[07Sep2025 19:02:14.939] [ForkJoinPool.commonPool-worker-3/WARN] [com.bluelotuscoding.eidolonunchained.deity.DatapackDeity/]: No title found for stage end, using formatted ID: 'End'
[07Sep2025 19:02:14.939] [ForkJoinPool.commonPool-worker-3/INFO] [com.bluelotuscoding.eidolonunchained.deity.DatapackDeity/]: ? Built progression stages map for deity eidolonunchained:dark_deity: 5 stages total
[07Sep2025 19:02:14.939] [ForkJoinPool.commonPool-worker-3/INFO] [com.bluelotuscoding.eidolonunchained.chat.DeityChat/]: ? AI progression for Dev/Nyxathel, Shadow Lord: Shadow Initiate (0rep) - using datapack title
[07Sep2025 19:02:14.950] [ForkJoinPool.commonPool-worker-3/INFO] [com.bluelotuscoding.eidolonunchained.integration.player2ai.Player2AIClient/]: Player2AI client initialized for LOCAL instance (Player2AI desktop app)
[07Sep2025 19:02:14.950] [ForkJoinPool.commonPool-worker-3/INFO] [com.bluelotuscoding.eidolonunchained.ai.AIProviderFactory/]: Creating Player2AI provider for local mode
[07Sep2025 19:02:14.954] [ForkJoinPool.commonPool-worker-3/INFO] [com.bluelotuscoding.eidolonunchained.integration.player2ai.Player2HealthSignal/]: Player2AI health signal started (60 second interval)
[07Sep2025 19:02:16.268] [pool-9-thread-1/INFO] [com.bluelotuscoding.eidolonunchained.chat.DeityChat/]: ? DEBUG: AI Response received: 'Greetings, Dev. The shadows stir with your presence. Speak your needs, and let us see if your heart is worthy of the dark gifts you seek.'
[07Sep2025 19:02:16.271] [pool-9-thread-1/INFO] [com.bluelotuscoding.eidolonunchained.chat.DeityChat/]: ? DEBUG: Total extracted commands: []
[07Sep2025 19:03:02.611] [ForkJoinPool.commonPool-worker-3/WARN] [com.bluelotuscoding.eidolonunchained.deity.DatapackDeity/]: No title found for stage end, using formatted ID: 'End'
[07Sep2025 19:03:02.611] [ForkJoinPool.commonPool-worker-3/INFO] [com.bluelotuscoding.eidolonunchained.deity.DatapackDeity/]: ? Built progression stages map for deity eidolonunchained:dark_deity: 5 stages total
[07Sep2025 19:03:02.611] [ForkJoinPool.commonPool-worker-3/INFO] [com.bluelotuscoding.eidolonunchained.chat.DeityChat/]: ? AI progression for Dev/Nyxathel, Shadow Lord: Shadow Initiate (0rep) - using datapack title
[07Sep2025 19:03:02.616] [ForkJoinPool.commonPool-worker-3/WARN] [com.bluelotuscoding.eidolonunchained.deity.DatapackDeity/]: No title found for stage end, using formatted ID: 'End'
[07Sep2025 19:03:02.616] [ForkJoinPool.commonPool-worker-3/INFO] [com.bluelotuscoding.eidolonunchained.deity.DatapackDeity/]: ? Built progression stages map for deity eidolonunchained:dark_deity: 5 stages total
[07Sep2025 19:03:02.617] [ForkJoinPool.commonPool-worker-3/WARN] [com.bluelotuscoding.eidolonunchained.deity.DatapackDeity/]: No title found for stage end, using formatted ID: 'End'
[07Sep2025 19:03:02.618] [ForkJoinPool.commonPool-worker-3/INFO] [com.bluelotuscoding.eidolonunchained.deity.DatapackDeity/]: ? Built progression stages map for deity eidolonunchained:dark_deity: 5 stages total
[07Sep2025 19:03:02.618] [ForkJoinPool.commonPool-worker-3/INFO] [com.bluelotuscoding.eidolonunchained.chat.DeityChat/]: ? AI progression for Dev/Nyxathel, Shadow Lord: Shadow Initiate (0rep) - using datapack title
[07Sep2025 19:03:02.618] [ForkJoinPool.commonPool-worker-3/INFO] [com.bluelotuscoding.eidolonunchained.integration.player2ai.Player2AIClient/]: Player2AI client initialized for LOCAL instance (Player2AI desktop app)
[07Sep2025 19:03:02.618] [ForkJoinPool.commonPool-worker-3/INFO] [com.bluelotuscoding.eidolonunchained.ai.AIProviderFactory/]: Creating Player2AI provider for local mode
[07Sep2025 19:03:06.247] [pool-9-thread-1/INFO] [com.bluelotuscoding.eidolonunchained.chat.DeityChat/]: ? DEBUG: AI Response received: 'You speak of rituals and followers, yet the shadows still find you wanting, Dev. A zombie’s heart pulses with undeath, yes—but I do not hand such things to those who have not spilled darkness in my name.

Go to the abandoned mineshaft beneath the jungle, where the air is thick with decay and the undead stir. Slay a zombie jockey cursed by shadow, and return its still-beating heart to my altar. Then, and only then, shall you receive what you seek—for power must be taken, not begged.'
[07Sep2025 19:03:06.247] [pool-9-thread-1/INFO] [com.bluelotuscoding.eidolonunchained.chat.DeityChat/]: ? DEBUG: Total extracted commands: []
[07Sep2025 19:03:54.199] [Server thread/INFO] [net.minecraft.client.server.IntegratedServer/]: Saving and pausing game...
[07Sep2025 19:03:54.209] [Server thread/INFO] [net.minecraft.server.MinecraftServer/]: Saving chunks for level 'ServerLevel[TEst 1]'/minecraft:overworld
[07Sep2025 19:03:54.220] [Server thread/INFO] [net.minecraft.server.MinecraftServer/]: Saving chunks for level 'ServerLevel[TEst 1]'/minecraft:the_end
[07Sep2025 19:03:54.221] [Server thread/INFO] [net.minecraft.server.MinecraftServer/]: Saving chunks for level 'ServerLevel[TEst 1]'/minecraft:the_nether
