To honour the JVM settings for this build a single-use Daemon process will be forked. For more on this, please refer to https://docs.gradle.org/8.8/userguide/gradle_daemon.html#sec:disabling_the_daemon in the Gradle documentation.
Daemon will be stopped at the end of the build 

> Configure project :
Java: 17.0.20.1, JVM: 17.0.20.1+1 (Eclipse Adoptium), Arch: amd64

> Task :compileJava UP-TO-DATE
> Task :processResources UP-TO-DATE
> Task :classes UP-TO-DATE
> Task :downloadMcpConfig
> Task :extractSrg UP-TO-DATE
> Task :createSrgToMcp UP-TO-DATE
> Task :downloadMCMeta UP-TO-DATE
> Task :downloadAssets UP-TO-DATE
> Task :extractNatives UP-TO-DATE
> Task :makeSrcDirs
> Task :prepareRuns
> Task :prepareRunClient
> Task :prepareRunClientCompile UP-TO-DATE

> Task :runClient
2026-09-29 18:23:47,797 main WARN Advanced terminal features are not available in this environment
[18:23:48] [main/INFO] [cp.mo.mo.Launcher/MODLAUNCHER]: ModLauncher running: args [--launchTarget, forgeclientuserdev, --version, MOD_DEV, --assetIndex, 5, --assetsDir, C:\Users\Blue Lotus Coding\.gradle\caches\forge_gradle\assets, --gameDir, ., --fml.forgeVersion, 47.4.10, --fml.mcVersion, 1.20.1, --fml.forgeGroup, net.minecraftforge, --fml.mcpVersion, 20230612.114412]
[18:23:48] [main/INFO] [cp.mo.mo.Launcher/MODLAUNCHER]: ModLauncher 10.0.9+10.0.9+main.dcd20f30 starting: java version 17.0.20.1 by Eclipse Adoptium; OS Windows 10 arch amd64 version 10.0
[18:23:48] [main/DEBUG] [cp.mo.mo.LaunchServiceHandler/MODLAUNCHER]: Found launch services [fmlclientdev,forgeclient,minecraft,forgegametestserverdev,fmlserveruserdev,fmlclient,fmldatauserdev,forgeserverdev,forgeserveruserdev,forgeclientdev,forgeclientuserdev,forgeserver,forgedatadev,fmlserver,fmlclientuserdev,fmlserverdev,forgedatauserdev,testharness,forgegametestserveruserdev]
[18:23:48] [main/DEBUG] [cp.mo.mo.NameMappingServiceHandler/MODLAUNCHER]: Found naming services : [srgtomcp]
[18:23:48] [main/DEBUG] [cp.mo.mo.LaunchPluginHandler/MODLAUNCHER]: Found launch plugins: [mixin,eventbus,slf4jfixer,object_holder_definalize,runtime_enum_extender,capability_token_subclass,accesstransformer,runtimedistcleaner]
[18:23:48] [main/DEBUG] [cp.mo.mo.TransformationServicesHandler/MODLAUNCHER]: Discovering transformation services
[18:23:48] [main/DEBUG] [ne.mi.fm.lo.FMLPaths/CORE]: Path GAMEDIR is C:\Blue_Lotus_Global_ICM\repos\Eidolon-Unchained\run
[18:23:48] [main/DEBUG] [ne.mi.fm.lo.FMLPaths/CORE]: Path MODSDIR is C:\Blue_Lotus_Global_ICM\repos\Eidolon-Unchained\run\mods
[18:23:48] [main/DEBUG] [ne.mi.fm.lo.FMLPaths/CORE]: Path CONFIGDIR is C:\Blue_Lotus_Global_ICM\repos\Eidolon-Unchained\run\config
[18:23:48] [main/DEBUG] [ne.mi.fm.lo.FMLPaths/CORE]: Path FMLCONFIG is C:\Blue_Lotus_Global_ICM\repos\Eidolon-Unchained\run\config\fml.toml
[18:23:48] [main/DEBUG] [cp.mo.mo.TransformationServicesHandler/MODLAUNCHER]: Found additional transformation services from discovery services: 
[18:23:48] [main/INFO] [ne.mi.fm.lo.ImmediateWindowHandler/]: Loading ImmediateWindowProvider fmlearlywindow
[18:23:48] [main/INFO] [EARLYDISPLAY/]: Trying GL version 4.6
[18:23:48] [main/INFO] [EARLYDISPLAY/]: If this message is the only thing at the bottom of your log before a crash, you probably have a driver issue.

Possible solutions:
A) Make sure Minecraft is set to prefer high performance graphics in the OS and/or driver control panel
B) Check for driver updates on the graphics brand's website
C) Try reinstalling your graphics drivers
D) If still not working after trying all of the above, ask for further help on the Forge forums or Discord

You can safely ignore this message if the game starts up successfully.
[18:23:48] [main/INFO] [EARLYDISPLAY/]: Requested GL version 4.6 got version 4.6
[18:23:48] [main/DEBUG] [cp.mo.mo.TransformationServicesHandler/MODLAUNCHER]: Found transformer services : [mixin,fml]
[18:23:48] [main/DEBUG] [cp.mo.mo.TransformationServicesHandler/MODLAUNCHER]: Transformation services loading
[18:23:48] [main/DEBUG] [cp.mo.mo.TransformationServiceDecorator/MODLAUNCHER]: Loading service mixin
[18:23:48] [main/DEBUG] [cp.mo.mo.TransformationServiceDecorator/MODLAUNCHER]: Loaded service mixin
[18:23:48] [main/DEBUG] [cp.mo.mo.TransformationServiceDecorator/MODLAUNCHER]: Loading service fml
[18:23:48] [main/DEBUG] [ne.mi.fm.lo.LauncherVersion/CORE]: Found FMLLauncher version 1.0
[18:23:48] [main/DEBUG] [ne.mi.fm.lo.FMLLoader/CORE]: FML 1.0 loading
[18:23:48] [main/DEBUG] [ne.mi.fm.lo.FMLLoader/CORE]: FML found ModLauncher version : 10.0.9+10.0.9+main.dcd20f30
[18:23:48] [main/DEBUG] [ne.mi.fm.lo.FMLLoader/CORE]: Requesting CoreMods to not apply the fix for ASMAPI.findFirstInstructionBefore by default
[18:23:48] [main/DEBUG] [ne.mi.fm.lo.FMLLoader/CORE]: FML found AccessTransformer version : 8.0.4+66+master.c09db6d7
[18:23:48] [main/DEBUG] [ne.mi.fm.lo.FMLLoader/CORE]: FML found EventBus version : 6.0.5+6.0.5+master.eb8e549b
[18:23:48] [main/DEBUG] [ne.mi.fm.lo.FMLLoader/CORE]: Found Runtime Dist Cleaner
[18:23:48] [main/DEBUG] [ne.mi.co.CoreModEngine/]: CoreMods will preserve legacy behavior of ASMAPI.findFirstInstructionBefore for backwards-compatibility
[18:23:48] [main/DEBUG] [ne.mi.fm.lo.FMLLoader/CORE]: FML found CoreMod version : 5.2.4
[18:23:48] [main/DEBUG] [ne.mi.fm.lo.FMLLoader/CORE]: Found ForgeSPI package implementation version 7.0.1+7.0.1+master.d2b38bf6
[18:23:48] [main/DEBUG] [ne.mi.fm.lo.FMLLoader/CORE]: Found ForgeSPI package specification 5
[18:23:48] [main/DEBUG] [cp.mo.mo.TransformationServiceDecorator/MODLAUNCHER]: Loaded service fml
[18:23:48] [main/DEBUG] [cp.mo.mo.TransformationServicesHandler/MODLAUNCHER]: Configuring option handling for services
[18:23:48] [main/DEBUG] [cp.mo.mo.TransformationServicesHandler/MODLAUNCHER]: Transformation services initializing
[18:23:48] [main/DEBUG] [cp.mo.mo.TransformationServiceDecorator/MODLAUNCHER]: Initializing transformation service mixin
[18:23:48] [main/DEBUG] [mixin/]: MixinService [ModLauncher] was successfully booted in cpw.mods.cl.ModuleClassLoader@67a20f67
[18:23:48] [main/INFO] [mixin/]: SpongePowered MIXIN Subsystem Version=0.8.5 Source=union:/C:/Users/Blue%20Lotus%20Coding/.gradle/caches/modules-2/files-2.1/org.spongepowered/mixin/0.8.5/9d1c0c3a304ae6697ecd477218fa61b850bf57fc/mixin-0.8.5.jar%23128!/ Service=ModLauncher Env=CLIENT
[18:23:48] [main/DEBUG] [mixin/]: Initialising Mixin Platform Manager
[18:23:48] [main/DEBUG] [mixin/]: Adding mixin platform agents for container ModLauncher Root Container(ModLauncher:4f56a0a2)
[18:23:48] [main/DEBUG] [mixin/]: Instancing new MixinPlatformAgentMinecraftForge for ModLauncher Root Container(ModLauncher:4f56a0a2)
[18:23:48] [main/DEBUG] [mixin/]: MixinPlatformAgentMinecraftForge rejected container ModLauncher Root Container(ModLauncher:4f56a0a2)
[18:23:48] [main/DEBUG] [mixin/]: Instancing new MixinPlatformAgentDefault for ModLauncher Root Container(ModLauncher:4f56a0a2)
[18:23:48] [main/DEBUG] [mixin/]: MixinPlatformAgentDefault accepted container ModLauncher Root Container(ModLauncher:4f56a0a2)
[18:23:48] [main/DEBUG] [cp.mo.mo.TransformationServiceDecorator/MODLAUNCHER]: Initialized transformation service mixin
[18:23:48] [main/DEBUG] [cp.mo.mo.TransformationServiceDecorator/MODLAUNCHER]: Initializing transformation service fml
[18:23:48] [main/DEBUG] [ne.mi.fm.lo.FMLServiceProvider/CORE]: Setting up basic FML game directories
[18:23:48] [main/DEBUG] [ne.mi.fm.lo.FMLPaths/CORE]: Path GAMEDIR is C:\Blue_Lotus_Global_ICM\repos\Eidolon-Unchained\run
[18:23:48] [main/DEBUG] [ne.mi.fm.lo.FMLPaths/CORE]: Path MODSDIR is C:\Blue_Lotus_Global_ICM\repos\Eidolon-Unchained\run\mods
[18:23:48] [main/DEBUG] [ne.mi.fm.lo.FMLPaths/CORE]: Path CONFIGDIR is C:\Blue_Lotus_Global_ICM\repos\Eidolon-Unchained\run\config
[18:23:48] [pool-2-thread-1/INFO] [EARLYDISPLAY/]: GL info: Intel(R) HD Graphics 530 GL version 4.6.0 - Build 31.0.101.2125, Intel
[18:23:48] [main/DEBUG] [ne.mi.fm.lo.FMLPaths/CORE]: Path FMLCONFIG is C:\Blue_Lotus_Global_ICM\repos\Eidolon-Unchained\run\config\fml.toml
[18:23:48] [main/DEBUG] [ne.mi.fm.lo.FMLServiceProvider/CORE]: Loading configuration
[18:23:48] [main/DEBUG] [ne.mi.fm.lo.FMLServiceProvider/CORE]: Preparing ModFile
[18:23:48] [main/DEBUG] [ne.mi.fm.lo.FMLServiceProvider/CORE]: Preparing launch handler
[18:23:48] [main/DEBUG] [ne.mi.fm.lo.FMLLoader/CORE]: Using forgeclientuserdev as launch service
[18:23:48] [main/DEBUG] [ne.mi.fm.lo.FMLLoader/CORE]: Received command line version data  : VersionInfo[forgeVersion=47.4.10, mcVersion=1.20.1, mcpVersion=20230612.114412, forgeGroup=net.minecraftforge]
[18:23:48] [main/DEBUG] [cp.mo.mo.TransformationServiceDecorator/MODLAUNCHER]: Initialized transformation service fml
[18:23:48] [main/DEBUG] [cp.mo.mo.NameMappingServiceHandler/MODLAUNCHER]: Current naming domain is 'mcp'
[18:23:48] [main/DEBUG] [cp.mo.mo.NameMappingServiceHandler/MODLAUNCHER]: Identified name mapping providers {srg=srgtomcp:1234}
[18:23:48] [main/DEBUG] [cp.mo.mo.TransformationServicesHandler/MODLAUNCHER]: Transformation services begin scanning
[18:23:48] [main/DEBUG] [cp.mo.mo.TransformationServiceDecorator/MODLAUNCHER]: Beginning scan trigger - transformation service mixin
[18:23:48] [main/DEBUG] [cp.mo.mo.TransformationServiceDecorator/MODLAUNCHER]: End scan trigger - transformation service mixin
[18:23:48] [main/DEBUG] [cp.mo.mo.TransformationServiceDecorator/MODLAUNCHER]: Beginning scan trigger - transformation service fml
[18:23:48] [main/DEBUG] [ne.mi.fm.lo.FMLServiceProvider/CORE]: Initiating mod scan
[18:23:48] [main/DEBUG] [ne.mi.fm.lo.mo.ModListHandler/CORE]: Found mod coordinates from lists: []
[18:23:48] [main/DEBUG] [ne.mi.fm.lo.mo.ModDiscoverer/CORE]: Found Mod Locators : (mods folder:null),(maven libs:null),(exploded directory:null),(minecraft:null),(userdev classpath:null)
[18:23:48] [main/DEBUG] [ne.mi.fm.lo.mo.ModDiscoverer/CORE]: Found Dependency Locators : (JarInJar:null)
[18:23:49] [main/DEBUG] [ne.mi.fm.lo.ta.CommonLaunchHandler/CORE]: Got mod coordinates eidolonunchained%%C:\Blue_Lotus_Global_ICM\repos\Eidolon-Unchained\build\resources\main;eidolonunchained%%C:\Blue_Lotus_Global_ICM\repos\Eidolon-Unchained\build\classes\java\main from env
[18:23:49] [main/DEBUG] [ne.mi.fm.lo.ta.CommonLaunchHandler/CORE]: Found supplied mod coordinates [{eidolonunchained=[C:\Blue_Lotus_Global_ICM\repos\Eidolon-Unchained\build\resources\main, C:\Blue_Lotus_Global_ICM\repos\Eidolon-Unchained\build\classes\java\main]}]
[18:23:49] [main/DEBUG] [ne.mi.fm.lo.mo.ModFileInfo/LOADING]: Found valid mod file forge-1.20.1-47.4.10_mapped_official_1.20.1.jar with {minecraft} mods - versions {1.20.1}
[18:23:49] [main/DEBUG] [ne.mi.fm.lo.mo.ModFileParser/LOADING]: Considering mod file candidate C:\Users\Blue Lotus Coding\.gradle\caches\modules-2\files-2.1\net.minecraftforge\javafmllanguage\1.20.1-47.4.10\ccc533c7dd67e0983217197d7549c8b49e7ab453\javafmllanguage-1.20.1-47.4.10.jar
[18:23:49] [main/WARN] [ne.mi.fm.lo.mo.ModFileParser/LOADING]: Mod file C:\Users\Blue Lotus Coding\.gradle\caches\modules-2\files-2.1\net.minecraftforge\javafmllanguage\1.20.1-47.4.10\ccc533c7dd67e0983217197d7549c8b49e7ab453\javafmllanguage-1.20.1-47.4.10.jar is missing mods.toml file
[18:23:49] [main/DEBUG] [ne.mi.fm.lo.mo.ModFileParser/LOADING]: Considering mod file candidate C:\Users\Blue Lotus Coding\.gradle\caches\modules-2\files-2.1\net.minecraftforge\lowcodelanguage\1.20.1-47.4.10\e9a2879fe3612ea34b9728ec2633304a1e67d480\lowcodelanguage-1.20.1-47.4.10.jar
[18:23:49] [main/WARN] [ne.mi.fm.lo.mo.ModFileParser/LOADING]: Mod file C:\Users\Blue Lotus Coding\.gradle\caches\modules-2\files-2.1\net.minecraftforge\lowcodelanguage\1.20.1-47.4.10\e9a2879fe3612ea34b9728ec2633304a1e67d480\lowcodelanguage-1.20.1-47.4.10.jar is missing mods.toml file
[18:23:49] [main/DEBUG] [ne.mi.fm.lo.mo.ModFileParser/LOADING]: Considering mod file candidate C:\Users\Blue Lotus Coding\.gradle\caches\modules-2\files-2.1\net.minecraftforge\mclanguage\1.20.1-47.4.10\ec5cefbbc65c67302b8fac317010faab85fa14b9\mclanguage-1.20.1-47.4.10.jar
[18:23:49] [main/WARN] [ne.mi.fm.lo.mo.ModFileParser/LOADING]: Mod file C:\Users\Blue Lotus Coding\.gradle\caches\modules-2\files-2.1\net.minecraftforge\mclanguage\1.20.1-47.4.10\ec5cefbbc65c67302b8fac317010faab85fa14b9\mclanguage-1.20.1-47.4.10.jar is missing mods.toml file
[18:23:49] [main/DEBUG] [ne.mi.fm.lo.mo.ModFileParser/LOADING]: Considering mod file candidate C:\Users\Blue Lotus Coding\.gradle\caches\modules-2\files-2.1\net.minecraftforge\fmlcore\1.20.1-47.4.10\94dae566be650566ea9115a1414ab76bfcf5a804\fmlcore-1.20.1-47.4.10.jar
[18:23:49] [main/WARN] [ne.mi.fm.lo.mo.ModFileParser/LOADING]: Mod file C:\Users\Blue Lotus Coding\.gradle\caches\modules-2\files-2.1\net.minecraftforge\fmlcore\1.20.1-47.4.10\94dae566be650566ea9115a1414ab76bfcf5a804\fmlcore-1.20.1-47.4.10.jar is missing mods.toml file
[18:23:49] [main/DEBUG] [ne.mi.fm.lo.mo.ModFileParser/LOADING]: Considering mod file candidate C:\Blue_Lotus_Global_ICM\repos\Eidolon-Unchained\build\resources\main
[18:23:49] [main/DEBUG] [ne.mi.fm.lo.mo.ModFileInfo/LOADING]: Found valid mod file main with {eidolonunchained} mods - versions {2.0.0-alpha.1}
[18:23:49] [main/DEBUG] [ne.mi.fm.lo.mo.ModFileParser/LOADING]: Considering mod file candidate /
[18:23:49] [main/DEBUG] [ne.mi.fm.lo.mo.ModFileInfo/LOADING]: Found valid mod file  with {forge} mods - versions {47.4.10}
[18:23:49] [main/DEBUG] [ne.mi.fm.lo.mo.ModFileParser/LOADING]: Considering mod file candidate C:\Users\Blue Lotus Coding\.gradle\caches\forge_gradle\deobf_dependencies\curse\maven\eidolon-repraised-870250\8723993_mapped_official_1.20.1\eidolon-repraised-870250-8723993_mapped_official_1.20.1.jar
[18:23:49] [main/DEBUG] [ne.mi.fm.lo.mo.ModFileInfo/LOADING]: Found valid mod file eidolon-repraised-870250-8723993_mapped_official_1.20.1.jar with {eidolon} mods - versions {0.3.13}
[18:23:49] [main/DEBUG] [ne.mi.fm.lo.mo.ModFileParser/LOADING]: Considering mod file candidate C:\Users\Blue Lotus Coding\.gradle\caches\forge_gradle\deobf_dependencies\dev\latvian\mods\kubejs-forge\2001.6.5-build.26_mapped_official_1.20.1\kubejs-forge-2001.6.5-build.26_mapped_official_1.20.1.jar
[18:23:49] [main/DEBUG] [ne.mi.fm.lo.mo.ModFileInfo/LOADING]: Found valid mod file kubejs-forge-2001.6.5-build.26_mapped_official_1.20.1.jar with {kubejs} mods - versions {2001.6.5-build.26}
[18:23:49] [main/DEBUG] [ne.mi.fm.lo.mo.ModFileParser/LOADING]: Considering mod file candidate C:\Users\Blue Lotus Coding\.gradle\caches\forge_gradle\deobf_dependencies\dev\latvian\mods\rhino-forge\2001.2.3-build.10_mapped_official_1.20.1\rhino-forge-2001.2.3-build.10_mapped_official_1.20.1.jar
[18:23:49] [main/DEBUG] [ne.mi.fm.lo.mo.ModFileInfo/LOADING]: Found valid mod file rhino-forge-2001.2.3-build.10_mapped_official_1.20.1.jar with {rhino} mods - versions {2001.2.3-build.10}
[18:23:49] [main/DEBUG] [ne.mi.fm.lo.mo.ModFileParser/LOADING]: Considering mod file candidate C:\Users\Blue Lotus Coding\.gradle\caches\forge_gradle\deobf_dependencies\dev\architectury\architectury-forge\9.1.12_mapped_official_1.20.1\architectury-forge-9.1.12_mapped_official_1.20.1.jar
[18:23:49] [main/DEBUG] [ne.mi.fm.lo.mo.ModFileInfo/LOADING]: Found valid mod file architectury-forge-9.1.12_mapped_official_1.20.1.jar with {architectury} mods - versions {9.1.12}
[18:23:49] [main/DEBUG] [ne.mi.fm.lo.mo.ModFileParser/LOADING]: Considering mod file candidate C:\Users\Blue Lotus Coding\.gradle\caches\forge_gradle\deobf_dependencies\software\bernie\geckolib\geckolib-forge-1.20.1\4.8.4_mapped_official_1.20.1\geckolib-forge-1.20.1-4.8.4_mapped_official_1.20.1.jar
[18:23:49] [main/DEBUG] [ne.mi.fm.lo.mo.ModFileInfo/LOADING]: Found valid mod file geckolib-forge-1.20.1-4.8.4_mapped_official_1.20.1.jar with {geckolib} mods - versions {4.8.4}
[18:23:49] [main/DEBUG] [ne.mi.fm.lo.mo.ModFileParser/LOADING]: Considering mod file candidate C:\Users\Blue Lotus Coding\.gradle\caches\forge_gradle\deobf_dependencies\top\theillusivec4\curios\curios-forge\5.14.1+1.20.1_mapped_official_1.20.1\curios-forge-5.14.1+1.20.1_mapped_official_1.20.1.jar
[18:23:49] [main/DEBUG] [ne.mi.fm.lo.mo.ModFileInfo/LOADING]: Found valid mod file curios-forge-5.14.1+1.20.1_mapped_official_1.20.1.jar with {curios} mods - versions {5.14.1+1.20.1}
[18:23:49] [main/DEBUG] [ne.mi.fm.lo.mo.ModFileParser/LOADING]: Considering mod file candidate C:\Users\Blue Lotus Coding\.gradle\caches\forge_gradle\deobf_dependencies\curse\maven\eidolon-repraised-870250\8723993_mapped_official_1.20.1\eidolon-repraised-870250-8723993_mapped_official_1.20.1.jar
[18:23:49] [main/DEBUG] [ne.mi.fm.lo.mo.ModFileInfo/LOADING]: Found valid mod file eidolon-repraised-870250-8723993_mapped_official_1.20.1.jar with {eidolon} mods - versions {0.3.13}
[18:23:49] [main/DEBUG] [ne.mi.fm.lo.mo.ModFileParser/LOADING]: Considering mod file candidate C:\Users\Blue Lotus Coding\.gradle\caches\forge_gradle\deobf_dependencies\dev\latvian\mods\kubejs-forge\2001.6.5-build.26_mapped_official_1.20.1\kubejs-forge-2001.6.5-build.26_mapped_official_1.20.1.jar
[18:23:49] [main/DEBUG] [ne.mi.fm.lo.mo.ModFileInfo/LOADING]: Found valid mod file kubejs-forge-2001.6.5-build.26_mapped_official_1.20.1.jar with {kubejs} mods - versions {2001.6.5-build.26}
[18:23:49] [main/DEBUG] [ne.mi.fm.lo.mo.ModFileParser/LOADING]: Considering mod file candidate C:\Users\Blue Lotus Coding\.gradle\caches\forge_gradle\deobf_dependencies\dev\latvian\mods\rhino-forge\2001.2.3-build.10_mapped_official_1.20.1\rhino-forge-2001.2.3-build.10_mapped_official_1.20.1.jar
[18:23:49] [main/DEBUG] [ne.mi.fm.lo.mo.ModFileInfo/LOADING]: Found valid mod file rhino-forge-2001.2.3-build.10_mapped_official_1.20.1.jar with {rhino} mods - versions {2001.2.3-build.10}
[18:23:49] [main/DEBUG] [ne.mi.fm.lo.mo.ModFileParser/LOADING]: Considering mod file candidate C:\Users\Blue Lotus Coding\.gradle\caches\forge_gradle\deobf_dependencies\dev\architectury\architectury-forge\9.1.12_mapped_official_1.20.1\architectury-forge-9.1.12_mapped_official_1.20.1.jar
[18:23:49] [main/DEBUG] [ne.mi.fm.lo.mo.ModFileInfo/LOADING]: Found valid mod file architectury-forge-9.1.12_mapped_official_1.20.1.jar with {architectury} mods - versions {9.1.12}
[18:23:49] [main/DEBUG] [ne.mi.fm.lo.mo.ModFileParser/LOADING]: Considering mod file candidate C:\Users\Blue Lotus Coding\.gradle\caches\forge_gradle\deobf_dependencies\software\bernie\geckolib\geckolib-forge-1.20.1\4.8.4_mapped_official_1.20.1\geckolib-forge-1.20.1-4.8.4_mapped_official_1.20.1.jar
[18:23:49] [main/DEBUG] [ne.mi.fm.lo.mo.ModFileInfo/LOADING]: Found valid mod file geckolib-forge-1.20.1-4.8.4_mapped_official_1.20.1.jar with {geckolib} mods - versions {4.8.4}
[18:23:49] [main/DEBUG] [ne.mi.fm.lo.mo.ModFileParser/LOADING]: Considering mod file candidate C:\Users\Blue Lotus Coding\.gradle\caches\forge_gradle\deobf_dependencies\top\theillusivec4\curios\curios-forge\5.14.1+1.20.1_mapped_official_1.20.1\curios-forge-5.14.1+1.20.1_mapped_official_1.20.1.jar
[18:23:49] [main/DEBUG] [ne.mi.fm.lo.mo.ModFileInfo/LOADING]: Found valid mod file curios-forge-5.14.1+1.20.1_mapped_official_1.20.1.jar with {curios} mods - versions {5.14.1+1.20.1}
[18:23:49] [main/DEBUG] [ne.mi.fm.lo.UniqueModListBuilder/]: Found 2 mods for first modid rhino, selecting most recent based on version data
[18:23:49] [main/DEBUG] [ne.mi.fm.lo.UniqueModListBuilder/]: Selected file rhino-forge-2001.2.3-build.10_mapped_official_1.20.1.jar for modid rhino with version 2001.2.3-build.10
[18:23:49] [main/DEBUG] [ne.mi.fm.lo.UniqueModListBuilder/]: Found 2 mods for first modid kubejs, selecting most recent based on version data
[18:23:49] [main/DEBUG] [ne.mi.fm.lo.UniqueModListBuilder/]: Selected file kubejs-forge-2001.6.5-build.26_mapped_official_1.20.1.jar for modid kubejs with version 2001.6.5-build.26
[18:23:49] [main/DEBUG] [ne.mi.fm.lo.UniqueModListBuilder/]: Found 2 mods for first modid curios, selecting most recent based on version data
[18:23:49] [main/DEBUG] [ne.mi.fm.lo.UniqueModListBuilder/]: Selected file curios-forge-5.14.1+1.20.1_mapped_official_1.20.1.jar for modid curios with version 5.14.1+1.20.1
[18:23:49] [main/DEBUG] [ne.mi.fm.lo.UniqueModListBuilder/]: Found 2 mods for first modid geckolib, selecting most recent based on version data
[18:23:49] [main/DEBUG] [ne.mi.fm.lo.UniqueModListBuilder/]: Selected file geckolib-forge-1.20.1-4.8.4_mapped_official_1.20.1.jar for modid geckolib with version 4.8.4
[18:23:49] [main/DEBUG] [ne.mi.fm.lo.UniqueModListBuilder/]: Found 2 mods for first modid architectury, selecting most recent based on version data
[18:23:49] [main/DEBUG] [ne.mi.fm.lo.UniqueModListBuilder/]: Selected file architectury-forge-9.1.12_mapped_official_1.20.1.jar for modid architectury with version 9.1.12
[18:23:49] [main/DEBUG] [ne.mi.fm.lo.UniqueModListBuilder/]: Found 2 mods for first modid eidolon, selecting most recent based on version data
[18:23:49] [main/DEBUG] [ne.mi.fm.lo.UniqueModListBuilder/]: Selected file eidolon-repraised-870250-8723993_mapped_official_1.20.1.jar for modid eidolon with version 0.3.13
[18:23:49] [main/DEBUG] [ne.mi.fm.lo.mo.AbstractJarFileDependencyLocator/]: Failed to load resource META-INF\jarjar\metadata.json from forge-1.20.1-47.4.10_mapped_official_1.20.1.jar, it does not contain dependency information.
[18:23:49] [main/DEBUG] [ne.mi.fm.lo.mo.AbstractJarFileDependencyLocator/]: Failed to load resource META-INF\jarjar\metadata.json from rhino-forge-2001.2.3-build.10_mapped_official_1.20.1.jar, it does not contain dependency information.
[18:23:49] [main/DEBUG] [ne.mi.fm.lo.mo.AbstractJarFileDependencyLocator/]: Failed to load resource META-INF\jarjar\metadata.json from main, it does not contain dependency information.
[18:23:49] [main/DEBUG] [ne.mi.fm.lo.mo.AbstractJarFileDependencyLocator/]: Failed to load resource META-INF\jarjar\metadata.json from , it does not contain dependency information.
[18:23:49] [main/DEBUG] [ne.mi.fm.lo.mo.AbstractJarFileDependencyLocator/]: Failed to load resource META-INF\jarjar\metadata.json from curios-forge-5.14.1+1.20.1_mapped_official_1.20.1.jar, it does not contain dependency information.
[18:23:49] [main/DEBUG] [ne.mi.fm.lo.mo.AbstractJarFileDependencyLocator/]: Failed to load resource META-INF\jarjar\metadata.json from architectury-forge-9.1.12_mapped_official_1.20.1.jar, it does not contain dependency information.
[18:23:49] [main/DEBUG] [ne.mi.fm.lo.mo.AbstractJarFileDependencyLocator/]: Failed to load resource META-INF\jarjar\metadata.json from eidolon-repraised-870250-8723993_mapped_official_1.20.1.jar, it does not contain dependency information.
[18:23:49] [main/DEBUG] [ne.mi.fm.lo.mo.AbstractJarFileDependencyLocator/]: Failed to load resource META-INF\jarjar\metadata.json from mclanguage-1.20.1-47.4.10.jar, it does not contain dependency information.
[18:23:49] [main/DEBUG] [ne.mi.fm.lo.mo.AbstractJarFileDependencyLocator/]: Failed to load resource META-INF\jarjar\metadata.json from javafmllanguage-1.20.1-47.4.10.jar, it does not contain dependency information.
[18:23:49] [main/DEBUG] [ne.mi.fm.lo.mo.AbstractJarFileDependencyLocator/]: Failed to load resource META-INF\jarjar\metadata.json from fmlcore-1.20.1-47.4.10.jar, it does not contain dependency information.
[18:23:49] [main/DEBUG] [ne.mi.fm.lo.mo.AbstractJarFileDependencyLocator/]: Failed to load resource META-INF\jarjar\metadata.json from lowcodelanguage-1.20.1-47.4.10.jar, it does not contain dependency information.
[18:23:50] [main/DEBUG] [ne.mi.fm.lo.mo.ModFileParser/LOADING]: Considering mod file candidate 
[18:23:50] [main/DEBUG] [ne.mi.fm.lo.mo.ModFileInfo/LOADING]: Found valid mod file mixinextras-forge-0.2.0-rc.2.jar with {mixinextras} mods - versions {0.2.0-rc.2}
[18:23:50] [main/DEBUG] [ne.mi.fm.lo.mo.AbstractJarFileDependencyLocator/]: Failed to load resource META-INF\jarjar\metadata.json from mclib-20.jar, it does not contain dependency information.
[18:23:50] [main/DEBUG] [ne.mi.fm.lo.mo.AbstractJarFileDependencyLocator/]: Failed to load resource META-INF\jarjar\metadata.json from MixinExtras-0.2.0-rc.2.jar, it does not contain dependency information.
[18:23:50] [main/DEBUG] [ne.mi.fm.lo.mo.ModFileParser/LOADING]: Considering mod file candidate 
[18:23:50] [main/DEBUG] [ne.mi.fm.lo.mo.ModFileInfo/LOADING]: Found valid mod file mixinextras-forge-0.2.0-rc.2.jar with {mixinextras} mods - versions {0.2.0-rc.2}
[18:23:50] [main/INFO] [ne.mi.fm.lo.mo.JarInJarDependencyLocator/]: Found 3 dependencies adding them to mods collection
[18:23:50] [main/DEBUG] [ne.mi.fm.lo.mo.ModFileInfo/LOADING]: Found valid mod file forge-1.20.1-47.4.10_mapped_official_1.20.1.jar with {minecraft} mods - versions {1.20.1}
[18:23:50] [main/DEBUG] [ne.mi.fm.lo.mo.ModFile/LOADING]: Loading mod file C:\Users\Blue Lotus Coding\.gradle\caches\forge_gradle\minecraft_user_repo\net\minecraftforge\forge\1.20.1-47.4.10_mapped_official_1.20.1\forge-1.20.1-47.4.10_mapped_official_1.20.1.jar with languages [LanguageSpec[languageName=minecraft, acceptedVersions=1]]
[18:23:50] [main/DEBUG] [ne.mi.fm.lo.mo.ModFileParser/LOADING]: Considering mod file candidate C:\Blue_Lotus_Global_ICM\repos\Eidolon-Unchained\build\resources\main
[18:23:50] [main/DEBUG] [ne.mi.fm.lo.mo.ModFileInfo/LOADING]: Found valid mod file main with {eidolonunchained} mods - versions {2.0.0-alpha.1}
[18:23:50] [main/DEBUG] [ne.mi.fm.lo.mo.ModFile/LOADING]: Loading mod file C:\Blue_Lotus_Global_ICM\repos\Eidolon-Unchained\build\resources\main with languages [LanguageSpec[languageName=javafml, acceptedVersions=[47,)]]
[18:23:50] [main/DEBUG] [ne.mi.fm.lo.mo.ModFileParser/LOADING]: Considering mod file candidate C:\Users\Blue Lotus Coding\.gradle\caches\forge_gradle\deobf_dependencies\dev\latvian\mods\kubejs-forge\2001.6.5-build.26_mapped_official_1.20.1\kubejs-forge-2001.6.5-build.26_mapped_official_1.20.1.jar
[18:23:50] [main/DEBUG] [ne.mi.fm.lo.mo.ModFileInfo/LOADING]: Found valid mod file kubejs-forge-2001.6.5-build.26_mapped_official_1.20.1.jar with {kubejs} mods - versions {2001.6.5-build.26}
[18:23:50] [main/DEBUG] [ne.mi.fm.lo.mo.ModFile/LOADING]: Loading mod file C:\Users\Blue Lotus Coding\.gradle\caches\forge_gradle\deobf_dependencies\dev\latvian\mods\kubejs-forge\2001.6.5-build.26_mapped_official_1.20.1\kubejs-forge-2001.6.5-build.26_mapped_official_1.20.1.jar with languages [LanguageSpec[languageName=javafml, acceptedVersions=[47,)]]
[18:23:50] [main/DEBUG] [ne.mi.fm.lo.mo.ModFileParser/LOADING]: Considering mod file candidate C:\Users\Blue Lotus Coding\.gradle\caches\forge_gradle\deobf_dependencies\dev\latvian\mods\rhino-forge\2001.2.3-build.10_mapped_official_1.20.1\rhino-forge-2001.2.3-build.10_mapped_official_1.20.1.jar
[18:23:50] [main/DEBUG] [ne.mi.fm.lo.mo.ModFileInfo/LOADING]: Found valid mod file rhino-forge-2001.2.3-build.10_mapped_official_1.20.1.jar with {rhino} mods - versions {2001.2.3-build.10}
[18:23:50] [main/DEBUG] [ne.mi.fm.lo.mo.ModFile/LOADING]: Loading mod file C:\Users\Blue Lotus Coding\.gradle\caches\forge_gradle\deobf_dependencies\dev\latvian\mods\rhino-forge\2001.2.3-build.10_mapped_official_1.20.1\rhino-forge-2001.2.3-build.10_mapped_official_1.20.1.jar with languages [LanguageSpec[languageName=javafml, acceptedVersions=[38,)]]
[18:23:50] [main/DEBUG] [ne.mi.fm.lo.mo.ModFileParser/LOADING]: Considering mod file candidate /
[18:23:50] [main/DEBUG] [ne.mi.fm.lo.mo.ModFileInfo/LOADING]: Found valid mod file  with {forge} mods - versions {47.4.10}
[18:23:50] [main/DEBUG] [ne.mi.fm.lo.mo.ModFile/LOADING]: Loading mod file / with languages [LanguageSpec[languageName=javafml, acceptedVersions=[24,]]]
[18:23:50] [main/DEBUG] [ne.mi.fm.lo.mo.ModFileParser/LOADING]: Found coremod field_to_method with Javascript path coremods/field_to_method.js
[18:23:50] [main/DEBUG] [ne.mi.fm.lo.mo.ModFileParser/LOADING]: Found coremod field_to_instanceof with Javascript path coremods/field_to_instanceof.js
[18:23:50] [main/DEBUG] [ne.mi.fm.lo.mo.ModFileParser/LOADING]: Found coremod add_bouncer_method with Javascript path coremods/add_bouncer_method.js
[18:23:50] [main/DEBUG] [ne.mi.fm.lo.mo.ModFileParser/LOADING]: Found coremod method_redirector with Javascript path coremods/method_redirector.js
[18:23:50] [main/DEBUG] [ne.mi.fm.lo.mo.ModFile/LOADING]: Found coremod coremods/field_to_method.js
[18:23:50] [main/DEBUG] [ne.mi.fm.lo.mo.ModFile/LOADING]: Found coremod coremods/field_to_instanceof.js
[18:23:50] [main/DEBUG] [ne.mi.fm.lo.mo.ModFile/LOADING]: Found coremod coremods/add_bouncer_method.js
[18:23:50] [main/DEBUG] [ne.mi.fm.lo.mo.ModFile/LOADING]: Found coremod coremods/method_redirector.js
[18:23:50] [main/DEBUG] [ne.mi.fm.lo.mo.ModFileParser/LOADING]: Considering mod file candidate C:\Users\Blue Lotus Coding\.gradle\caches\forge_gradle\deobf_dependencies\top\theillusivec4\curios\curios-forge\5.14.1+1.20.1_mapped_official_1.20.1\curios-forge-5.14.1+1.20.1_mapped_official_1.20.1.jar
[18:23:50] [main/DEBUG] [ne.mi.fm.lo.mo.ModFileInfo/LOADING]: Found valid mod file curios-forge-5.14.1+1.20.1_mapped_official_1.20.1.jar with {curios} mods - versions {5.14.1+1.20.1}
[18:23:50] [main/DEBUG] [ne.mi.fm.lo.mo.ModFile/LOADING]: Loading mod file C:\Users\Blue Lotus Coding\.gradle\caches\forge_gradle\deobf_dependencies\top\theillusivec4\curios\curios-forge\5.14.1+1.20.1_mapped_official_1.20.1\curios-forge-5.14.1+1.20.1_mapped_official_1.20.1.jar with languages [LanguageSpec[languageName=javafml, acceptedVersions=[41,)]]
[18:23:50] [main/DEBUG] [ne.mi.fm.lo.mo.ModFileParser/LOADING]: Considering mod file candidate C:\Users\Blue Lotus Coding\.gradle\caches\forge_gradle\deobf_dependencies\software\bernie\geckolib\geckolib-forge-1.20.1\4.8.4_mapped_official_1.20.1\geckolib-forge-1.20.1-4.8.4_mapped_official_1.20.1.jar
[18:23:50] [main/DEBUG] [ne.mi.fm.lo.mo.ModFileInfo/LOADING]: Found valid mod file geckolib-forge-1.20.1-4.8.4_mapped_official_1.20.1.jar with {geckolib} mods - versions {4.8.4}
[18:23:50] [main/DEBUG] [ne.mi.fm.lo.mo.ModFile/LOADING]: Loading mod file C:\Users\Blue Lotus Coding\.gradle\caches\forge_gradle\deobf_dependencies\software\bernie\geckolib\geckolib-forge-1.20.1\4.8.4_mapped_official_1.20.1\geckolib-forge-1.20.1-4.8.4_mapped_official_1.20.1.jar with languages [LanguageSpec[languageName=javafml, acceptedVersions=[47,)]]
[18:23:50] [main/DEBUG] [ne.mi.fm.lo.mo.ModFileParser/LOADING]: Considering mod file candidate C:\Users\Blue Lotus Coding\.gradle\caches\forge_gradle\deobf_dependencies\curse\maven\eidolon-repraised-870250\8723993_mapped_official_1.20.1\eidolon-repraised-870250-8723993_mapped_official_1.20.1.jar
[18:23:50] [main/DEBUG] [ne.mi.fm.lo.mo.ModFileInfo/LOADING]: Found valid mod file eidolon-repraised-870250-8723993_mapped_official_1.20.1.jar with {eidolon} mods - versions {0.3.13}
[18:23:50] [main/DEBUG] [ne.mi.fm.lo.mo.ModFile/LOADING]: Loading mod file C:\Users\Blue Lotus Coding\.gradle\caches\forge_gradle\deobf_dependencies\curse\maven\eidolon-repraised-870250\8723993_mapped_official_1.20.1\eidolon-repraised-870250-8723993_mapped_official_1.20.1.jar with languages [LanguageSpec[languageName=javafml, acceptedVersions=[42,)]]
[18:23:50] [main/DEBUG] [ne.mi.fm.lo.mo.ModFileParser/LOADING]: Considering mod file candidate C:\Users\Blue Lotus Coding\.gradle\caches\forge_gradle\deobf_dependencies\dev\architectury\architectury-forge\9.1.12_mapped_official_1.20.1\architectury-forge-9.1.12_mapped_official_1.20.1.jar
[18:23:50] [main/DEBUG] [ne.mi.fm.lo.mo.ModFileInfo/LOADING]: Found valid mod file architectury-forge-9.1.12_mapped_official_1.20.1.jar with {architectury} mods - versions {9.1.12}
[18:23:50] [main/DEBUG] [ne.mi.fm.lo.mo.ModFile/LOADING]: Loading mod file C:\Users\Blue Lotus Coding\.gradle\caches\forge_gradle\deobf_dependencies\dev\architectury\architectury-forge\9.1.12_mapped_official_1.20.1\architectury-forge-9.1.12_mapped_official_1.20.1.jar with languages [LanguageSpec[languageName=javafml, acceptedVersions=[46,)]]
[18:23:50] [main/DEBUG] [ne.mi.fm.lo.mo.ModFile/LOADING]: Loading mod file  with languages []
[18:23:50] [main/DEBUG] [ne.mi.fm.lo.mo.ModFileParser/LOADING]: Considering mod file candidate 
[18:23:50] [main/DEBUG] [ne.mi.fm.lo.mo.ModFileInfo/LOADING]: Found valid mod file mixinextras-forge-0.2.0-rc.2.jar with {mixinextras} mods - versions {0.2.0-rc.2}
[18:23:50] [main/DEBUG] [ne.mi.fm.lo.mo.ModFile/LOADING]: Loading mod file  with languages [LanguageSpec[languageName=javafml, acceptedVersions=*]]
[18:23:50] [main/DEBUG] [ne.mi.fm.lo.mo.ModFile/LOADING]: Loading mod file  with languages []
[18:23:50] [main/DEBUG] [ne.mi.fm.lo.mo.ModFile/LOADING]: Loading mod file  with languages []
[18:23:50] [main/DEBUG] [ne.mi.fm.lo.mo.ModFileParser/LOADING]: Considering mod file candidate 
[18:23:50] [main/DEBUG] [ne.mi.fm.lo.mo.ModFileInfo/LOADING]: Found valid mod file mixinextras-forge-0.2.0-rc.2.jar with {mixinextras} mods - versions {0.2.0-rc.2}
[18:23:50] [main/DEBUG] [ne.mi.fm.lo.mo.ModFile/LOADING]: Loading mod file  with languages [LanguageSpec[languageName=javafml, acceptedVersions=*]]
[18:23:50] [main/DEBUG] [ne.mi.fm.lo.mo.ModFile/LOADING]: Loading mod file  with languages []
[18:23:50] [main/DEBUG] [cp.mo.mo.TransformationServiceDecorator/MODLAUNCHER]: End scan trigger - transformation service fml
[18:23:50] [main/DEBUG] [ne.mi.fm.lo.LanguageLoadingProvider/CORE]: Found 3 language providers
[18:23:50] [main/DEBUG] [ne.mi.fm.lo.LanguageLoadingProvider/CORE]: Found language provider minecraft, version 1.0
[18:23:50] [main/DEBUG] [ne.mi.fm.lo.LanguageLoadingProvider/CORE]: Found language provider lowcodefml, version 47
[18:23:50] [main/DEBUG] [ne.mi.fm.lo.LanguageLoadingProvider/CORE]: Found language provider javafml, version 47
[18:23:50] [main/DEBUG] [ne.mi.fm.lo.UniqueModListBuilder/]: Found 2 mods for first modid mclib, selecting most recent based on version data
[18:23:50] [main/DEBUG] [ne.mi.fm.lo.UniqueModListBuilder/]: Selected file mclib-20.jar for modid mclib with version 0.0NONE
[18:23:50] [main/DEBUG] [ne.mi.fm.lo.UniqueModListBuilder/]: Found 2 mods for first modid mixinextras, selecting most recent based on version data
[18:23:50] [main/DEBUG] [ne.mi.fm.lo.UniqueModListBuilder/]: Selected file mixinextras-forge-0.2.0-rc.2.jar for modid mixinextras with version 0.2.0-rc.2
[18:23:50] [main/DEBUG] [ne.mi.fm.lo.UniqueModListBuilder/]: Found 2 mods for first modid MixinExtras.rc._2, selecting most recent based on version data
[18:23:50] [main/DEBUG] [ne.mi.fm.lo.UniqueModListBuilder/]: Selected file MixinExtras-0.2.0-rc.2.jar for modid MixinExtras.rc._2 with version 0.0NONE
[18:23:50] [main/DEBUG] [ne.mi.fm.lo.ModSorter/]: Configured system mods: [minecraft, forge]
[18:23:50] [main/DEBUG] [ne.mi.fm.lo.ModSorter/]: Found system mod: minecraft
[18:23:50] [main/DEBUG] [ne.mi.fm.lo.ModSorter/]: Found system mod: forge
[18:23:50] [main/DEBUG] [ne.mi.fm.lo.ModSorter/LOADING]: Found 21 mod requirements (17 mandatory, 4 optional)
[18:23:50] [main/DEBUG] [ne.mi.fm.lo.ModSorter/LOADING]: Found 0 mod requirements missing (0 mandatory, 0 optional)
[18:23:50] [main/DEBUG] [ne.mi.fm.lo.MCPNamingService/CORE]: Loaded 33222 method mappings from methods.csv
[18:23:50] [main/DEBUG] [ne.mi.fm.lo.MCPNamingService/CORE]: Loaded 31003 field mappings from fields.csv
[18:23:51] [main/DEBUG] [cp.mo.mo.TransformationServicesHandler/MODLAUNCHER]: Transformation services loading transformers
[18:23:51] [main/DEBUG] [cp.mo.mo.TransformationServiceDecorator/MODLAUNCHER]: Initializing transformers for transformation service mixin
[18:23:51] [main/DEBUG] [cp.mo.mo.TransformationServiceDecorator/MODLAUNCHER]: Initialized transformers for transformation service mixin
[18:23:51] [main/DEBUG] [cp.mo.mo.TransformationServiceDecorator/MODLAUNCHER]: Initializing transformers for transformation service fml
[18:23:51] [main/DEBUG] [ne.mi.fm.lo.FMLServiceProvider/CORE]: Loading coremod transformers
[18:23:51] [main/DEBUG] [ne.mi.co.CoreModEngine/COREMOD]: Loading CoreMod from coremods/field_to_method.js
[18:23:51] [main/DEBUG] [ne.mi.co.CoreModEngine/COREMOD]: CoreMod loaded successfully
[18:23:51] [main/DEBUG] [ne.mi.co.CoreModEngine/COREMOD]: Loading CoreMod from coremods/field_to_instanceof.js
[18:23:51] [main/DEBUG] [ne.mi.co.CoreModEngine/COREMOD]: CoreMod loaded successfully
[18:23:51] [main/DEBUG] [ne.mi.co.CoreModEngine/COREMOD]: Loading CoreMod from coremods/add_bouncer_method.js
[18:23:51] [main/DEBUG] [ne.mi.co.CoreModEngine/COREMOD]: CoreMod loaded successfully
[18:23:51] [main/DEBUG] [ne.mi.co.CoreModEngine/COREMOD]: Loading CoreMod from coremods/method_redirector.js
[18:23:51] [main/DEBUG] [ne.mi.co.CoreModEngine/COREMOD]: CoreMod loaded successfully
[18:23:51] [main/DEBUG] [cp.mo.mo.TransformStore/MODLAUNCHER]: Adding transformer net.minecraftforge.coremod.transformer.CoreModClassTransformer@2e32fc22 to Target : CLASS {Lnet/minecraft/world/level/biome/Biome;} {} {V}
[18:23:51] [main/DEBUG] [cp.mo.mo.TransformStore/MODLAUNCHER]: Adding transformer net.minecraftforge.coremod.transformer.CoreModClassTransformer@708eb310 to Target : CLASS {Lnet/minecraft/world/level/levelgen/structure/Structure;} {} {V}
[18:23:51] [main/DEBUG] [cp.mo.mo.TransformStore/MODLAUNCHER]: Adding transformer net.minecraftforge.coremod.transformer.CoreModClassTransformer@6ebc9573 to Target : CLASS {Lnet/minecraft/world/effect/MobEffectInstance;} {} {V}
[18:23:51] [main/DEBUG] [cp.mo.mo.TransformStore/MODLAUNCHER]: Adding transformer net.minecraftforge.coremod.transformer.CoreModClassTransformer@1e977098 to Target : CLASS {Lnet/minecraft/world/level/block/LiquidBlock;} {} {V}
[18:23:51] [main/DEBUG] [cp.mo.mo.TransformStore/MODLAUNCHER]: Adding transformer net.minecraftforge.coremod.transformer.CoreModClassTransformer@630390b9 to Target : CLASS {Lnet/minecraft/world/item/BucketItem;} {} {V}
[18:23:51] [main/DEBUG] [cp.mo.mo.TransformStore/MODLAUNCHER]: Adding transformer net.minecraftforge.coremod.transformer.CoreModClassTransformer@6690b9fa to Target : CLASS {Lnet/minecraft/world/level/block/StairBlock;} {} {V}
[18:23:51] [main/DEBUG] [cp.mo.mo.TransformStore/MODLAUNCHER]: Adding transformer net.minecraftforge.coremod.transformer.CoreModClassTransformer@6c8dbf56 to Target : CLASS {Lnet/minecraft/world/level/block/FlowerPotBlock;} {} {V}
[18:23:51] [main/DEBUG] [cp.mo.mo.TransformStore/MODLAUNCHER]: Adding transformer net.minecraftforge.coremod.transformer.CoreModClassTransformer@493b01ef to Target : CLASS {Lnet/minecraft/world/item/ItemStack;} {} {V}
[18:23:51] [main/DEBUG] [cp.mo.mo.TransformStore/MODLAUNCHER]: Adding transformer net.minecraftforge.coremod.transformer.CoreModClassTransformer@36c2d629 to Target : CLASS {Lnet/minecraft/network/play/client/CClientSettingsPacket;} {} {V}
[18:23:51] [main/DEBUG] [cp.mo.mo.TransformStore/MODLAUNCHER]: Adding transformer net.minecraftforge.coremod.transformer.CoreModClassTransformer@55fee662 to Target : CLASS {Lnet/minecraft/world/entity/npc/CatSpawner;} {} {V}
[18:23:51] [main/DEBUG] [cp.mo.mo.TransformStore/MODLAUNCHER]: Adding transformer net.minecraftforge.coremod.transformer.CoreModClassTransformer@55fee662 to Target : CLASS {Lnet/minecraft/world/level/levelgen/structure/structures/OceanMonumentPieces$OceanMonumentPiece;} {} {V}
[18:23:51] [main/DEBUG] [cp.mo.mo.TransformStore/MODLAUNCHER]: Adding transformer net.minecraftforge.coremod.transformer.CoreModClassTransformer@55fee662 to Target : CLASS {Lnet/minecraft/server/commands/RaidCommand;} {} {V}
[18:23:51] [main/DEBUG] [cp.mo.mo.TransformStore/MODLAUNCHER]: Adding transformer net.minecraftforge.coremod.transformer.CoreModClassTransformer@55fee662 to Target : CLASS {Lnet/minecraft/world/entity/EntityType;} {} {V}
[18:23:51] [main/DEBUG] [cp.mo.mo.TransformStore/MODLAUNCHER]: Adding transformer net.minecraftforge.coremod.transformer.CoreModClassTransformer@55fee662 to Target : CLASS {Lnet/minecraft/world/entity/ai/village/VillageSiege;} {} {V}
[18:23:51] [main/DEBUG] [cp.mo.mo.TransformStore/MODLAUNCHER]: Adding transformer net.minecraftforge.coremod.transformer.CoreModClassTransformer@55fee662 to Target : CLASS {Lnet/minecraft/world/entity/npc/Villager;} {} {V}
[18:23:51] [main/DEBUG] [cp.mo.mo.TransformStore/MODLAUNCHER]: Adding transformer net.minecraftforge.coremod.transformer.CoreModClassTransformer@55fee662 to Target : CLASS {Lnet/minecraft/world/level/levelgen/structure/structures/OceanRuinPieces$OceanRuinPiece;} {} {V}
[18:23:51] [main/DEBUG] [cp.mo.mo.TransformStore/MODLAUNCHER]: Adding transformer net.minecraftforge.coremod.transformer.CoreModClassTransformer@55fee662 to Target : CLASS {Lnet/minecraft/server/commands/SummonCommand;} {} {V}
[18:23:51] [main/DEBUG] [cp.mo.mo.TransformStore/MODLAUNCHER]: Adding transformer net.minecraftforge.coremod.transformer.CoreModClassTransformer@55fee662 to Target : CLASS {Lnet/minecraft/world/entity/monster/Spider;} {} {V}
[18:23:51] [main/DEBUG] [cp.mo.mo.TransformStore/MODLAUNCHER]: Adding transformer net.minecraftforge.coremod.transformer.CoreModClassTransformer@55fee662 to Target : CLASS {Lnet/minecraft/world/level/levelgen/PhantomSpawner;} {} {V}
[18:23:51] [main/DEBUG] [cp.mo.mo.TransformStore/MODLAUNCHER]: Adding transformer net.minecraftforge.coremod.transformer.CoreModClassTransformer@55fee662 to Target : CLASS {Lnet/minecraft/world/level/levelgen/PatrolSpawner;} {} {V}
[18:23:51] [main/DEBUG] [cp.mo.mo.TransformStore/MODLAUNCHER]: Adding transformer net.minecraftforge.coremod.transformer.CoreModClassTransformer@55fee662 to Target : CLASS {Lnet/minecraft/world/entity/monster/Evoker$EvokerSummonSpellGoal;} {} {V}
[18:23:51] [main/DEBUG] [cp.mo.mo.TransformStore/MODLAUNCHER]: Adding transformer net.minecraftforge.coremod.transformer.CoreModClassTransformer@55fee662 to Target : CLASS {Lnet/minecraft/world/entity/monster/Zombie;} {} {V}
[18:23:51] [main/DEBUG] [cp.mo.mo.TransformStore/MODLAUNCHER]: Adding transformer net.minecraftforge.coremod.transformer.CoreModClassTransformer@55fee662 to Target : CLASS {Lnet/minecraft/world/entity/monster/ZombieVillager;} {} {V}
[18:23:51] [main/DEBUG] [cp.mo.mo.TransformStore/MODLAUNCHER]: Adding transformer net.minecraftforge.coremod.transformer.CoreModClassTransformer@55fee662 to Target : CLASS {Lnet/minecraft/world/level/NaturalSpawner;} {} {V}
[18:23:51] [main/DEBUG] [cp.mo.mo.TransformStore/MODLAUNCHER]: Adding transformer net.minecraftforge.coremod.transformer.CoreModClassTransformer@55fee662 to Target : CLASS {Lnet/minecraft/world/level/levelgen/structure/structures/SwampHutPiece;} {} {V}
[18:23:51] [main/DEBUG] [cp.mo.mo.TransformStore/MODLAUNCHER]: Adding transformer net.minecraftforge.coremod.transformer.CoreModClassTransformer@55fee662 to Target : CLASS {Lnet/minecraft/world/level/levelgen/structure/structures/WoodlandMansionPieces$WoodlandMansionPiece;} {} {V}
[18:23:51] [main/DEBUG] [cp.mo.mo.TransformStore/MODLAUNCHER]: Adding transformer net.minecraftforge.coremod.transformer.CoreModClassTransformer@55fee662 to Target : CLASS {Lnet/minecraft/world/entity/animal/frog/Tadpole;} {} {V}
[18:23:51] [main/DEBUG] [cp.mo.mo.TransformStore/MODLAUNCHER]: Adding transformer net.minecraftforge.coremod.transformer.CoreModClassTransformer@55fee662 to Target : CLASS {Lnet/minecraft/world/entity/monster/Strider;} {} {V}
[18:23:51] [main/DEBUG] [cp.mo.mo.TransformStore/MODLAUNCHER]: Adding transformer net.minecraftforge.coremod.transformer.CoreModClassTransformer@55fee662 to Target : CLASS {Lnet/minecraft/world/entity/raid/Raid;} {} {V}
[18:23:51] [main/DEBUG] [cp.mo.mo.TransformStore/MODLAUNCHER]: Adding transformer net.minecraftforge.coremod.transformer.CoreModClassTransformer@55fee662 to Target : CLASS {Lnet/minecraft/world/level/levelgen/structure/templatesystem/StructureTemplate;} {} {V}
[18:23:51] [main/DEBUG] [cp.mo.mo.TransformStore/MODLAUNCHER]: Adding transformer net.minecraftforge.coremod.transformer.CoreModClassTransformer@55fee662 to Target : CLASS {Lnet/minecraft/world/entity/animal/horse/SkeletonTrapGoal;} {} {V}
[18:23:51] [main/DEBUG] [cp.mo.mo.TransformationServiceDecorator/MODLAUNCHER]: Initialized transformers for transformation service fml
[18:23:53] [main/DEBUG] [mixin/]: Processing prepare() for PlatformAgent[MixinPlatformAgentDefault:ModLauncher Root Container(ModLauncher:4f56a0a2)]
[18:23:53] [main/DEBUG] [mixin/]: Processing launch tasks for PlatformAgent[MixinPlatformAgentDefault:ModLauncher Root Container(ModLauncher:4f56a0a2)]
[18:23:53] [main/DEBUG] [mixin/]: Adding mixin platform agents for container SecureJarResource(minecraft)
[18:23:53] [main/DEBUG] [mixin/]: Instancing new MixinPlatformAgentMinecraftForge for SecureJarResource(minecraft)
[18:23:53] [main/DEBUG] [mixin/]: MixinPlatformAgentMinecraftForge rejected container SecureJarResource(minecraft)
[18:23:53] [main/DEBUG] [mixin/]: Instancing new MixinPlatformAgentDefault for SecureJarResource(minecraft)
[18:23:53] [main/DEBUG] [mixin/]: MixinPlatformAgentDefault accepted container SecureJarResource(minecraft)
[18:23:53] [main/DEBUG] [mixin/]: Processing prepare() for PlatformAgent[MixinPlatformAgentDefault:SecureJarResource(minecraft)]
[18:23:53] [main/DEBUG] [mixin/]: Adding mixin platform agents for container SecureJarResource(mixinextras)
[18:23:53] [main/DEBUG] [mixin/]: Instancing new MixinPlatformAgentMinecraftForge for SecureJarResource(mixinextras)
[18:23:53] [main/DEBUG] [mixin/]: MixinPlatformAgentMinecraftForge rejected container SecureJarResource(mixinextras)
[18:23:53] [main/DEBUG] [mixin/]: Instancing new MixinPlatformAgentDefault for SecureJarResource(mixinextras)
[18:23:53] [main/DEBUG] [mixin/]: MixinPlatformAgentDefault accepted container SecureJarResource(mixinextras)
[18:23:53] [main/DEBUG] [mixin/]: Processing prepare() for PlatformAgent[MixinPlatformAgentDefault:SecureJarResource(mixinextras)]
[18:23:53] [main/DEBUG] [mixin/]: Registering mixin config: mixinextras.init.mixins.json
[18:23:53] [main/DEBUG] [mixin/]: Adding mixin platform agents for container SecureJarResource(rhino)
[18:23:53] [main/DEBUG] [mixin/]: Instancing new MixinPlatformAgentMinecraftForge for SecureJarResource(rhino)
[18:23:53] [main/DEBUG] [mixin/]: MixinPlatformAgentMinecraftForge rejected container SecureJarResource(rhino)
[18:23:53] [main/DEBUG] [mixin/]: Instancing new MixinPlatformAgentDefault for SecureJarResource(rhino)
[18:23:53] [main/DEBUG] [mixin/]: MixinPlatformAgentDefault accepted container SecureJarResource(rhino)
[18:23:53] [main/DEBUG] [mixin/]: Processing prepare() for PlatformAgent[MixinPlatformAgentDefault:SecureJarResource(rhino)]
[18:23:53] [main/DEBUG] [mixin/]: Registering mixin config: rhino-common.mixins.json
[18:23:53] [main/DEBUG] [mixin/]: Compatibility level JAVA_17 specified by rhino-common.mixins.json is higher than the maximum level supported by this version of mixin (JAVA_13).
[18:23:53] [main/INFO] [mixin/]: Compatibility level set to JAVA_17
[18:23:53] [main/DEBUG] [mixin/]: Adding mixin platform agents for container SecureJarResource(forge)
[18:23:53] [main/DEBUG] [mixin/]: Instancing new MixinPlatformAgentMinecraftForge for SecureJarResource(forge)
[18:23:53] [main/DEBUG] [mixin/]: MixinPlatformAgentMinecraftForge rejected container SecureJarResource(forge)
[18:23:53] [main/DEBUG] [mixin/]: Instancing new MixinPlatformAgentDefault for SecureJarResource(forge)
[18:23:53] [main/DEBUG] [mixin/]: MixinPlatformAgentDefault accepted container SecureJarResource(forge)
[18:23:53] [main/DEBUG] [mixin/]: Processing prepare() for PlatformAgent[MixinPlatformAgentDefault:SecureJarResource(forge)]
[18:23:53] [main/DEBUG] [mixin/]: Adding mixin platform agents for container SecureJarResource(curios)
[18:23:53] [main/DEBUG] [mixin/]: Instancing new MixinPlatformAgentMinecraftForge for SecureJarResource(curios)
[18:23:53] [main/DEBUG] [mixin/]: MixinPlatformAgentMinecraftForge rejected container SecureJarResource(curios)
[18:23:53] [main/DEBUG] [mixin/]: Instancing new MixinPlatformAgentDefault for SecureJarResource(curios)
[18:23:53] [main/DEBUG] [mixin/]: MixinPlatformAgentDefault accepted container SecureJarResource(curios)
[18:23:53] [main/DEBUG] [mixin/]: Processing prepare() for PlatformAgent[MixinPlatformAgentDefault:SecureJarResource(curios)]
[18:23:53] [main/DEBUG] [mixin/]: Registering mixin config: curios.mixins.json
[18:23:53] [main/DEBUG] [mixin/]: Adding mixin platform agents for container SecureJarResource(geckolib)
[18:23:53] [main/DEBUG] [mixin/]: Instancing new MixinPlatformAgentMinecraftForge for SecureJarResource(geckolib)
[18:23:53] [main/DEBUG] [mixin/]: MixinPlatformAgentMinecraftForge rejected container SecureJarResource(geckolib)
[18:23:53] [main/DEBUG] [mixin/]: Instancing new MixinPlatformAgentDefault for SecureJarResource(geckolib)
[18:23:53] [main/DEBUG] [mixin/]: MixinPlatformAgentDefault accepted container SecureJarResource(geckolib)
[18:23:53] [main/DEBUG] [mixin/]: Processing prepare() for PlatformAgent[MixinPlatformAgentDefault:SecureJarResource(geckolib)]
[18:23:53] [main/DEBUG] [mixin/]: Registering mixin config: geckolib.mixins.json
[18:23:53] [main/DEBUG] [mixin/]: Adding mixin platform agents for container SecureJarResource(architectury)
[18:23:53] [main/DEBUG] [mixin/]: Instancing new MixinPlatformAgentMinecraftForge for SecureJarResource(architectury)
[18:23:53] [main/DEBUG] [mixin/]: MixinPlatformAgentMinecraftForge rejected container SecureJarResource(architectury)
[18:23:53] [main/DEBUG] [mixin/]: Instancing new MixinPlatformAgentDefault for SecureJarResource(architectury)
[18:23:53] [main/DEBUG] [mixin/]: MixinPlatformAgentDefault accepted container SecureJarResource(architectury)
[18:23:53] [main/DEBUG] [mixin/]: Processing prepare() for PlatformAgent[MixinPlatformAgentDefault:SecureJarResource(architectury)]
[18:23:53] [main/DEBUG] [mixin/]: Registering mixin config: architectury.mixins.json
[18:23:53] [main/DEBUG] [mixin/]: Compatibility level JAVA_16 specified by architectury.mixins.json is higher than the maximum level supported by this version of mixin (JAVA_13).
[18:23:53] [main/DEBUG] [mixin/]: Registering mixin config: architectury-common.mixins.json
[18:23:53] [main/DEBUG] [mixin/]: Compatibility level JAVA_16 specified by architectury-common.mixins.json is higher than the maximum level supported by this version of mixin (JAVA_13).
[18:23:53] [main/DEBUG] [mixin/]: Adding mixin platform agents for container SecureJarResource(kubejs)
[18:23:53] [main/DEBUG] [mixin/]: Instancing new MixinPlatformAgentMinecraftForge for SecureJarResource(kubejs)
[18:23:53] [main/DEBUG] [mixin/]: MixinPlatformAgentMinecraftForge rejected container SecureJarResource(kubejs)
[18:23:53] [main/DEBUG] [mixin/]: Instancing new MixinPlatformAgentDefault for SecureJarResource(kubejs)
[18:23:53] [main/DEBUG] [mixin/]: MixinPlatformAgentDefault accepted container SecureJarResource(kubejs)
[18:23:53] [main/DEBUG] [mixin/]: Processing prepare() for PlatformAgent[MixinPlatformAgentDefault:SecureJarResource(kubejs)]
[18:23:53] [main/DEBUG] [mixin/]: Registering mixin config: kubejs-forge.mixins.json
[18:23:53] [main/DEBUG] [mixin/]: Registering mixin config: kubejs-common.mixins.json
[18:23:53] [main/DEBUG] [mixin/]: Adding mixin platform agents for container SecureJarResource(eidolon)
[18:23:53] [main/DEBUG] [mixin/]: Instancing new MixinPlatformAgentMinecraftForge for SecureJarResource(eidolon)
[18:23:53] [main/DEBUG] [mixin/]: MixinPlatformAgentMinecraftForge rejected container SecureJarResource(eidolon)
[18:23:53] [main/DEBUG] [mixin/]: Instancing new MixinPlatformAgentDefault for SecureJarResource(eidolon)
[18:23:53] [main/DEBUG] [mixin/]: MixinPlatformAgentDefault accepted container SecureJarResource(eidolon)
[18:23:53] [main/DEBUG] [mixin/]: Processing prepare() for PlatformAgent[MixinPlatformAgentDefault:SecureJarResource(eidolon)]
[18:23:53] [main/DEBUG] [mixin/]: Registering mixin config: eidolon.mixins.json
[18:23:53] [main/DEBUG] [mixin/]: Adding mixin platform agents for container SecureJarResource(eidolonunchained)
[18:23:53] [main/DEBUG] [mixin/]: Instancing new MixinPlatformAgentMinecraftForge for SecureJarResource(eidolonunchained)
[18:23:53] [main/DEBUG] [mixin/]: MixinPlatformAgentMinecraftForge rejected container SecureJarResource(eidolonunchained)
[18:23:53] [main/DEBUG] [mixin/]: Instancing new MixinPlatformAgentDefault for SecureJarResource(eidolonunchained)
[18:23:53] [main/DEBUG] [mixin/]: MixinPlatformAgentDefault accepted container SecureJarResource(eidolonunchained)
[18:23:53] [main/DEBUG] [mixin/]: Processing prepare() for PlatformAgent[MixinPlatformAgentDefault:SecureJarResource(eidolonunchained)]
[18:23:53] [main/DEBUG] [mixin/]: Adding mixin platform agents for container SecureJarResource(mclib)
[18:23:53] [main/DEBUG] [mixin/]: Instancing new MixinPlatformAgentMinecraftForge for SecureJarResource(mclib)
[18:23:53] [main/DEBUG] [mixin/]: MixinPlatformAgentMinecraftForge rejected container SecureJarResource(mclib)
[18:23:53] [main/DEBUG] [mixin/]: Instancing new MixinPlatformAgentDefault for SecureJarResource(mclib)
[18:23:53] [main/DEBUG] [mixin/]: MixinPlatformAgentDefault accepted container SecureJarResource(mclib)
[18:23:53] [main/DEBUG] [mixin/]: Processing prepare() for PlatformAgent[MixinPlatformAgentDefault:SecureJarResource(mclib)]
[18:23:53] [main/DEBUG] [mixin/]: Adding mixin platform agents for container SecureJarResource(MixinExtras.rc._2)
[18:23:53] [main/DEBUG] [mixin/]: Instancing new MixinPlatformAgentMinecraftForge for SecureJarResource(MixinExtras.rc._2)
[18:23:53] [main/DEBUG] [mixin/]: MixinPlatformAgentMinecraftForge rejected container SecureJarResource(MixinExtras.rc._2)
[18:23:53] [main/DEBUG] [mixin/]: Instancing new MixinPlatformAgentDefault for SecureJarResource(MixinExtras.rc._2)
[18:23:53] [main/DEBUG] [mixin/]: MixinPlatformAgentDefault accepted container SecureJarResource(MixinExtras.rc._2)
[18:23:53] [main/DEBUG] [mixin/]: Processing prepare() for PlatformAgent[MixinPlatformAgentDefault:SecureJarResource(MixinExtras.rc._2)]
[18:23:53] [main/DEBUG] [mixin/]: inject() running with 13 agents
[18:23:53] [main/DEBUG] [mixin/]: Processing inject() for PlatformAgent[MixinPlatformAgentDefault:ModLauncher Root Container(ModLauncher:4f56a0a2)]
[18:23:53] [main/DEBUG] [mixin/]: Processing inject() for PlatformAgent[MixinPlatformAgentDefault:SecureJarResource(minecraft)]
[18:23:53] [main/DEBUG] [mixin/]: Processing inject() for PlatformAgent[MixinPlatformAgentDefault:SecureJarResource(mixinextras)]
[18:23:53] [main/DEBUG] [mixin/]: Processing inject() for PlatformAgent[MixinPlatformAgentDefault:SecureJarResource(rhino)]
[18:23:53] [main/DEBUG] [mixin/]: Processing inject() for PlatformAgent[MixinPlatformAgentDefault:SecureJarResource(forge)]
[18:23:53] [main/DEBUG] [mixin/]: Processing inject() for PlatformAgent[MixinPlatformAgentDefault:SecureJarResource(curios)]
[18:23:53] [main/DEBUG] [mixin/]: Processing inject() for PlatformAgent[MixinPlatformAgentDefault:SecureJarResource(geckolib)]
[18:23:53] [main/DEBUG] [mixin/]: Processing inject() for PlatformAgent[MixinPlatformAgentDefault:SecureJarResource(architectury)]
[18:23:53] [main/DEBUG] [mixin/]: Processing inject() for PlatformAgent[MixinPlatformAgentDefault:SecureJarResource(kubejs)]
[18:23:53] [main/DEBUG] [mixin/]: Processing inject() for PlatformAgent[MixinPlatformAgentDefault:SecureJarResource(eidolon)]
[18:23:53] [main/DEBUG] [mixin/]: Processing inject() for PlatformAgent[MixinPlatformAgentDefault:SecureJarResource(eidolonunchained)]
[18:23:53] [main/DEBUG] [mixin/]: Processing inject() for PlatformAgent[MixinPlatformAgentDefault:SecureJarResource(mclib)]
[18:23:53] [main/DEBUG] [mixin/]: Processing inject() for PlatformAgent[MixinPlatformAgentDefault:SecureJarResource(MixinExtras.rc._2)]
[18:23:53] [main/INFO] [cp.mo.mo.LaunchServiceHandler/MODLAUNCHER]: Launching target 'forgeclientuserdev' with arguments [--version, MOD_DEV, --gameDir, ., --assetsDir, C:\Users\Blue Lotus Coding\.gradle\caches\forge_gradle\assets, --assetIndex, 5]
[18:23:54] [main/DEBUG] [mixin/]: Error cleaning class output directory: .mixin.out
[18:23:54] [main/DEBUG] [mixin/]: Preparing mixins for MixinEnvironment[DEFAULT]
[18:23:54] [main/DEBUG] [mixin/]: Selecting config mixinextras.init.mixins.json
[18:23:54] [main/DEBUG] [MixinExtras|Service/]: com.llamalad7.mixinextras.service.MixinExtrasServiceImpl(version=0.2.0-rc.2) is taking over from null
[18:23:54] [main/DEBUG] [mixin/]: Registering new injector for @Inject with org.spongepowered.asm.mixin.injection.struct.CallbackInjectionInfo
[18:23:54] [main/DEBUG] [mixin/]: Registering new injector for @ModifyArg with org.spongepowered.asm.mixin.injection.struct.ModifyArgInjectionInfo
[18:23:54] [main/DEBUG] [mixin/]: Registering new injector for @ModifyArgs with org.spongepowered.asm.mixin.injection.struct.ModifyArgsInjectionInfo
[18:23:54] [main/DEBUG] [mixin/]: Registering new injector for @Redirect with org.spongepowered.asm.mixin.injection.struct.RedirectInjectionInfo
[18:23:54] [main/DEBUG] [mixin/]: Registering new injector for @ModifyVariable with org.spongepowered.asm.mixin.injection.struct.ModifyVariableInjectionInfo
[18:23:54] [main/DEBUG] [mixin/]: Registering new injector for @ModifyConstant with org.spongepowered.asm.mixin.injection.struct.ModifyConstantInjectionInfo
[18:23:54] [main/DEBUG] [mixin/]: Selecting config rhino-common.mixins.json
[18:23:54] [main/INFO] [mixin/]: Remapping refMap rhino-common-refmap.json using C:\Blue_Lotus_Global_ICM\repos\Eidolon-Unchained/build/createSrgToMcp/output.srg
[18:23:54] [main/DEBUG] [mixin/]: Selecting config curios.mixins.json
[18:23:54] [main/INFO] [mixin/]: Remapping refMap curios.refmap.json using C:\Blue_Lotus_Global_ICM\repos\Eidolon-Unchained/build/createSrgToMcp/output.srg
[18:23:54] [main/DEBUG] [mixin/]: Selecting config geckolib.mixins.json
[18:23:54] [main/INFO] [mixin/]: Remapping refMap geckolib.refmap.json using C:\Blue_Lotus_Global_ICM\repos\Eidolon-Unchained/build/createSrgToMcp/output.srg
[18:23:54] [main/DEBUG] [mixin/]: Selecting config architectury.mixins.json
[18:23:54] [main/INFO] [mixin/]: Remapping refMap architectury-forge-refmap.json using C:\Blue_Lotus_Global_ICM\repos\Eidolon-Unchained/build/createSrgToMcp/output.srg
[18:23:54] [main/DEBUG] [mixin/]: Selecting config architectury-common.mixins.json
[18:23:54] [main/INFO] [mixin/]: Remapping refMap architectury-common-refmap.json using C:\Blue_Lotus_Global_ICM\repos\Eidolon-Unchained/build/createSrgToMcp/output.srg
[18:23:54] [main/DEBUG] [mixin/]: Selecting config kubejs-forge.mixins.json
[18:23:54] [main/INFO] [mixin/]: Remapping refMap kubejs-forge-refmap.json using C:\Blue_Lotus_Global_ICM\repos\Eidolon-Unchained/build/createSrgToMcp/output.srg
[18:23:54] [main/DEBUG] [mixin/]: Selecting config kubejs-common.mixins.json
[18:23:54] [main/INFO] [mixin/]: Remapping refMap kubejs-common-refmap.json using C:\Blue_Lotus_Global_ICM\repos\Eidolon-Unchained/build/createSrgToMcp/output.srg
[18:23:54] [main/DEBUG] [mixin/]: Selecting config eidolon.mixins.json
[18:23:54] [main/INFO] [mixin/]: Remapping refMap eidolon.refmap.json using C:\Blue_Lotus_Global_ICM\repos\Eidolon-Unchained/build/createSrgToMcp/output.srg
[18:23:54] [main/DEBUG] [mixin/]: Preparing mixinextras.init.mixins.json (0)
[18:23:54] [main/DEBUG] [mixin/]: Preparing rhino-common.mixins.json (8)
[18:23:54] [main/DEBUG] [mixin/]: Preparing curios.mixins.json (13)
[18:23:54] [main/DEBUG] [mixin/]: Preparing geckolib.mixins.json (1)
[18:23:54] [main/DEBUG] [mixin/]: Preparing architectury.mixins.json (8)
[18:23:55] [main/DEBUG] [mixin/]: Preparing architectury-common.mixins.json (10)
[18:23:55] [main/DEBUG] [ne.mi.co.tr.CoreModBaseTransformer/COREMOD]: Transforming net/minecraft/world/item/BucketItem
[18:23:55] [main/DEBUG] [ne.mi.co.tr.CoreModBaseTransformer/COREMOD]: Transforming net/minecraft/world/entity/EntityType
[18:23:55] [main/DEBUG] [ne.mi.co.tr.CoreModBaseTransformer/COREMOD]: Transforming net/minecraft/world/level/block/LiquidBlock
[18:23:55] [main/DEBUG] [mixin/]: Preparing kubejs-forge.mixins.json (7)
[18:23:55] [main/DEBUG] [mixin/]: Preparing kubejs-common.mixins.json (56)
[18:23:55] [main/DEBUG] [mixin/]: @Mixin target net/minecraft/world/item/crafting/Ingredient$TagValue is public in kubejs-common.mixins.json:IngredientTagValueMixin and should be specified in value
[18:23:55] [main/DEBUG] [ne.mi.co.tr.CoreModBaseTransformer/COREMOD]: Transforming net/minecraft/world/item/ItemStack
[18:23:55] [main/WARN] [mixin/]: Error loading class: dev/emi/emi/EmiUtil (java.lang.ClassNotFoundException: dev.emi.emi.EmiUtil)
[18:23:55] [main/DEBUG] [mixin/]: Skipping virtual target dev/emi/emi/EmiUtil for kubejs-common.mixins.json:mod.EMITooltipMixin
[18:23:55] [main/WARN] [mixin/]: Error loading class: mezz/modnametooltip/TooltipEventHandler (java.lang.ClassNotFoundException: mezz.modnametooltip.TooltipEventHandler)
[18:23:55] [main/DEBUG] [mixin/]: Skipping virtual target mezz/modnametooltip/TooltipEventHandler for kubejs-common.mixins.json:mod.ModNameTooltipMixin
[18:23:55] [main/WARN] [mixin/]: Error loading class: me/shedaniel/rei/impl/client/ClientHelperImpl (java.lang.ClassNotFoundException: me.shedaniel.rei.impl.client.ClientHelperImpl)
[18:23:55] [main/DEBUG] [mixin/]: Skipping virtual target me/shedaniel/rei/impl/client/ClientHelperImpl for kubejs-common.mixins.json:mod.REITooltipMixin
[18:23:55] [main/DEBUG] [mixin/]: Preparing eidolon.mixins.json (10)
[18:23:55] [main/DEBUG] [mixin/]: Inner class dev/latvian/mods/kubejs/core/mixin/common/GameRulesMixin$1 in dev/latvian/mods/kubejs/core/mixin/common/GameRulesMixin on net/minecraft/world/level/GameRules gets unique name net/minecraft/world/level/GameRules$Anonymous$38d4e4ba7ea5456da2851714bfd67d64
[18:23:55] [main/DEBUG] [mixin/]: Prepared 109 mixins in 1.935 sec (17.8ms avg) (0ms load, 0ms transform, 0ms plugin)
[18:23:56] [main/INFO] [MixinExtras|Service/]: Initializing MixinExtras via com.llamalad7.mixinextras.service.MixinExtrasServiceImpl(version=0.2.0-rc.2).
[18:23:56] [main/DEBUG] [mixin/]: Mixing LoadingOverlayMixin from kubejs-common.mixins.json into net.minecraft.client.gui.screens.LoadingOverlay
[18:23:56] [main/DEBUG] [mixin/]: Mixing MixinMinecraft from architectury.mixins.json into net.minecraft.client.Minecraft
[18:23:56] [main/DEBUG] [mixin/]: Mixing MinecraftClientMixin from kubejs-common.mixins.json into net.minecraft.client.Minecraft
[18:23:56] [main/DEBUG] [mixin/]: Renaming synthetic method lambda$kjs$endResourceReload$1()V to md5be7f7$lambda$kjs$endResourceReload$1$0 in kubejs-common.mixins.json:MinecraftClientMixin
[18:23:56] [main/DEBUG] [mixin/]: Renaming synthetic method lambda$kjs$init$0()V to md5be7f7$lambda$kjs$init$0$1 in kubejs-common.mixins.json:MinecraftClientMixin
[18:23:56] [main/DEBUG] [io.ne.ut.in.lo.InternalLoggerFactory/]: Using SLF4J as the default logging framework
[18:23:56] [main/DEBUG] [io.ne.ut.ResourceLeakDetector/]: -Dio.netty.leakDetection.level: simple
[18:23:56] [main/DEBUG] [io.ne.ut.ResourceLeakDetector/]: -Dio.netty.leakDetection.targetRecords: 4
[18:23:56] [main/DEBUG] [mixin/]: Mixing components.MutableComponentMixin from kubejs-common.mixins.json into net.minecraft.network.chat.MutableComponent
[18:23:56] [main/DEBUG] [mixin/]: Mixing TextColorMixin from rhino-common.mixins.json into net.minecraft.network.chat.TextColor
[18:23:56] [main/DEBUG] [mixin/]: Mixing ChatFormattingMixin from rhino-common.mixins.json into net.minecraft.ChatFormatting
[18:23:56] [main/DEBUG] [mixin/]: Mixing ResourceLocationMixin from rhino-common.mixins.json into net.minecraft.resources.ResourceLocation
[18:23:57] [main/DEBUG] [mixin/]: Mixing UtilMixin from kubejs-common.mixins.json into net.minecraft.Util
[18:23:57] [main/DEBUG] [os.ut.FileUtil/]: No oshi.properties file found from ClassLoader cpw.mods.modlauncher.TransformingClassLoader@6807a356
[18:23:57] [main/DEBUG] [os.ut.FileUtil/]: No oshi.architecture.properties file found from ClassLoader cpw.mods.modlauncher.TransformingClassLoader@6807a356
[18:23:58] [pool-4-thread-1/DEBUG] [mixin/]: Mixing ResourceKeyMixin from rhino-common.mixins.json into net.minecraft.resources.ResourceKey
[18:23:58] [pool-4-thread-1/DEBUG] [mixin/]: Mixing inject.MixinGameEvent from architectury-common.mixins.json into net.minecraft.world.level.gameevent.GameEvent
[18:23:58] [pool-4-thread-1/DEBUG] [mixin/]: Mixing inject.MixinBlock from architectury-common.mixins.json into net.minecraft.world.level.block.Block
[18:23:58] [pool-4-thread-1/DEBUG] [mixin/]: Mixing BlockMixin from kubejs-common.mixins.json into net.minecraft.world.level.block.Block
[18:23:58] [pool-4-thread-1/DEBUG] [mixin/]: Mixing BlockBehaviourMixin from kubejs-common.mixins.json into net.minecraft.world.level.block.state.BlockBehaviour
[18:23:58] [pool-4-thread-1/DEBUG] [mixin/]: Mixing LevelMixin from kubejs-common.mixins.json into net.minecraft.world.level.Level
[18:23:58] [pool-4-thread-1/DEBUG] [mixin/]: Mixing ServerLevelMixin from kubejs-common.mixins.json into net.minecraft.server.level.ServerLevel
[18:23:58] [pool-4-thread-1/DEBUG] [mixin/]: Mixing BlockStateBaseMixin from kubejs-common.mixins.json into net.minecraft.world.level.block.state.BlockBehaviour$BlockStateBase
[18:23:58] [pool-4-thread-1/DEBUG] [mixin/]: Mixing AccessorEntity from curios.mixins.json into net.minecraft.world.entity.Entity
[18:23:58] [pool-4-thread-1/DEBUG] [mixin/]: Mixing EntityMixin from kubejs-forge.mixins.json into net.minecraft.world.entity.Entity
[18:23:58] [pool-4-thread-1/DEBUG] [mixin/]: Mixing EntityMixin from kubejs-common.mixins.json into net.minecraft.world.entity.Entity
[18:23:58] [pool-4-thread-1/DEBUG] [mixin/]: Mixing EntityMixin from eidolon.mixins.json into net.minecraft.world.entity.Entity
[18:23:58] [pool-4-thread-1/DEBUG] [mixin/]: Mixing MixinLivingEntity from curios.mixins.json into net.minecraft.world.entity.LivingEntity
[18:23:58] [pool-4-thread-1/DEBUG] [mixin/]: Mixing LivingEntityMixin from kubejs-common.mixins.json into net.minecraft.world.entity.LivingEntity
[18:23:58] [pool-4-thread-1/DEBUG] [mixin/]: Mixing LivingEntityMixin from eidolon.mixins.json into net.minecraft.world.entity.LivingEntity
[18:23:59] [pool-4-thread-1/DEBUG] [mixin/]: Mixing ItemEntityMixin from kubejs-common.mixins.json into net.minecraft.world.entity.item.ItemEntity
[18:23:59] [pool-4-thread-1/DEBUG] [mixin/]: Mixing PlayerMixin from eidolon.mixins.json into net.minecraft.world.entity.player.Player
[18:23:59] [pool-4-thread-1/DEBUG] [mixin/]: Mixing PlayerMixin from kubejs-common.mixins.json into net.minecraft.world.entity.player.Player
[18:24:00] [pool-4-thread-1/DEBUG] [mixin/]: Mixing inject.MixinFluid from architectury-common.mixins.json into net.minecraft.world.level.material.Fluid
[18:24:00] [pool-4-thread-1/DEBUG] [mixin/]: Mixing inject.MixinItem from architectury-common.mixins.json into net.minecraft.world.item.Item
[18:24:00] [pool-4-thread-1/DEBUG] [mixin/]: Mixing ItemMixin from kubejs-common.mixins.json into net.minecraft.world.item.Item
[18:24:00] [pool-4-thread-1/DEBUG] [ne.mi.co.tr.CoreModBaseTransformer/COREMOD]: Transforming net/minecraft/world/entity/EntityType
[18:24:00] [pool-4-thread-1/DEBUG] [mixin/]: Mixing inject.MixinEntityType from architectury-common.mixins.json into net.minecraft.world.entity.EntityType
[18:24:00] [pool-4-thread-1/DEBUG] [mixin/]: Mixing BlockEntityTypeAccessor from eidolon.mixins.json into net.minecraft.world.level.block.entity.BlockEntityType
[18:24:00] [pool-4-thread-1/DEBUG] [mixin/]: Mixing CreativeModeTabMixin from kubejs-common.mixins.json into net.minecraft.world.item.CreativeModeTab
[18:24:00] [pool-4-thread-1/DEBUG] [mixin/]: Mixing DirectionMixin from rhino-common.mixins.json into net.minecraft.core.Direction
[18:24:01] [pool-4-thread-1/DEBUG] [ne.mi.co.tr.CoreModBaseTransformer/COREMOD]: Transforming net/minecraft/world/level/block/LiquidBlock
[18:24:01] [pool-4-thread-1/DEBUG] [mixin/]: Mixing inject.MixinLiquidBlock from architectury-common.mixins.json into net.minecraft.world.level.block.LiquidBlock
[18:24:01] [pool-4-thread-1/DEBUG] [ne.mi.co.tr.CoreModBaseTransformer/COREMOD]: Transforming net/minecraft/world/level/block/StairBlock
[18:24:01] [pool-4-thread-1/DEBUG] [ne.mi.co.tr.CoreModBaseTransformer/COREMOD]: Transforming net/minecraft/world/level/block/FlowerPotBlock
[18:24:01] [pool-4-thread-1/DEBUG] [mixin/]: Mixing MixinPowderSnowBlock from curios.mixins.json into net.minecraft.world.level.block.PowderSnowBlock
[18:24:01] [pool-4-thread-1/DEBUG] [mixin/]: Mixing DyeColorMixin from rhino-common.mixins.json into net.minecraft.world.item.DyeColor
[18:24:01] [pool-4-thread-1/DEBUG] [mixin/]: Mixing MixinFallingBlockEntity from architectury.mixins.json into net.minecraft.world.entity.item.FallingBlockEntity
[18:24:02] [pool-4-thread-1/DEBUG] [mixin/]: Mixing ContainerMixin from kubejs-common.mixins.json into net.minecraft.world.Container
[18:24:02] [pool-4-thread-1/DEBUG] [mixin/]: Mixing AbstractContainerMenuMixin from eidolon.mixins.json into net.minecraft.world.inventory.AbstractContainerMenu
[18:24:02] [pool-4-thread-1/DEBUG] [mixin/]: Mixing ProjectileMixin from eidolon.mixins.json into net.minecraft.world.entity.projectile.Projectile
[18:24:02] [pool-4-thread-1/DEBUG] [ne.mi.co.tr.CoreModBaseTransformer/COREMOD]: Transforming net/minecraft/world/item/ItemStack
[18:24:02] [pool-4-thread-1/DEBUG] [mixin/]: Mixing ItemStackMixin from kubejs-common.mixins.json into net.minecraft.world.item.ItemStack
[18:24:03] [pool-4-thread-1/DEBUG] [mixin/]: Mixing MixinLightningBolt from architectury-common.mixins.json into net.minecraft.world.entity.LightningBolt
[18:24:04] [pool-4-thread-1/DEBUG] [ne.mi.co.tr.CoreModBaseTransformer/COREMOD]: Transforming net/minecraft/world/entity/animal/frog/Tadpole
[18:24:04] [pool-4-thread-1/DEBUG] [mixin/]: Mixing tools.ArmorItemMixin from kubejs-common.mixins.json into net.minecraft.world.item.ArmorItem
[18:24:04] [pool-4-thread-1/DEBUG] [mixin/]: Mixing tools.SwordItemMixin from kubejs-common.mixins.json into net.minecraft.world.item.SwordItem
[18:24:04] [pool-4-thread-1/DEBUG] [mixin/]: Mixing tools.DiggerItemMixin from kubejs-common.mixins.json into net.minecraft.world.item.DiggerItem
[18:24:04] [pool-4-thread-1/DEBUG] [ne.mi.co.tr.CoreModBaseTransformer/COREMOD]: Transforming net/minecraft/world/item/BucketItem
[18:24:04] [pool-4-thread-1/DEBUG] [mixin/]: Mixing inject.MixinBucketItem from architectury-common.mixins.json into net.minecraft.world.item.BucketItem
[18:24:04] [pool-4-thread-1/DEBUG] [mixin/]: Mixing MixinShearsItem from curios.mixins.json into net.minecraft.world.item.ShearsItem
[18:24:04] [pool-4-thread-1/DEBUG] [mixin/]: Mixing tools.TridentItemMixin from kubejs-common.mixins.json into net.minecraft.world.item.TridentItem
[18:24:04] [pool-4-thread-1/DEBUG] [mixin/]: Mixing inject.MixinItemProperties from architectury-common.mixins.json into net.minecraft.world.item.Item$Properties
[18:24:05] [pool-4-thread-1/DEBUG] [mixin/]: Mixing StringTagMixin from rhino-common.mixins.json into net.minecraft.nbt.StringTag
[18:24:05] [pool-4-thread-1/DEBUG] [ne.mi.co.tr.CoreModBaseTransformer/COREMOD]: Transforming net/minecraft/world/entity/monster/Spider
[18:24:06] [pool-4-thread-1/DEBUG] [ne.mi.co.tr.CoreModBaseTransformer/COREMOD]: Transforming net/minecraft/world/entity/monster/Zombie
[18:24:06] [pool-4-thread-1/DEBUG] [ne.mi.co.tr.CoreModBaseTransformer/COREMOD]: Transforming net/minecraft/world/entity/monster/ZombieVillager
[18:24:06] [pool-4-thread-1/DEBUG] [ne.mi.co.tr.CoreModBaseTransformer/COREMOD]: Transforming net/minecraft/world/entity/monster/Evoker$EvokerSummonSpellGoal
[18:24:06] [pool-4-thread-1/DEBUG] [mixin/]: Mixing FireworkRocketEntityMixin from kubejs-common.mixins.json into net.minecraft.world.entity.projectile.FireworkRocketEntity
[18:24:06] [pool-4-thread-1/DEBUG] [mixin/]: Mixing ItemFrameEntityMixin from kubejs-common.mixins.json into net.minecraft.world.entity.decoration.ItemFrame
[18:24:06] [Datafixer Bootstrap/INFO] [mojang/DataFixerBuilder]: 188 Datafixer optimizations took 653 milliseconds
[18:24:06] [pool-4-thread-1/DEBUG] [mixin/]: Mixing CraftingContainerMixin from kubejs-common.mixins.json into net.minecraft.world.inventory.CraftingContainer
[18:24:06] [pool-4-thread-1/DEBUG] [ne.mi.co.tr.CoreModBaseTransformer/COREMOD]: Transforming net/minecraft/world/entity/animal/horse/SkeletonTrapGoal
[18:24:06] [pool-4-thread-1/DEBUG] [ne.mi.co.tr.CoreModBaseTransformer/COREMOD]: Transforming net/minecraft/world/entity/monster/Strider
[18:24:06] [pool-4-thread-1/DEBUG] [mixin/]: Mixing ServerPlayerMixin from kubejs-common.mixins.json into net.minecraft.server.level.ServerPlayer
[18:24:06] [pool-4-thread-1/DEBUG] [ne.mi.co.tr.CoreModBaseTransformer/COREMOD]: Transforming net/minecraft/world/entity/npc/Villager
[18:24:06] [pool-4-thread-1/DEBUG] [mixin/]: Mixing IngredientMixin from kubejs-common.mixins.json into net.minecraft.world.item.crafting.Ingredient
[18:24:06] [pool-4-thread-1/DEBUG] [mixin/]: Mixing inject.MixinFoodPropertiesBuilder from architectury-common.mixins.json into net.minecraft.world.food.FoodProperties$Builder
[18:24:06] [pool-4-thread-1/DEBUG] [ne.mi.co.tr.CoreModBaseTransformer/COREMOD]: Transforming net/minecraft/world/effect/MobEffectInstance
[18:24:06] [pool-4-thread-1/DEBUG] [mixin/]: Mixing PotionBrewingMixin from eidolon.mixins.json into net.minecraft.world.item.alchemy.PotionBrewing
[18:24:06] [pool-4-thread-1/DEBUG] [mixin/]: Renaming @Invoker method callAddMix(Lnet/minecraft/world/item/alchemy/Potion;Lnet/minecraft/world/item/Item;Lnet/minecraft/world/item/alchemy/Potion;)V to callAddMix_$md$5be7f7$0 in eidolon.mixins.json:PotionBrewingMixin
[18:24:06] [pool-4-thread-1/DEBUG] [mixin/]: Mixing NumericTagMixin from rhino-common.mixins.json into net.minecraft.nbt.NumericTag
[18:24:07] [pool-4-thread-1/DEBUG] [mixin/]: Mixing IItemHandlerMixin from kubejs-forge.mixins.json into net.minecraftforge.items.IItemHandler
[18:24:07] [pool-4-thread-1/DEBUG] [mixin/]: Mixing MixinInventory from curios.mixins.json into net.minecraft.world.entity.player.Inventory
[18:24:07] [pool-4-thread-1/DEBUG] [mixin/]: Mixing RecipeMixin from kubejs-common.mixins.json into net.minecraft.world.item.crafting.Recipe
[18:24:07] [pool-4-thread-1/DEBUG] [mixin/]: Mixing MixinApplyBonusCount from curios.mixins.json into net.minecraft.world.level.storage.loot.functions.ApplyBonusCount
[18:24:07] [pool-4-thread-1/DEBUG] [ne.mi.co.tr.CoreModBaseTransformer/COREMOD]: Transforming net/minecraft/world/level/levelgen/structure/Structure
[18:24:07] [pool-4-thread-1/DEBUG] [ne.mi.co.tr.CoreModBaseTransformer/COREMOD]: Transforming net/minecraft/world/level/levelgen/structure/structures/OceanRuinPieces$OceanRuinPiece
[18:24:07] [pool-4-thread-1/DEBUG] [ne.mi.co.tr.CoreModBaseTransformer/COREMOD]: Transforming net/minecraft/world/level/levelgen/structure/structures/SwampHutPiece
[18:24:07] [pool-4-thread-1/DEBUG] [ne.mi.co.tr.CoreModBaseTransformer/COREMOD]: Transforming net/minecraft/world/level/levelgen/structure/structures/OceanMonumentPieces$OceanMonumentPiece
[18:24:07] [pool-4-thread-1/DEBUG] [ne.mi.co.tr.CoreModBaseTransformer/COREMOD]: Transforming net/minecraft/world/level/levelgen/structure/structures/WoodlandMansionPieces$WoodlandMansionPiece
[18:24:08] [pool-4-thread-1/DEBUG] [ne.mi.co.tr.CoreModBaseTransformer/COREMOD]: Transforming net/minecraft/world/level/biome/Biome
[18:24:08] [pool-4-thread-1/DEBUG] [ne.mi.re.GameData/REGISTRIES]: Creating vanilla freeze snapshot
[18:24:08] [pool-4-thread-1/DEBUG] [ne.mi.re.ForgeRegistry/REGISTRIES]: Registry minecraft:block Sync: VANILLA -> ACTIVE
[18:24:08] [pool-4-thread-1/DEBUG] [ne.mi.re.ForgeRegistry/REGISTRIES]: Registry minecraft:fluid Sync: VANILLA -> ACTIVE
[18:24:08] [pool-4-thread-1/DEBUG] [ne.mi.re.ForgeRegistry/REGISTRIES]: Registry minecraft:item Sync: VANILLA -> ACTIVE
[18:24:08] [pool-4-thread-1/DEBUG] [ne.mi.re.ForgeRegistry/REGISTRIES]: Registry minecraft:mob_effect Sync: VANILLA -> ACTIVE
[18:24:08] [pool-4-thread-1/DEBUG] [ne.mi.re.ForgeRegistry/REGISTRIES]: Registry minecraft:sound_event Sync: VANILLA -> ACTIVE
[18:24:08] [pool-4-thread-1/DEBUG] [ne.mi.re.ForgeRegistry/REGISTRIES]: Registry minecraft:potion Sync: VANILLA -> ACTIVE
[18:24:08] [pool-4-thread-1/DEBUG] [ne.mi.re.ForgeRegistry/REGISTRIES]: Registry minecraft:enchantment Sync: VANILLA -> ACTIVE
[18:24:08] [pool-4-thread-1/DEBUG] [ne.mi.re.ForgeRegistry/REGISTRIES]: Registry minecraft:entity_type Sync: VANILLA -> ACTIVE
[18:24:08] [pool-4-thread-1/DEBUG] [ne.mi.re.ForgeRegistry/REGISTRIES]: Registry minecraft:block_entity_type Sync: VANILLA -> ACTIVE
[18:24:08] [pool-4-thread-1/DEBUG] [ne.mi.re.ForgeRegistry/REGISTRIES]: Registry minecraft:particle_type Sync: VANILLA -> ACTIVE
[18:24:08] [pool-4-thread-1/DEBUG] [ne.mi.re.ForgeRegistry/REGISTRIES]: Registry minecraft:menu Sync: VANILLA -> ACTIVE
[18:24:08] [pool-4-thread-1/DEBUG] [ne.mi.re.ForgeRegistry/REGISTRIES]: Registry minecraft:painting_variant Sync: VANILLA -> ACTIVE
[18:24:08] [pool-4-thread-1/DEBUG] [ne.mi.re.ForgeRegistry/REGISTRIES]: Registry minecraft:recipe_type Sync: VANILLA -> ACTIVE
[18:24:08] [pool-4-thread-1/DEBUG] [ne.mi.re.ForgeRegistry/REGISTRIES]: Registry minecraft:recipe_serializer Sync: VANILLA -> ACTIVE
[18:24:08] [pool-4-thread-1/DEBUG] [ne.mi.re.ForgeRegistry/REGISTRIES]: Registry minecraft:attribute Sync: VANILLA -> ACTIVE
[18:24:08] [pool-4-thread-1/DEBUG] [ne.mi.re.ForgeRegistry/REGISTRIES]: Registry minecraft:stat_type Sync: VANILLA -> ACTIVE
[18:24:08] [pool-4-thread-1/DEBUG] [ne.mi.re.ForgeRegistry/REGISTRIES]: Registry minecraft:command_argument_type Sync: VANILLA -> ACTIVE
[18:24:08] [pool-4-thread-1/DEBUG] [ne.mi.re.ForgeRegistry/REGISTRIES]: Registry minecraft:villager_profession Sync: VANILLA -> ACTIVE
[18:24:08] [pool-4-thread-1/DEBUG] [ne.mi.re.ForgeRegistry/REGISTRIES]: Registry minecraft:point_of_interest_type Sync: VANILLA -> ACTIVE
[18:24:08] [pool-4-thread-1/DEBUG] [ne.mi.re.ForgeRegistry/REGISTRIES]: Registry minecraft:memory_module_type Sync: VANILLA -> ACTIVE
[18:24:08] [pool-4-thread-1/DEBUG] [ne.mi.re.ForgeRegistry/REGISTRIES]: Registry minecraft:sensor_type Sync: VANILLA -> ACTIVE
[18:24:08] [pool-4-thread-1/DEBUG] [ne.mi.re.ForgeRegistry/REGISTRIES]: Registry minecraft:schedule Sync: VANILLA -> ACTIVE
[18:24:08] [pool-4-thread-1/DEBUG] [ne.mi.re.ForgeRegistry/REGISTRIES]: Registry minecraft:activity Sync: VANILLA -> ACTIVE
[18:24:08] [pool-4-thread-1/DEBUG] [ne.mi.re.ForgeRegistry/REGISTRIES]: Registry minecraft:worldgen/carver Sync: VANILLA -> ACTIVE
[18:24:08] [pool-4-thread-1/DEBUG] [ne.mi.re.ForgeRegistry/REGISTRIES]: Registry minecraft:worldgen/feature Sync: VANILLA -> ACTIVE
[18:24:08] [pool-4-thread-1/DEBUG] [ne.mi.re.ForgeRegistry/REGISTRIES]: Registry minecraft:chunk_status Sync: VANILLA -> ACTIVE
[18:24:08] [pool-4-thread-1/DEBUG] [ne.mi.re.ForgeRegistry/REGISTRIES]: Registry minecraft:worldgen/block_state_provider_type Sync: VANILLA -> ACTIVE
[18:24:08] [pool-4-thread-1/DEBUG] [ne.mi.re.ForgeRegistry/REGISTRIES]: Registry minecraft:worldgen/foliage_placer_type Sync: VANILLA -> ACTIVE
[18:24:08] [pool-4-thread-1/DEBUG] [ne.mi.re.ForgeRegistry/REGISTRIES]: Registry minecraft:worldgen/tree_decorator_type Sync: VANILLA -> ACTIVE
[18:24:08] [pool-4-thread-1/DEBUG] [ne.mi.re.ForgeRegistry/REGISTRIES]: Registry minecraft:worldgen/biome Sync: VANILLA -> ACTIVE
[18:24:08] [pool-4-thread-1/DEBUG] [ne.mi.re.GameData/REGISTRIES]: Vanilla freeze snapshot created
[18:24:08] [pool-4-thread-1/DEBUG] [io.ne.ut.in.PlatformDependent0/]: -Dio.netty.noUnsafe: false
[18:24:08] [pool-4-thread-1/DEBUG] [io.ne.ut.in.PlatformDependent0/]: Java version: 17
[18:24:08] [pool-4-thread-1/DEBUG] [io.ne.ut.in.PlatformDependent0/]: sun.misc.Unsafe.theUnsafe: available
[18:24:08] [pool-4-thread-1/DEBUG] [io.ne.ut.in.PlatformDependent0/]: sun.misc.Unsafe.copyMemory: available
[18:24:08] [pool-4-thread-1/DEBUG] [io.ne.ut.in.PlatformDependent0/]: sun.misc.Unsafe.storeFence: available
[18:24:08] [pool-4-thread-1/DEBUG] [io.ne.ut.in.PlatformDependent0/]: java.nio.Buffer.address: available
[18:24:08] [pool-4-thread-1/DEBUG] [io.ne.ut.in.PlatformDependent0/]: direct buffer constructor: unavailable
java.lang.UnsupportedOperationException: Reflective setAccessible(true) disabled
	at io.netty.util.internal.ReflectionUtil.trySetAccessible(ReflectionUtil.java:31) ~[netty-common-4.1.82.Final.jar%23151!/:4.1.82.Final] {}
	at io.netty.util.internal.PlatformDependent0$5.run(PlatformDependent0.java:288) ~[netty-common-4.1.82.Final.jar%23151!/:4.1.82.Final] {}
	at java.security.AccessController.doPrivileged(AccessController.java:318) ~[?:?] {}
	at io.netty.util.internal.PlatformDependent0.<clinit>(PlatformDependent0.java:282) ~[netty-common-4.1.82.Final.jar%23151!/:4.1.82.Final] {}
	at io.netty.util.internal.PlatformDependent.isAndroid(PlatformDependent.java:333) ~[netty-common-4.1.82.Final.jar%23151!/:4.1.82.Final] {}
	at io.netty.util.internal.PlatformDependent.<clinit>(PlatformDependent.java:88) ~[netty-common-4.1.82.Final.jar%23151!/:4.1.82.Final] {}
	at io.netty.util.ConstantPool.<init>(ConstantPool.java:34) ~[netty-common-4.1.82.Final.jar%23151!/:4.1.82.Final] {}
	at io.netty.util.AttributeKey$1.<init>(AttributeKey.java:27) ~[netty-common-4.1.82.Final.jar%23151!/:4.1.82.Final] {}
	at io.netty.util.AttributeKey.<clinit>(AttributeKey.java:27) ~[netty-common-4.1.82.Final.jar%23151!/:4.1.82.Final] {}
	at net.minecraftforge.network.NetworkConstants.<clinit>(NetworkConstants.java:34) ~[forge-1.20.1-47.4.10_mapped_official_1.20.1.jar%23190%23197!/:?] {re:classloading}
	at net.minecraftforge.network.NetworkHooks.init(NetworkHooks.java:52) ~[forge-1.20.1-47.4.10_mapped_official_1.20.1.jar%23190%23197!/:?] {re:classloading}
	at net.minecraft.server.Bootstrap.bootStrap(Bootstrap.java:62) ~[forge-1.20.1-47.4.10_mapped_official_1.20.1.jar%23191!/:?] {re:classloading}
	at net.minecraft.client.main.Main.lambda$main$0(Main.java:151) ~[forge-1.20.1-47.4.10_mapped_official_1.20.1.jar%23191!/:?] {re:classloading,pl:runtimedistcleaner:A}
	at java.util.concurrent.Executors$RunnableAdapter.call(Executors.java:539) ~[?:?] {}
	at java.util.concurrent.FutureTask.run(FutureTask.java:264) ~[?:?] {}
	at java.util.concurrent.ThreadPoolExecutor.runWorker(ThreadPoolExecutor.java:1136) ~[?:?] {}
	at java.util.concurrent.ThreadPoolExecutor$Worker.run(ThreadPoolExecutor.java:635) ~[?:?] {}
	at java.lang.Thread.run(Thread.java:840) ~[?:?] {}
[18:24:08] [pool-4-thread-1/DEBUG] [io.ne.ut.in.PlatformDependent0/]: java.nio.Bits.unaligned: available, true
[18:24:08] [pool-4-thread-1/DEBUG] [io.ne.ut.in.PlatformDependent0/]: jdk.internal.misc.Unsafe.allocateUninitializedArray(int): unavailable
java.lang.IllegalAccessException: class io.netty.util.internal.PlatformDependent0$7 (in module io.netty.common) cannot access class jdk.internal.misc.Unsafe (in module java.base) because module java.base does not export jdk.internal.misc to module io.netty.common
	at jdk.internal.reflect.Reflection.newIllegalAccessException(Reflection.java:392) ~[?:?] {}
	at java.lang.reflect.AccessibleObject.checkAccess(AccessibleObject.java:674) ~[?:?] {}
	at java.lang.reflect.Method.invoke(Method.java:561) ~[?:?] {}
	at io.netty.util.internal.PlatformDependent0$7.run(PlatformDependent0.java:410) ~[netty-common-4.1.82.Final.jar%23151!/:4.1.82.Final] {}
	at java.security.AccessController.doPrivileged(AccessController.java:318) ~[?:?] {}
	at io.netty.util.internal.PlatformDependent0.<clinit>(PlatformDependent0.java:401) ~[netty-common-4.1.82.Final.jar%23151!/:4.1.82.Final] {}
	at io.netty.util.internal.PlatformDependent.isAndroid(PlatformDependent.java:333) ~[netty-common-4.1.82.Final.jar%23151!/:4.1.82.Final] {}
	at io.netty.util.internal.PlatformDependent.<clinit>(PlatformDependent.java:88) ~[netty-common-4.1.82.Final.jar%23151!/:4.1.82.Final] {}
	at io.netty.util.ConstantPool.<init>(ConstantPool.java:34) ~[netty-common-4.1.82.Final.jar%23151!/:4.1.82.Final] {}
	at io.netty.util.AttributeKey$1.<init>(AttributeKey.java:27) ~[netty-common-4.1.82.Final.jar%23151!/:4.1.82.Final] {}
	at io.netty.util.AttributeKey.<clinit>(AttributeKey.java:27) ~[netty-common-4.1.82.Final.jar%23151!/:4.1.82.Final] {}
	at net.minecraftforge.network.NetworkConstants.<clinit>(NetworkConstants.java:34) ~[forge-1.20.1-47.4.10_mapped_official_1.20.1.jar%23190%23197!/:?] {re:classloading}
	at net.minecraftforge.network.NetworkHooks.init(NetworkHooks.java:52) ~[forge-1.20.1-47.4.10_mapped_official_1.20.1.jar%23190%23197!/:?] {re:classloading}
	at net.minecraft.server.Bootstrap.bootStrap(Bootstrap.java:62) ~[forge-1.20.1-47.4.10_mapped_official_1.20.1.jar%23191!/:?] {re:classloading}
	at net.minecraft.client.main.Main.lambda$main$0(Main.java:151) ~[forge-1.20.1-47.4.10_mapped_official_1.20.1.jar%23191!/:?] {re:classloading,pl:runtimedistcleaner:A}
	at java.util.concurrent.Executors$RunnableAdapter.call(Executors.java:539) ~[?:?] {}
	at java.util.concurrent.FutureTask.run(FutureTask.java:264) ~[?:?] {}
	at java.util.concurrent.ThreadPoolExecutor.runWorker(ThreadPoolExecutor.java:1136) ~[?:?] {}
	at java.util.concurrent.ThreadPoolExecutor$Worker.run(ThreadPoolExecutor.java:635) ~[?:?] {}
	at java.lang.Thread.run(Thread.java:840) ~[?:?] {}
[18:24:08] [pool-4-thread-1/DEBUG] [io.ne.ut.in.PlatformDependent0/]: java.nio.DirectByteBuffer.<init>(long, int): unavailable
[18:24:08] [pool-4-thread-1/DEBUG] [io.ne.ut.in.PlatformDependent/]: sun.misc.Unsafe: available
[18:24:08] [pool-4-thread-1/DEBUG] [io.ne.ut.in.PlatformDependent/]: maxDirectMemory: 6408896512 bytes (maybe)
[18:24:08] [pool-4-thread-1/DEBUG] [io.ne.ut.in.PlatformDependent/]: -Dio.netty.tmpdir: C:\Users\BLUELO~1\AppData\Local\Temp (java.io.tmpdir)
[18:24:08] [pool-4-thread-1/DEBUG] [io.ne.ut.in.PlatformDependent/]: -Dio.netty.bitMode: 64 (sun.arch.data.model)
[18:24:08] [pool-4-thread-1/DEBUG] [io.ne.ut.in.PlatformDependent/]: Platform: Windows
[18:24:08] [pool-4-thread-1/DEBUG] [io.ne.ut.in.PlatformDependent/]: -Dio.netty.maxDirectMemory: -1 bytes
[18:24:08] [pool-4-thread-1/DEBUG] [io.ne.ut.in.PlatformDependent/]: -Dio.netty.uninitializedArrayAllocationThreshold: -1
[18:24:08] [pool-4-thread-1/DEBUG] [io.ne.ut.in.CleanerJava9/]: java.nio.ByteBuffer.cleaner(): available
[18:24:08] [pool-4-thread-1/DEBUG] [io.ne.ut.in.PlatformDependent/]: -Dio.netty.noPreferDirect: false
[18:24:08] [pool-4-thread-1/DEBUG] [ne.mi.ne.NetworkHooks/]: Loading Network data for FML net version: FML3
[18:24:08] [Render thread/DEBUG] [mixin/]: Mixing LocalPlayerMixin from kubejs-common.mixins.json into net.minecraft.client.player.LocalPlayer
[18:24:08] [Render thread/DEBUG] [mixin/]: Mixing AbstractClientPlayerMixin from kubejs-common.mixins.json into net.minecraft.client.player.AbstractClientPlayer
[18:24:08] [Render thread/DEBUG] [mixin/]: Mixing ScreenMixin from kubejs-common.mixins.json into net.minecraft.client.gui.screens.Screen
[18:24:08] [Render thread/DEBUG] [mixin/]: Mixing MixinClientLevel from architectury.mixins.json into net.minecraft.client.multiplayer.ClientLevel
[18:24:08] [Render thread/DEBUG] [mixin/]: Mixing ClientLevelMixin from kubejs-common.mixins.json into net.minecraft.client.multiplayer.ClientLevel
[18:24:08] [Render thread/DEBUG] [mixin/]: Mixing MixinLevelEvent from architectury.mixins.json into net.minecraftforge.event.level.LevelEvent
[18:24:08] [Render thread/WARN] [minecraft/VanillaPackResourcesBuilder]: Assets URL 'union:/C:/Users/Blue%20Lotus%20Coding/.gradle/caches/forge_gradle/minecraft_user_repo/net/minecraftforge/forge/1.20.1-47.4.10_mapped_official_1.20.1/forge-1.20.1-47.4.10_mapped_official_1.20.1.jar%23191!/assets/.mcassetsroot' uses unexpected schema
[18:24:08] [Render thread/WARN] [minecraft/VanillaPackResourcesBuilder]: Assets URL 'union:/C:/Users/Blue%20Lotus%20Coding/.gradle/caches/forge_gradle/minecraft_user_repo/net/minecraftforge/forge/1.20.1-47.4.10_mapped_official_1.20.1/forge-1.20.1-47.4.10_mapped_official_1.20.1.jar%23191!/data/.mcassetsroot' uses unexpected schema
[18:24:08] [Render thread/INFO] [mojang/YggdrasilAuthenticationService]: Environment: authHost='https://authserver.mojang.com', accountsHost='https://api.mojang.com', sessionHost='https://sessionserver.mojang.com', servicesHost='https://api.minecraftservices.com', name='PROD'
[18:24:09] [Render thread/INFO] [minecraft/Minecraft]: Setting user: Dev
[18:24:09] [Render thread/DEBUG] [mixin/]: Mixing OptionsMixin from kubejs-common.mixins.json into net.minecraft.client.Options
[18:24:09] [Render thread/INFO] [minecraft/Minecraft]: Backend library: LWJGL version 3.3.1 build 7
[18:24:09] [Render thread/DEBUG] [mixin/]: Mixing WindowMixin from kubejs-common.mixins.json into com.mojang.blaze3d.platform.Window
[18:24:09] [Render thread/INFO] [KubeJS/]: Loaded client.properties
[18:24:09] [Render thread/DEBUG] [mixin/]: Mixing KeyboardHandlerMixin from kubejs-common.mixins.json into net.minecraft.client.KeyboardHandler
[18:24:09] [Render thread/DEBUG] [ne.mi.co.ForgeI18n/CORE]: Loading I18N data entries: 6434
[18:24:09] [Render thread/DEBUG] [ne.mi.fm.ModWorkManager/LOADING]: Using 4 threads for parallel mod-loading
[18:24:09] [Render thread/DEBUG] [ne.mi.fm.ja.FMLJavaModLanguageProvider/LOADING]: Loading FMLModContainer from classloader cpw.mods.modlauncher.TransformingClassLoader@6807a356 - got cpw.mods.cl.ModuleClassLoader@31da6b2e
[18:24:09] [Render thread/DEBUG] [ne.mi.fm.ja.FMLModContainer/LOADING]: Creating FMLModContainer instance for com.llamalad7.mixinextras.platform.forge.MixinExtrasMod
[18:24:09] [Render thread/DEBUG] [ne.mi.fm.ja.FMLJavaModLanguageProvider/LOADING]: Loading FMLModContainer from classloader cpw.mods.modlauncher.TransformingClassLoader@6807a356 - got cpw.mods.cl.ModuleClassLoader@31da6b2e
[18:24:09] [Render thread/DEBUG] [ne.mi.fm.ja.FMLModContainer/LOADING]: Creating FMLModContainer instance for dev.latvian.mods.rhino.mod.forge.RhinoModForge
[18:24:09] [Render thread/DEBUG] [ne.mi.fm.ja.FMLJavaModLanguageProvider/LOADING]: Loading FMLModContainer from classloader cpw.mods.modlauncher.TransformingClassLoader@6807a356 - got cpw.mods.cl.ModuleClassLoader@31da6b2e
[18:24:09] [Render thread/DEBUG] [ne.mi.fm.ja.FMLModContainer/LOADING]: Creating FMLModContainer instance for net.minecraftforge.common.ForgeMod
[18:24:09] [Render thread/DEBUG] [ne.mi.fm.ja.FMLJavaModLanguageProvider/LOADING]: Loading FMLModContainer from classloader cpw.mods.modlauncher.TransformingClassLoader@6807a356 - got cpw.mods.cl.ModuleClassLoader@31da6b2e
[18:24:09] [Render thread/DEBUG] [ne.mi.fm.ja.FMLModContainer/LOADING]: Creating FMLModContainer instance for top.theillusivec4.curios.Curios
[18:24:09] [Render thread/DEBUG] [ne.mi.fm.ja.FMLJavaModLanguageProvider/LOADING]: Loading FMLModContainer from classloader cpw.mods.modlauncher.TransformingClassLoader@6807a356 - got cpw.mods.cl.ModuleClassLoader@31da6b2e
[18:24:09] [Render thread/DEBUG] [ne.mi.fm.ja.FMLModContainer/LOADING]: Creating FMLModContainer instance for software.bernie.example.GeckoLibMod
[18:24:09] [Render thread/DEBUG] [ne.mi.fm.ja.FMLJavaModLanguageProvider/LOADING]: Loading FMLModContainer from classloader cpw.mods.modlauncher.TransformingClassLoader@6807a356 - got cpw.mods.cl.ModuleClassLoader@31da6b2e
[18:24:09] [Render thread/DEBUG] [ne.mi.fm.ja.FMLModContainer/LOADING]: Creating FMLModContainer instance for dev.architectury.forge.ArchitecturyForge
[18:24:09] [Render thread/DEBUG] [ne.mi.fm.ja.FMLJavaModLanguageProvider/LOADING]: Loading FMLModContainer from classloader cpw.mods.modlauncher.TransformingClassLoader@6807a356 - got cpw.mods.cl.ModuleClassLoader@31da6b2e
[18:24:09] [Render thread/DEBUG] [ne.mi.fm.ja.FMLModContainer/LOADING]: Creating FMLModContainer instance for dev.latvian.mods.kubejs.forge.KubeJSForge
[18:24:09] [Render thread/DEBUG] [ne.mi.fm.ja.FMLJavaModLanguageProvider/LOADING]: Loading FMLModContainer from classloader cpw.mods.modlauncher.TransformingClassLoader@6807a356 - got cpw.mods.cl.ModuleClassLoader@31da6b2e
[18:24:09] [Render thread/DEBUG] [ne.mi.fm.ja.FMLModContainer/LOADING]: Creating FMLModContainer instance for elucent.eidolon.Eidolon
[18:24:09] [Render thread/DEBUG] [ne.mi.fm.ja.FMLJavaModLanguageProvider/LOADING]: Loading FMLModContainer from classloader cpw.mods.modlauncher.TransformingClassLoader@6807a356 - got cpw.mods.cl.ModuleClassLoader@31da6b2e
[18:24:09] [Render thread/DEBUG] [ne.mi.fm.ja.FMLModContainer/LOADING]: Creating FMLModContainer instance for com.bluelotuscoding.eidolonunchained.EidolonUnchained
[18:24:09] [modloading-worker-0/DEBUG] [ne.mi.fm.ja.AutomaticEventSubscriber/LOADING]: Attempting to inject @EventBusSubscriber classes into the eventbus for mixinextras
[18:24:09] [modloading-worker-0/DEBUG] [ne.mi.fm.ja.AutomaticEventSubscriber/LOADING]: Attempting to inject @EventBusSubscriber classes into the eventbus for rhino
[18:24:09] [modloading-worker-0/DEBUG] [ne.mi.ve.fo.ForgeVersion/CORE]: Forge Version package package net.minecraftforge.versions.forge, Forge, version 47.4 from cpw.mods.modlauncher.TransformingClassLoader@6807a356
[18:24:09] [modloading-worker-0/DEBUG] [mixin/]: Mixing MinecraftServerMixin from kubejs-common.mixins.json into net.minecraft.server.MinecraftServer
[18:24:09] [modloading-worker-0/DEBUG] [ne.mi.ve.fo.ForgeVersion/CORE]: Found Forge version 47.4.10
[18:24:09] [modloading-worker-0/DEBUG] [ne.mi.ve.fo.ForgeVersion/CORE]: Found Forge spec 47.4
[18:24:09] [modloading-worker-0/DEBUG] [ne.mi.ve.fo.ForgeVersion/CORE]: Found Forge group net.minecraftforge
[18:24:09] [modloading-worker-0/DEBUG] [mixin/]: Renaming synthetic method lambda$kjs$endResourceReload$1()V to md5be7f7$lambda$kjs$endResourceReload$1$0 in kubejs-common.mixins.json:MinecraftServerMixin
[18:24:09] [modloading-worker-0/DEBUG] [mixin/]: Renaming synthetic method lambda$kjs$init$0()V to md5be7f7$lambda$kjs$init$0$1 in kubejs-common.mixins.json:MinecraftServerMixin
[18:24:09] [modloading-worker-0/DEBUG] [mixin/]: Mixing inject_resources.MinecraftServerMixin from kubejs-common.mixins.json into net.minecraft.server.MinecraftServer
[18:24:09] [modloading-worker-0/DEBUG] [ne.mi.co.tr.CoreModBaseTransformer/COREMOD]: Transforming net/minecraft/world/level/levelgen/PhantomSpawner
[18:24:09] [modloading-worker-0/DEBUG] [ne.mi.co.tr.CoreModBaseTransformer/COREMOD]: Transforming net/minecraft/world/level/levelgen/PatrolSpawner
[18:24:09] [modloading-worker-0/DEBUG] [ne.mi.co.tr.CoreModBaseTransformer/COREMOD]: Transforming net/minecraft/world/entity/npc/CatSpawner
[18:24:09] [modloading-worker-0/DEBUG] [ne.mi.co.tr.CoreModBaseTransformer/COREMOD]: Transforming net/minecraft/world/entity/ai/village/VillageSiege
[18:24:09] [modloading-worker-0/DEBUG] [ne.mi.ve.mc.MCPVersion/CORE]: MCP Version package package net.minecraftforge.versions.mcp, Minecraft, version 1.20.1 from cpw.mods.modlauncher.TransformingClassLoader@6807a356
[18:24:09] [modloading-worker-0/DEBUG] [ne.mi.ve.mc.MCPVersion/CORE]: Found MC version information 1.20.1
[18:24:09] [modloading-worker-0/DEBUG] [ne.mi.ve.mc.MCPVersion/CORE]: Found MCP version information 20230612.114412
[18:24:09] [modloading-worker-0/INFO] [ne.mi.co.ForgeMod/FORGEMOD]: Forge mod loading, version 47.4.10, for MC 1.20.1 with MCP 20230612.114412
[18:24:09] [modloading-worker-0/INFO] [ne.mi.co.MinecraftForge/FORGE]: MinecraftForge v47.4.10 Initialized
[18:24:09] [modloading-worker-0/DEBUG] [mixin/]: Mixing ReloadableServerResourcesMixin from kubejs-common.mixins.json into net.minecraft.server.ReloadableServerResources
[18:24:09] [modloading-worker-0/DEBUG] [ne.mi.fm.co.ConfigTracker/CONFIG]: Config file curios-client.toml for curios tracking
[18:24:09] [modloading-worker-0/DEBUG] [mixin/]: Mixing RecipeManagerAccessor from kubejs-forge.mixins.json into net.minecraft.world.item.crafting.RecipeManager
[18:24:09] [modloading-worker-0/DEBUG] [mixin/]: Mixing RecipeManagerMixin from kubejs-common.mixins.json into net.minecraft.world.item.crafting.RecipeManager
[18:24:09] [modloading-worker-0/DEBUG] [ne.mi.fm.co.ConfigTracker/CONFIG]: Config file forge-client.toml for forge tracking
[18:24:09] [modloading-worker-0/DEBUG] [ne.mi.fm.co.ConfigTracker/CONFIG]: Config file forge-server.toml for forge tracking
[18:24:09] [modloading-worker-0/DEBUG] [ne.mi.fm.ModLoadingContext/]: Attempted to register an empty config for type COMMON on mod forge
[18:24:09] [modloading-worker-0/DEBUG] [ne.mi.fm.co.ConfigTracker/CONFIG]: Config file curios-common.toml for curios tracking
[18:24:09] [modloading-worker-0/DEBUG] [ne.mi.fm.co.ConfigTracker/CONFIG]: Config file curios-server.toml for curios tracking
[18:24:09] [modloading-worker-0/DEBUG] [ne.mi.fm.ja.AutomaticEventSubscriber/LOADING]: Attempting to inject @EventBusSubscriber classes into the eventbus for curios
[18:24:09] [modloading-worker-0/DEBUG] [ne.mi.fm.ja.AutomaticEventSubscriber/LOADING]: Attempting to inject @EventBusSubscriber classes into the eventbus for forge
[18:24:09] [modloading-worker-0/DEBUG] [ne.mi.fm.ja.AutomaticEventSubscriber/LOADING]: Auto-subscribing net.minecraftforge.common.ForgeSpawnEggItem$CommonHandler to MOD
[18:24:09] [modloading-worker-0/DEBUG] [ne.mi.fm.ja.AutomaticEventSubscriber/LOADING]: Auto-subscribing top.theillusivec4.curios.Curios$ClientProxy to MOD
[18:24:09] [modloading-worker-0/DEBUG] [ne.mi.fm.ja.AutomaticEventSubscriber/LOADING]: Auto-subscribing net.minecraftforge.common.ForgeSpawnEggItem$ColorRegisterHandler to MOD
[18:24:09] [modloading-worker-0/DEBUG] [ne.mi.fm.ja.AutomaticEventSubscriber/LOADING]: Attempting to inject @EventBusSubscriber classes into the eventbus for geckolib
[18:24:09] [modloading-worker-0/DEBUG] [ne.mi.fm.ja.AutomaticEventSubscriber/LOADING]: Auto-subscribing software.bernie.example.GeckoLibMod to FORGE
[18:24:09] [modloading-worker-0/DEBUG] [ne.mi.fm.ja.AutomaticEventSubscriber/LOADING]: Auto-subscribing software.bernie.example.CommonListener to MOD
[18:24:09] [modloading-worker-0/DEBUG] [ne.mi.fm.ja.AutomaticEventSubscriber/LOADING]: Auto-subscribing software.bernie.example.ClientListener to MOD
[18:24:09] [modloading-worker-0/DEBUG] [ne.mi.fm.co.ConfigTracker/CONFIG]: Config file eidolon-client.toml for eidolon tracking
[18:24:10] [modloading-worker-0/DEBUG] [ne.mi.fm.co.ConfigTracker/CONFIG]: Config file eidolon-common.toml for eidolon tracking
[18:24:10] [modloading-worker-0/DEBUG] [ne.mi.fm.ja.AutomaticEventSubscriber/LOADING]: Auto-subscribing net.minecraftforge.client.model.data.ModelDataManager to FORGE
[18:24:10] [modloading-worker-0/DEBUG] [ne.mi.fm.ja.AutomaticEventSubscriber/LOADING]: Auto-subscribing net.minecraftforge.client.ForgeHooksClient$ClientEvents to MOD
[18:24:10] [modloading-worker-0/DEBUG] [ne.mi.fm.ja.AutomaticEventSubscriber/LOADING]: Auto-subscribing net.minecraftforge.client.ClientForgeMod to MOD
[18:24:10] [modloading-worker-0/DEBUG] [ne.mi.fm.co.ConfigTracker/CONFIG]: Config file eidolonunchained-common.toml for eidolonunchained tracking
[18:24:10] [modloading-worker-0/INFO] [co.bl.ei.EidolonUnchained/]: Eidolon Unchained 2.0.0-alpha.1 loading (Eidolon 0.3.13, KubeJS 2001.6.5-build.26, GeckoLib 4.8.4)
[18:24:10] [modloading-worker-0/DEBUG] [ne.mi.fm.ja.AutomaticEventSubscriber/LOADING]: Attempting to inject @EventBusSubscriber classes into the eventbus for eidolonunchained
[18:24:10] [modloading-worker-0/DEBUG] [ne.mi.fm.ja.AutomaticEventSubscriber/LOADING]: Auto-subscribing com.bluelotuscoding.eidolonunchained.kubejs.EUEvents$Client to FORGE
[18:24:10] [modloading-worker-0/INFO] [KubeJS/]: Loaded common.properties
[18:24:10] [modloading-worker-0/DEBUG] [ne.mi.fm.ja.AutomaticEventSubscriber/LOADING]: Auto-subscribing com.bluelotuscoding.eidolonunchained.kubejs.EUEvents to FORGE
[18:24:10] [modloading-worker-0/INFO] [KubeJS/]: Loaded dev.properties
[18:24:10] [modloading-worker-0/INFO] [KubeJS Startup/]: Capturing errors for startup scripts enabled
[18:24:10] [modloading-worker-0/INFO] [KubeJS/]: Looking for KubeJS plugins...
[18:24:10] [modloading-worker-0/DEBUG] [mixin/]: Mixing EventHandlerBridgeMixin from kubejs-common.mixins.json into dev.latvian.mods.kubejs.event.EventHandler
[18:24:10] [modloading-worker-0/INFO] [KubeJS/]: Found plugin source kubejs
[18:24:10] [modloading-worker-0/DEBUG] [mixin/]: Mixing EventHandlerInvoker from kubejs-common.mixins.json into dev.latvian.mods.kubejs.event.EventHandler
[18:24:10] [modloading-worker-0/DEBUG] [mixin/]: Mixing DamageSourceMixin from kubejs-common.mixins.json into net.minecraft.world.damagesource.DamageSource
[18:24:10] [modloading-worker-0/WARN] [KubeJS/]: Plugin dev.latvian.mods.kubejs.integration.forge.gamestages.GameStagesIntegration does not have required mod gamestages loaded, skipping
[18:24:10] [modloading-worker-0/INFO] [KubeJS/]: Found plugin source eidolonunchained
[18:24:10] [modloading-worker-0/INFO] [KubeJS/]: Done in 64.15 ms
[18:24:10] [modloading-worker-0/DEBUG] [ne.mi.fm.ja.AutomaticEventSubscriber/LOADING]: Attempting to inject @EventBusSubscriber classes into the eventbus for architectury
[18:24:10] [modloading-worker-0/DEBUG] [ne.mi.fm.ja.AutomaticEventSubscriber/LOADING]: Auto-subscribing dev.architectury.networking.forge.NetworkManagerImpl to FORGE
[18:24:10] [modloading-worker-0/INFO] [de.ar.ne.fo.NetworkManagerImpl/]: Registering S2C receiver with id architectury:sync_ids
[18:24:10] [modloading-worker-0/INFO] [de.ar.ne.fo.NetworkManagerImpl/]: Registering C2S receiver with id architectury:sync_ids
[18:24:10] [modloading-worker-0/DEBUG] [ne.mi.fm.ja.AutomaticEventSubscriber/LOADING]: Auto-subscribing dev.architectury.registry.forge.ReloadListenerRegistryImpl to FORGE
[18:24:10] [modloading-worker-0/DEBUG] [ne.mi.fm.ja.AutomaticEventSubscriber/LOADING]: Auto-subscribing dev.architectury.registry.forge.CreativeTabRegistryImpl to MOD
[18:24:10] [modloading-worker-0/DEBUG] [ne.mi.fm.ja.AutomaticEventSubscriber/LOADING]: Auto-subscribing dev.architectury.registry.level.entity.trade.forge.TradeRegistryImpl to FORGE
[18:24:10] [modloading-worker-0/DEBUG] [ne.mi.fm.ja.AutomaticEventSubscriber/LOADING]: Auto-subscribing dev.architectury.registry.client.keymappings.forge.KeyMappingRegistryImpl to MOD
[18:24:10] [modloading-worker-0/DEBUG] [ne.mi.fm.ja.AutomaticEventSubscriber/LOADING]: Auto-subscribing dev.architectury.registry.client.particle.forge.ParticleProviderRegistryImpl to MOD
[18:24:10] [modloading-worker-0/DEBUG] [mixin/]: Mixing CropBlockMixin from kubejs-forge.mixins.json into dev.latvian.mods.kubejs.block.custom.BasicCropBlockJS
[18:24:10] [modloading-worker-0/INFO] [co.bl.ei.EidolonUnchained/]: KubeJS plugin registered: event group 'EidolonUnchainedEvents'
[18:24:10] [modloading-worker-0/INFO] [Rhino Script Remapper/]: Loading Rhino Minecraft remapper...
[18:24:10] [modloading-worker-0/INFO] [de.la.mo.rh.mo.ut.RhinoProperties/]: Rhino properties loaded.
[18:24:10] [modloading-worker-0/INFO] [Rhino Script Remapper/]: Loading mappings for 1.20.1
[18:24:10] [modloading-worker-0/DEBUG] [ne.mi.fm.ja.AutomaticEventSubscriber/LOADING]: Attempting to inject @EventBusSubscriber classes into the eventbus for eidolon
[18:24:10] [modloading-worker-0/DEBUG] [ne.mi.fm.ja.AutomaticEventSubscriber/LOADING]: Auto-subscribing elucent.eidolon.registries.EidolonKeybindings to MOD
[18:24:10] [modloading-worker-0/DEBUG] [ne.mi.fm.ja.AutomaticEventSubscriber/LOADING]: Auto-subscribing elucent.eidolon.registries.EidolonAttributes to MOD
[18:24:10] [modloading-worker-0/DEBUG] [ne.mi.fm.ja.AutomaticEventSubscriber/LOADING]: Auto-subscribing elucent.eidolon.event.ClientEvents to FORGE
[18:24:10] [modloading-worker-0/DEBUG] [mixin/]: Mixing LevelRendererMixin from eidolon.mixins.json into net.minecraft.client.renderer.LevelRenderer
[18:24:10] [modloading-worker-0/INFO] [Rhino Script Remapper/]: Done in 0.165 s
[18:24:10] [modloading-worker-0/DEBUG] [ne.mi.fm.ja.AutomaticEventSubscriber/LOADING]: Auto-subscribing elucent.eidolon.datagen.Datagen to MOD
[18:24:10] [modloading-worker-0/DEBUG] [ne.mi.fm.ja.AutomaticEventSubscriber/LOADING]: Auto-subscribing elucent.eidolon.client.ClientRegistry to MOD
[18:24:10] [modloading-worker-0/DEBUG] [mixin/]: Mixing components.ClickEventMixin from kubejs-common.mixins.json into net.minecraft.network.chat.ClickEvent
[18:24:10] [modloading-worker-0/DEBUG] [mixin/]: Renaming synthetic method lambda$toJsonJS$0(Lcom/google/gson/JsonObject;)V to md5be7f7$lambda$toJsonJS$0$0 in kubejs-common.mixins.json:components.ClickEventMixin
[18:24:10] [modloading-worker-0/DEBUG] [mixin/]: Mixing TrivialIngredientsMixin from kubejs-forge.mixins.json into net.minecraftforge.common.crafting.PartialNBTIngredient
[18:24:10] [modloading-worker-0/DEBUG] [mixin/]: Mixing TrivialIngredientsMixin from kubejs-forge.mixins.json into net.minecraftforge.common.crafting.StrictNBTIngredient
[18:24:10] [modloading-worker-0/DEBUG] [mixin/]: Mixing DifferenceIngredientMixin from kubejs-forge.mixins.json into net.minecraftforge.common.crafting.DifferenceIngredient
[18:24:10] [modloading-worker-0/DEBUG] [mixin/]: Mixing WorldOpenFlowsMixin from kubejs-common.mixins.json into net.minecraft.client.gui.screens.worldselection.WorldOpenFlows
[18:24:11] [modloading-worker-0/DEBUG] [mixin/]: Mixing client.TextureManagerMixin from geckolib.mixins.json into net.minecraft.client.renderer.texture.TextureManager
[18:24:11] [modloading-worker-0/INFO] [KubeJS Startup/]: Loaded script startup_scripts:eu_smoke.js in 0.074 s
[18:24:11] [modloading-worker-0/INFO] [KubeJS Startup/]: Loaded 1/1 KubeJS startup scripts in 0.634 s with 0 errors and 0 warnings
[18:24:11] [modloading-worker-0/INFO] [KubeJS Client/]: Loaded script client_scripts:eu_smoke.js in 0.0 s
[18:24:11] [modloading-worker-0/INFO] [KubeJS Client/]: Loaded 1/1 KubeJS client scripts in 0.019 s with 0 errors and 0 warnings
[18:24:11] [modloading-worker-0/INFO] [de.ar.ne.fo.NetworkManagerImpl/]: Registering C2S receiver with id kubejs:send_data_from_client
[18:24:11] [modloading-worker-0/INFO] [de.ar.ne.fo.NetworkManagerImpl/]: Registering S2C receiver with id kubejs:send_data_from_server
[18:24:11] [modloading-worker-0/INFO] [de.ar.ne.fo.NetworkManagerImpl/]: Registering S2C receiver with id kubejs:paint
[18:24:11] [modloading-worker-0/INFO] [de.ar.ne.fo.NetworkManagerImpl/]: Registering S2C receiver with id kubejs:add_stage
[18:24:11] [modloading-worker-0/INFO] [de.ar.ne.fo.NetworkManagerImpl/]: Registering S2C receiver with id kubejs:remove_stage
[18:24:11] [modloading-worker-0/INFO] [de.ar.ne.fo.NetworkManagerImpl/]: Registering S2C receiver with id kubejs:sync_stages
[18:24:11] [modloading-worker-0/INFO] [de.ar.ne.fo.NetworkManagerImpl/]: Registering C2S receiver with id kubejs:first_click
[18:24:11] [modloading-worker-0/INFO] [de.ar.ne.fo.NetworkManagerImpl/]: Registering S2C receiver with id kubejs:toast
[18:24:11] [modloading-worker-0/INFO] [de.ar.ne.fo.NetworkManagerImpl/]: Registering S2C receiver with id kubejs:reload_startup_scripts
[18:24:11] [modloading-worker-0/INFO] [de.ar.ne.fo.NetworkManagerImpl/]: Registering S2C receiver with id kubejs:display_server_errors
[18:24:11] [modloading-worker-0/INFO] [de.ar.ne.fo.NetworkManagerImpl/]: Registering S2C receiver with id kubejs:display_client_errors
[18:24:11] [modloading-worker-0/DEBUG] [mixin/]: Mixing IngredientsWithChildrenMixin from kubejs-forge.mixins.json into net.minecraftforge.common.crafting.CompoundIngredient
[18:24:11] [modloading-worker-0/DEBUG] [ne.mi.fm.ja.AutomaticEventSubscriber/LOADING]: Attempting to inject @EventBusSubscriber classes into the eventbus for kubejs
[18:24:11] [Render thread/DEBUG] [ne.mi.re.ObjectHolderRegistry/REGISTRIES]: Processing ObjectHolder annotations
[18:24:11] [Render thread/DEBUG] [ne.mi.re.ObjectHolderRegistry/REGISTRIES]: Found 4274 ObjectHolder annotations
[18:24:11] [Render thread/DEBUG] [ne.mi.co.ca.CapabilityManager/CAPABILITIES]: Attempting to automatically register: Lnet/minecraftforge/energy/IEnergyStorage;
[18:24:11] [Render thread/DEBUG] [ne.mi.co.ca.CapabilityManager/CAPABILITIES]: Attempting to automatically register: Lnet/minecraftforge/fluids/capability/IFluidHandler;
[18:24:11] [Render thread/DEBUG] [ne.mi.co.ca.CapabilityManager/CAPABILITIES]: Attempting to automatically register: Lnet/minecraftforge/fluids/capability/IFluidHandlerItem;
[18:24:11] [Render thread/DEBUG] [ne.mi.co.ca.CapabilityManager/CAPABILITIES]: Attempting to automatically register: Lnet/minecraftforge/items/IItemHandler;
[18:24:11] [Render thread/DEBUG] [ne.mi.re.GameData/REGISTRIES]: Unfreezing vanilla registries
[18:24:11] [Render thread/INFO] [KubeJS/]: Skipping minecraft:sound_event registry
[18:24:11] [Render thread/DEBUG] [ne.mi.re.GameData/REGISTRIES]: Applying holder lookups: minecraft:sound_event
[18:24:11] [Render thread/DEBUG] [ne.mi.re.GameData/REGISTRIES]: Holder lookups applied: minecraft:sound_event
[18:24:11] [Render thread/INFO] [KubeJS/]: Skipping minecraft:fluid registry
[18:24:11] [Render thread/DEBUG] [ne.mi.re.GameData/REGISTRIES]: Applying holder lookups: minecraft:fluid
[18:24:11] [Render thread/DEBUG] [ne.mi.re.GameData/REGISTRIES]: Holder lookups applied: minecraft:fluid
[18:24:11] [Render thread/INFO] [KubeJS/]: Skipping minecraft:block registry
[18:24:11] [Render thread/DEBUG] [ne.mi.re.GameData/REGISTRIES]: Applying holder lookups: minecraft:block
[18:24:11] [Render thread/DEBUG] [ne.mi.re.GameData/REGISTRIES]: Holder lookups applied: minecraft:block
[18:24:11] [Render thread/INFO] [KubeJS/]: Skipping minecraft:attribute registry
[18:24:11] [Render thread/DEBUG] [ne.mi.re.GameData/REGISTRIES]: Applying holder lookups: minecraft:attribute
[18:24:11] [Render thread/DEBUG] [ne.mi.re.GameData/REGISTRIES]: Holder lookups applied: minecraft:attribute
[18:24:11] [Render thread/INFO] [KubeJS/]: Skipping minecraft:mob_effect registry
[18:24:11] [Render thread/DEBUG] [ne.mi.re.GameData/REGISTRIES]: Applying holder lookups: minecraft:mob_effect
[18:24:11] [Render thread/DEBUG] [ne.mi.re.GameData/REGISTRIES]: Holder lookups applied: minecraft:mob_effect
[18:24:11] [Render thread/INFO] [KubeJS/]: Skipping minecraft:particle_type registry
[18:24:11] [Render thread/DEBUG] [ne.mi.re.GameData/REGISTRIES]: Applying holder lookups: minecraft:particle_type
[18:24:11] [Render thread/DEBUG] [ne.mi.re.GameData/REGISTRIES]: Holder lookups applied: minecraft:particle_type
[18:24:11] [Render thread/DEBUG] [so.be.ge.GeckoLib/]: Registered SyncedAnimatable for class software.bernie.example.item.JackInTheBoxItem
[18:24:11] [Render thread/INFO] [KubeJS/]: Skipping minecraft:item registry
[18:24:11] [Render thread/DEBUG] [ne.mi.re.GameData/REGISTRIES]: Applying holder lookups: minecraft:item
[18:24:11] [Render thread/DEBUG] [ne.mi.re.GameData/REGISTRIES]: Holder lookups applied: minecraft:item
[18:24:11] [Render thread/INFO] [KubeJS/]: Skipping minecraft:entity_type registry
[18:24:11] [Render thread/DEBUG] [ne.mi.re.GameData/REGISTRIES]: Applying holder lookups: minecraft:entity_type
[18:24:11] [Render thread/DEBUG] [ne.mi.re.GameData/REGISTRIES]: Holder lookups applied: minecraft:entity_type
[18:24:11] [Render thread/INFO] [KubeJS/]: Skipping minecraft:sensor_type registry
[18:24:11] [Render thread/DEBUG] [ne.mi.re.GameData/REGISTRIES]: Applying holder lookups: minecraft:sensor_type
[18:24:11] [Render thread/DEBUG] [ne.mi.re.GameData/REGISTRIES]: Holder lookups applied: minecraft:sensor_type
[18:24:11] [Render thread/INFO] [KubeJS/]: Skipping minecraft:memory_module_type registry
[18:24:11] [Render thread/DEBUG] [ne.mi.re.GameData/REGISTRIES]: Applying holder lookups: minecraft:memory_module_type
[18:24:11] [Render thread/DEBUG] [ne.mi.re.GameData/REGISTRIES]: Holder lookups applied: minecraft:memory_module_type
[18:24:11] [Render thread/INFO] [KubeJS/]: Skipping minecraft:potion registry
[18:24:11] [Render thread/DEBUG] [ne.mi.re.GameData/REGISTRIES]: Applying holder lookups: minecraft:potion
[18:24:11] [Render thread/DEBUG] [ne.mi.re.GameData/REGISTRIES]: Holder lookups applied: minecraft:potion
[18:24:11] [Render thread/INFO] [KubeJS/]: Skipping minecraft:game_event registry
[18:24:11] [Render thread/DEBUG] [ne.mi.re.GameData/REGISTRIES]: Applying holder lookups: minecraft:game_event
[18:24:11] [Render thread/DEBUG] [ne.mi.re.GameData/REGISTRIES]: Holder lookups applied: minecraft:game_event
[18:24:11] [Render thread/INFO] [KubeJS/]: Skipping minecraft:enchantment registry
[18:24:11] [Render thread/DEBUG] [ne.mi.re.GameData/REGISTRIES]: Applying holder lookups: minecraft:enchantment
[18:24:11] [Render thread/DEBUG] [ne.mi.re.GameData/REGISTRIES]: Holder lookups applied: minecraft:enchantment
[18:24:11] [Render thread/INFO] [KubeJS/]: Skipping minecraft:block_entity_type registry
[18:24:11] [Render thread/DEBUG] [ne.mi.re.GameData/REGISTRIES]: Applying holder lookups: minecraft:block_entity_type
[18:24:11] [Render thread/DEBUG] [ne.mi.re.GameData/REGISTRIES]: Holder lookups applied: minecraft:block_entity_type
[18:24:11] [Render thread/INFO] [KubeJS/]: Skipping minecraft:painting_variant registry
[18:24:11] [Render thread/DEBUG] [ne.mi.re.GameData/REGISTRIES]: Applying holder lookups: minecraft:painting_variant
[18:24:11] [Render thread/DEBUG] [ne.mi.re.GameData/REGISTRIES]: Holder lookups applied: minecraft:painting_variant
[18:24:11] [Render thread/INFO] [KubeJS/]: Skipping minecraft:stat_type registry
[18:24:11] [Render thread/DEBUG] [ne.mi.re.GameData/REGISTRIES]: Applying holder lookups: minecraft:stat_type
[18:24:11] [Render thread/DEBUG] [ne.mi.re.GameData/REGISTRIES]: Holder lookups applied: minecraft:stat_type
[18:24:11] [Render thread/INFO] [KubeJS/]: Skipping minecraft:custom_stat registry
[18:24:11] [Render thread/DEBUG] [ne.mi.re.GameData/REGISTRIES]: Applying holder lookups: minecraft:custom_stat
[18:24:11] [Render thread/DEBUG] [ne.mi.re.GameData/REGISTRIES]: Holder lookups applied: minecraft:custom_stat
[18:24:11] [Render thread/INFO] [KubeJS/]: Skipping minecraft:chunk_status registry
[18:24:11] [Render thread/DEBUG] [ne.mi.re.GameData/REGISTRIES]: Applying holder lookups: minecraft:chunk_status
[18:24:11] [Render thread/DEBUG] [ne.mi.re.GameData/REGISTRIES]: Holder lookups applied: minecraft:chunk_status
[18:24:11] [Render thread/INFO] [KubeJS/]: Skipping minecraft:rule_test registry
[18:24:11] [Render thread/DEBUG] [ne.mi.re.GameData/REGISTRIES]: Applying holder lookups: minecraft:rule_test
[18:24:11] [Render thread/DEBUG] [ne.mi.re.GameData/REGISTRIES]: Holder lookups applied: minecraft:rule_test
[18:24:11] [Render thread/INFO] [KubeJS/]: Skipping minecraft:rule_block_entity_modifier registry
[18:24:11] [Render thread/DEBUG] [ne.mi.re.GameData/REGISTRIES]: Applying holder lookups: minecraft:rule_block_entity_modifier
[18:24:11] [Render thread/DEBUG] [ne.mi.re.GameData/REGISTRIES]: Holder lookups applied: minecraft:rule_block_entity_modifier
[18:24:11] [Render thread/INFO] [KubeJS/]: Skipping minecraft:pos_rule_test registry
[18:24:11] [Render thread/DEBUG] [ne.mi.re.GameData/REGISTRIES]: Applying holder lookups: minecraft:pos_rule_test
[18:24:11] [Render thread/DEBUG] [ne.mi.re.GameData/REGISTRIES]: Holder lookups applied: minecraft:pos_rule_test
[18:24:11] [Render thread/INFO] [KubeJS/]: Skipping minecraft:menu registry
[18:24:11] [Render thread/DEBUG] [ne.mi.re.GameData/REGISTRIES]: Applying holder lookups: minecraft:menu
[18:24:11] [Render thread/DEBUG] [ne.mi.re.GameData/REGISTRIES]: Holder lookups applied: minecraft:menu
[18:24:11] [Render thread/INFO] [KubeJS/]: Skipping minecraft:recipe_type registry
[18:24:11] [Render thread/DEBUG] [ne.mi.re.GameData/REGISTRIES]: Applying holder lookups: minecraft:recipe_type
[18:24:11] [Render thread/DEBUG] [ne.mi.re.GameData/REGISTRIES]: Holder lookups applied: minecraft:recipe_type
[18:24:11] [Render thread/DEBUG] [mixin/]: Mixing IngredientsWithChildrenMixin from kubejs-forge.mixins.json into net.minecraftforge.common.crafting.IntersectionIngredient
[18:24:11] [Render thread/INFO] [KubeJS/]: Skipping minecraft:recipe_serializer registry
[18:24:11] [Render thread/DEBUG] [ne.mi.re.GameData/REGISTRIES]: Applying holder lookups: minecraft:recipe_serializer
[18:24:11] [Render thread/DEBUG] [ne.mi.re.GameData/REGISTRIES]: Holder lookups applied: minecraft:recipe_serializer
[18:24:11] [Render thread/INFO] [KubeJS/]: Skipping minecraft:position_source_type registry
[18:24:11] [Render thread/DEBUG] [ne.mi.re.GameData/REGISTRIES]: Applying holder lookups: minecraft:position_source_type
[18:24:11] [Render thread/DEBUG] [ne.mi.re.GameData/REGISTRIES]: Holder lookups applied: minecraft:position_source_type
[18:24:11] [Render thread/INFO] [KubeJS/]: Skipping minecraft:command_argument_type registry
[18:24:11] [Render thread/DEBUG] [ne.mi.re.GameData/REGISTRIES]: Applying holder lookups: minecraft:command_argument_type
[18:24:11] [Render thread/DEBUG] [ne.mi.re.GameData/REGISTRIES]: Holder lookups applied: minecraft:command_argument_type
[18:24:11] [Render thread/INFO] [KubeJS/]: Skipping minecraft:villager_type registry
[18:24:11] [Render thread/DEBUG] [ne.mi.re.GameData/REGISTRIES]: Applying holder lookups: minecraft:villager_type
[18:24:11] [Render thread/DEBUG] [ne.mi.re.GameData/REGISTRIES]: Holder lookups applied: minecraft:villager_type
[18:24:11] [Render thread/INFO] [KubeJS/]: Skipping minecraft:villager_profession registry
[18:24:11] [Render thread/DEBUG] [ne.mi.re.GameData/REGISTRIES]: Applying holder lookups: minecraft:villager_profession
[18:24:11] [Render thread/DEBUG] [ne.mi.re.GameData/REGISTRIES]: Holder lookups applied: minecraft:villager_profession
[18:24:11] [Render thread/INFO] [KubeJS/]: Skipping minecraft:point_of_interest_type registry
[18:24:11] [Render thread/DEBUG] [ne.mi.re.GameData/REGISTRIES]: Applying holder lookups: minecraft:point_of_interest_type
[18:24:11] [Render thread/DEBUG] [ne.mi.re.GameData/REGISTRIES]: Holder lookups applied: minecraft:point_of_interest_type
[18:24:11] [Render thread/INFO] [KubeJS/]: Skipping minecraft:schedule registry
[18:24:11] [Render thread/DEBUG] [ne.mi.re.GameData/REGISTRIES]: Applying holder lookups: minecraft:schedule
[18:24:11] [Render thread/DEBUG] [ne.mi.re.GameData/REGISTRIES]: Holder lookups applied: minecraft:schedule
[18:24:11] [Render thread/INFO] [KubeJS/]: Skipping minecraft:activity registry
[18:24:11] [Render thread/DEBUG] [ne.mi.re.GameData/REGISTRIES]: Applying holder lookups: minecraft:activity
[18:24:11] [Render thread/DEBUG] [ne.mi.re.GameData/REGISTRIES]: Holder lookups applied: minecraft:activity
[18:24:11] [Render thread/INFO] [KubeJS/]: Skipping minecraft:loot_pool_entry_type registry
[18:24:11] [Render thread/DEBUG] [ne.mi.re.GameData/REGISTRIES]: Applying holder lookups: minecraft:loot_pool_entry_type
[18:24:11] [Render thread/DEBUG] [ne.mi.re.GameData/REGISTRIES]: Holder lookups applied: minecraft:loot_pool_entry_type
[18:24:11] [Render thread/INFO] [KubeJS/]: Skipping minecraft:loot_function_type registry
[18:24:11] [Render thread/DEBUG] [ne.mi.re.GameData/REGISTRIES]: Applying holder lookups: minecraft:loot_function_type
[18:24:11] [Render thread/DEBUG] [ne.mi.re.GameData/REGISTRIES]: Holder lookups applied: minecraft:loot_function_type
[18:24:11] [Render thread/INFO] [KubeJS/]: Skipping minecraft:loot_condition_type registry
[18:24:11] [Render thread/DEBUG] [ne.mi.re.GameData/REGISTRIES]: Applying holder lookups: minecraft:loot_condition_type
[18:24:11] [Render thread/DEBUG] [ne.mi.re.GameData/REGISTRIES]: Holder lookups applied: minecraft:loot_condition_type
[18:24:11] [Render thread/INFO] [KubeJS/]: Skipping minecraft:loot_number_provider_type registry
[18:24:11] [Render thread/DEBUG] [ne.mi.re.GameData/REGISTRIES]: Applying holder lookups: minecraft:loot_number_provider_type
[18:24:11] [Render thread/DEBUG] [ne.mi.re.GameData/REGISTRIES]: Holder lookups applied: minecraft:loot_number_provider_type
[18:24:11] [Render thread/INFO] [KubeJS/]: Skipping minecraft:loot_nbt_provider_type registry
[18:24:11] [Render thread/DEBUG] [ne.mi.re.GameData/REGISTRIES]: Applying holder lookups: minecraft:loot_nbt_provider_type
[18:24:11] [Render thread/DEBUG] [ne.mi.re.GameData/REGISTRIES]: Holder lookups applied: minecraft:loot_nbt_provider_type
[18:24:11] [Render thread/INFO] [KubeJS/]: Skipping minecraft:loot_score_provider_type registry
[18:24:11] [Render thread/DEBUG] [ne.mi.re.GameData/REGISTRIES]: Applying holder lookups: minecraft:loot_score_provider_type
[18:24:11] [Render thread/DEBUG] [ne.mi.re.GameData/REGISTRIES]: Holder lookups applied: minecraft:loot_score_provider_type
[18:24:11] [Render thread/INFO] [KubeJS/]: Skipping minecraft:float_provider_type registry
[18:24:11] [Render thread/DEBUG] [ne.mi.re.GameData/REGISTRIES]: Applying holder lookups: minecraft:float_provider_type
[18:24:11] [Render thread/DEBUG] [ne.mi.re.GameData/REGISTRIES]: Holder lookups applied: minecraft:float_provider_type
[18:24:11] [Render thread/INFO] [KubeJS/]: Skipping minecraft:int_provider_type registry
[18:24:11] [Render thread/DEBUG] [ne.mi.re.GameData/REGISTRIES]: Applying holder lookups: minecraft:int_provider_type
[18:24:11] [Render thread/DEBUG] [ne.mi.re.GameData/REGISTRIES]: Holder lookups applied: minecraft:int_provider_type
[18:24:11] [Render thread/INFO] [KubeJS/]: Skipping minecraft:height_provider_type registry
[18:24:11] [Render thread/DEBUG] [ne.mi.re.GameData/REGISTRIES]: Applying holder lookups: minecraft:height_provider_type
[18:24:11] [Render thread/DEBUG] [ne.mi.re.GameData/REGISTRIES]: Holder lookups applied: minecraft:height_provider_type
[18:24:11] [Render thread/INFO] [KubeJS/]: Skipping minecraft:block_predicate_type registry
[18:24:11] [Render thread/DEBUG] [ne.mi.re.GameData/REGISTRIES]: Applying holder lookups: minecraft:block_predicate_type
[18:24:11] [Render thread/DEBUG] [ne.mi.re.GameData/REGISTRIES]: Holder lookups applied: minecraft:block_predicate_type
[18:24:11] [Render thread/INFO] [KubeJS/]: Skipping minecraft:worldgen/carver registry
[18:24:11] [Render thread/DEBUG] [ne.mi.re.GameData/REGISTRIES]: Applying holder lookups: minecraft:worldgen/carver
[18:24:11] [Render thread/DEBUG] [ne.mi.re.GameData/REGISTRIES]: Holder lookups applied: minecraft:worldgen/carver
[18:24:11] [Render thread/INFO] [KubeJS/]: Skipping minecraft:worldgen/feature registry
[18:24:11] [Render thread/DEBUG] [ne.mi.re.GameData/REGISTRIES]: Applying holder lookups: minecraft:worldgen/feature
[18:24:11] [Render thread/DEBUG] [ne.mi.re.GameData/REGISTRIES]: Holder lookups applied: minecraft:worldgen/feature
[18:24:11] [Render thread/INFO] [KubeJS/]: Skipping minecraft:worldgen/structure_processor registry
[18:24:11] [Render thread/DEBUG] [ne.mi.re.GameData/REGISTRIES]: Applying holder lookups: minecraft:worldgen/structure_processor
[18:24:11] [Render thread/DEBUG] [ne.mi.re.GameData/REGISTRIES]: Holder lookups applied: minecraft:worldgen/structure_processor
[18:24:11] [Render thread/INFO] [KubeJS/]: Skipping minecraft:worldgen/structure_placement registry
[18:24:11] [Render thread/DEBUG] [ne.mi.re.GameData/REGISTRIES]: Applying holder lookups: minecraft:worldgen/structure_placement
[18:24:11] [Render thread/DEBUG] [ne.mi.re.GameData/REGISTRIES]: Holder lookups applied: minecraft:worldgen/structure_placement
[18:24:11] [Render thread/INFO] [KubeJS/]: Skipping minecraft:worldgen/structure_piece registry
[18:24:11] [Render thread/DEBUG] [ne.mi.re.GameData/REGISTRIES]: Applying holder lookups: minecraft:worldgen/structure_piece
[18:24:11] [Render thread/DEBUG] [ne.mi.re.GameData/REGISTRIES]: Holder lookups applied: minecraft:worldgen/structure_piece
[18:24:11] [Render thread/INFO] [KubeJS/]: Skipping minecraft:worldgen/structure_type registry
[18:24:11] [Render thread/DEBUG] [ne.mi.re.GameData/REGISTRIES]: Applying holder lookups: minecraft:worldgen/structure_type
[18:24:11] [Render thread/DEBUG] [ne.mi.re.GameData/REGISTRIES]: Holder lookups applied: minecraft:worldgen/structure_type
[18:24:11] [Render thread/INFO] [KubeJS/]: Skipping minecraft:worldgen/placement_modifier_type registry
[18:24:11] [Render thread/DEBUG] [ne.mi.re.GameData/REGISTRIES]: Applying holder lookups: minecraft:worldgen/placement_modifier_type
[18:24:11] [Render thread/DEBUG] [ne.mi.re.GameData/REGISTRIES]: Holder lookups applied: minecraft:worldgen/placement_modifier_type
[18:24:11] [Render thread/INFO] [KubeJS/]: Skipping minecraft:worldgen/block_state_provider_type registry
[18:24:11] [Render thread/DEBUG] [ne.mi.re.GameData/REGISTRIES]: Applying holder lookups: minecraft:worldgen/block_state_provider_type
[18:24:11] [Render thread/DEBUG] [ne.mi.re.GameData/REGISTRIES]: Holder lookups applied: minecraft:worldgen/block_state_provider_type
[18:24:11] [Render thread/INFO] [KubeJS/]: Skipping minecraft:worldgen/foliage_placer_type registry
[18:24:11] [Render thread/DEBUG] [ne.mi.re.GameData/REGISTRIES]: Applying holder lookups: minecraft:worldgen/foliage_placer_type
[18:24:11] [Render thread/DEBUG] [ne.mi.re.GameData/REGISTRIES]: Holder lookups applied: minecraft:worldgen/foliage_placer_type
[18:24:11] [Render thread/INFO] [KubeJS/]: Skipping minecraft:worldgen/trunk_placer_type registry
[18:24:11] [Render thread/DEBUG] [ne.mi.re.GameData/REGISTRIES]: Applying holder lookups: minecraft:worldgen/trunk_placer_type
[18:24:11] [Render thread/DEBUG] [ne.mi.re.GameData/REGISTRIES]: Holder lookups applied: minecraft:worldgen/trunk_placer_type
[18:24:11] [Render thread/INFO] [KubeJS/]: Skipping minecraft:worldgen/root_placer_type registry
[18:24:11] [Render thread/DEBUG] [ne.mi.re.GameData/REGISTRIES]: Applying holder lookups: minecraft:worldgen/root_placer_type
[18:24:11] [Render thread/DEBUG] [ne.mi.re.GameData/REGISTRIES]: Holder lookups applied: minecraft:worldgen/root_placer_type
[18:24:11] [Render thread/INFO] [KubeJS/]: Skipping minecraft:worldgen/tree_decorator_type registry
[18:24:11] [Render thread/DEBUG] [ne.mi.re.GameData/REGISTRIES]: Applying holder lookups: minecraft:worldgen/tree_decorator_type
[18:24:11] [Render thread/DEBUG] [ne.mi.re.GameData/REGISTRIES]: Holder lookups applied: minecraft:worldgen/tree_decorator_type
[18:24:11] [Render thread/INFO] [KubeJS/]: Skipping minecraft:worldgen/feature_size_type registry
[18:24:11] [Render thread/DEBUG] [ne.mi.re.GameData/REGISTRIES]: Applying holder lookups: minecraft:worldgen/feature_size_type
[18:24:11] [Render thread/DEBUG] [ne.mi.re.GameData/REGISTRIES]: Holder lookups applied: minecraft:worldgen/feature_size_type
[18:24:11] [Render thread/INFO] [KubeJS/]: Skipping minecraft:worldgen/biome_source registry
[18:24:11] [Render thread/DEBUG] [ne.mi.re.GameData/REGISTRIES]: Applying holder lookups: minecraft:worldgen/biome_source
[18:24:11] [Render thread/DEBUG] [ne.mi.re.GameData/REGISTRIES]: Holder lookups applied: minecraft:worldgen/biome_source
[18:24:11] [Render thread/INFO] [KubeJS/]: Skipping minecraft:worldgen/chunk_generator registry
[18:24:11] [Render thread/DEBUG] [ne.mi.re.GameData/REGISTRIES]: Applying holder lookups: minecraft:worldgen/chunk_generator
[18:24:11] [Render thread/DEBUG] [ne.mi.re.GameData/REGISTRIES]: Holder lookups applied: minecraft:worldgen/chunk_generator
[18:24:11] [Render thread/INFO] [KubeJS/]: Skipping minecraft:worldgen/material_condition registry
[18:24:11] [Render thread/DEBUG] [ne.mi.re.GameData/REGISTRIES]: Applying holder lookups: minecraft:worldgen/material_condition
[18:24:11] [Render thread/DEBUG] [ne.mi.re.GameData/REGISTRIES]: Holder lookups applied: minecraft:worldgen/material_condition
[18:24:11] [Render thread/INFO] [KubeJS/]: Skipping minecraft:worldgen/material_rule registry
[18:24:11] [Render thread/DEBUG] [ne.mi.re.GameData/REGISTRIES]: Applying holder lookups: minecraft:worldgen/material_rule
[18:24:11] [Render thread/DEBUG] [ne.mi.re.GameData/REGISTRIES]: Holder lookups applied: minecraft:worldgen/material_rule
[18:24:11] [Render thread/INFO] [KubeJS/]: Skipping minecraft:worldgen/density_function_type registry
[18:24:11] [Render thread/DEBUG] [ne.mi.re.GameData/REGISTRIES]: Applying holder lookups: minecraft:worldgen/density_function_type
[18:24:11] [Render thread/DEBUG] [ne.mi.re.GameData/REGISTRIES]: Holder lookups applied: minecraft:worldgen/density_function_type
[18:24:11] [Render thread/INFO] [KubeJS/]: Skipping minecraft:worldgen/structure_pool_element registry
[18:24:11] [Render thread/DEBUG] [ne.mi.re.GameData/REGISTRIES]: Applying holder lookups: minecraft:worldgen/structure_pool_element
[18:24:11] [Render thread/DEBUG] [ne.mi.re.GameData/REGISTRIES]: Holder lookups applied: minecraft:worldgen/structure_pool_element
[18:24:11] [Render thread/INFO] [KubeJS/]: Skipping minecraft:cat_variant registry
[18:24:11] [Render thread/DEBUG] [ne.mi.re.GameData/REGISTRIES]: Applying holder lookups: minecraft:cat_variant
[18:24:11] [Render thread/DEBUG] [ne.mi.re.GameData/REGISTRIES]: Holder lookups applied: minecraft:cat_variant
[18:24:11] [Render thread/INFO] [KubeJS/]: Skipping minecraft:frog_variant registry
[18:24:11] [Render thread/DEBUG] [ne.mi.re.GameData/REGISTRIES]: Applying holder lookups: minecraft:frog_variant
[18:24:11] [Render thread/DEBUG] [ne.mi.re.GameData/REGISTRIES]: Holder lookups applied: minecraft:frog_variant
[18:24:11] [Render thread/INFO] [KubeJS/]: Skipping minecraft:banner_pattern registry
[18:24:11] [Render thread/DEBUG] [ne.mi.re.GameData/REGISTRIES]: Applying holder lookups: minecraft:banner_pattern
[18:24:11] [Render thread/DEBUG] [ne.mi.re.GameData/REGISTRIES]: Holder lookups applied: minecraft:banner_pattern
[18:24:11] [Render thread/INFO] [KubeJS/]: Skipping minecraft:instrument registry
[18:24:11] [Render thread/DEBUG] [ne.mi.re.GameData/REGISTRIES]: Applying holder lookups: minecraft:instrument
[18:24:11] [Render thread/DEBUG] [ne.mi.re.GameData/REGISTRIES]: Holder lookups applied: minecraft:instrument
[18:24:11] [Render thread/INFO] [KubeJS/]: Skipping minecraft:decorated_pot_patterns registry
[18:24:11] [Render thread/DEBUG] [ne.mi.re.GameData/REGISTRIES]: Applying holder lookups: minecraft:decorated_pot_patterns
[18:24:11] [Render thread/DEBUG] [ne.mi.re.GameData/REGISTRIES]: Holder lookups applied: minecraft:decorated_pot_patterns
[18:24:11] [Render thread/INFO] [KubeJS/]: Skipping minecraft:creative_mode_tab registry
[18:24:11] [Render thread/DEBUG] [ne.mi.re.GameData/REGISTRIES]: Applying holder lookups: minecraft:creative_mode_tab
[18:24:11] [Render thread/DEBUG] [ne.mi.re.GameData/REGISTRIES]: Holder lookups applied: minecraft:creative_mode_tab
[18:24:11] [Render thread/INFO] [KubeJS/]: Skipping forge:biome_modifier_serializers registry
[18:24:11] [Render thread/DEBUG] [ne.mi.re.GameData/REGISTRIES]: Applying holder lookups: forge:biome_modifier_serializers
[18:24:11] [Render thread/DEBUG] [ne.mi.re.GameData/REGISTRIES]: Holder lookups applied: forge:biome_modifier_serializers
[18:24:11] [Render thread/INFO] [KubeJS/]: Skipping forge:display_contexts registry
[18:24:11] [Render thread/DEBUG] [ne.mi.re.GameData/REGISTRIES]: Applying holder lookups: forge:display_contexts
[18:24:11] [Render thread/DEBUG] [ne.mi.re.GameData/REGISTRIES]: Holder lookups applied: forge:display_contexts
[18:24:11] [Render thread/INFO] [KubeJS/]: Skipping forge:entity_data_serializers registry
[18:24:11] [Render thread/DEBUG] [ne.mi.re.GameData/REGISTRIES]: Applying holder lookups: forge:entity_data_serializers
[18:24:11] [Render thread/DEBUG] [ne.mi.re.GameData/REGISTRIES]: Holder lookups applied: forge:entity_data_serializers
[18:24:11] [Render thread/INFO] [KubeJS/]: Skipping forge:fluid_type registry
[18:24:11] [Render thread/DEBUG] [ne.mi.re.GameData/REGISTRIES]: Applying holder lookups: forge:fluid_type
[18:24:11] [Render thread/DEBUG] [ne.mi.re.GameData/REGISTRIES]: Holder lookups applied: forge:fluid_type
[18:24:11] [Render thread/INFO] [KubeJS/]: Skipping forge:global_loot_modifier_serializers registry
[18:24:11] [Render thread/DEBUG] [ne.mi.re.GameData/REGISTRIES]: Applying holder lookups: forge:global_loot_modifier_serializers
[18:24:11] [Render thread/DEBUG] [ne.mi.re.GameData/REGISTRIES]: Holder lookups applied: forge:global_loot_modifier_serializers
[18:24:11] [Render thread/INFO] [KubeJS/]: Skipping forge:holder_set_type registry
[18:24:11] [Render thread/DEBUG] [ne.mi.re.GameData/REGISTRIES]: Applying holder lookups: forge:holder_set_type
[18:24:11] [Render thread/DEBUG] [ne.mi.re.GameData/REGISTRIES]: Holder lookups applied: forge:holder_set_type
[18:24:11] [Render thread/INFO] [KubeJS/]: Skipping forge:structure_modifier_serializers registry
[18:24:11] [Render thread/DEBUG] [ne.mi.re.GameData/REGISTRIES]: Applying holder lookups: forge:structure_modifier_serializers
[18:24:11] [Render thread/DEBUG] [ne.mi.re.GameData/REGISTRIES]: Holder lookups applied: forge:structure_modifier_serializers
[18:24:11] [Render thread/INFO] [KubeJS/]: Skipping minecraft:worldgen/biome registry
[18:24:11] [Render thread/DEBUG] [ne.mi.re.GameData/REGISTRIES]: Applying holder lookups: minecraft:worldgen/biome
[18:24:11] [Render thread/DEBUG] [ne.mi.re.GameData/REGISTRIES]: Holder lookups applied: minecraft:worldgen/biome
[18:24:11] [Render thread/DEBUG] [ne.mi.cl.lo.ClientModLoader/CORE]: Generating PackInfo named mod:mixinextras for mod file 
[18:24:11] [Render thread/DEBUG] [ne.mi.cl.lo.ClientModLoader/CORE]: Generating PackInfo named mod:rhino for mod file C:\Users\Blue Lotus Coding\.gradle\caches\forge_gradle\deobf_dependencies\dev\latvian\mods\rhino-forge\2001.2.3-build.10_mapped_official_1.20.1\rhino-forge-2001.2.3-build.10_mapped_official_1.20.1.jar
[18:24:11] [Render thread/DEBUG] [ne.mi.cl.lo.ClientModLoader/CORE]: Generating PackInfo named mod:forge for mod file /
[18:24:11] [Render thread/DEBUG] [ne.mi.cl.lo.ClientModLoader/CORE]: Generating PackInfo named mod:curios for mod file C:\Users\Blue Lotus Coding\.gradle\caches\forge_gradle\deobf_dependencies\top\theillusivec4\curios\curios-forge\5.14.1+1.20.1_mapped_official_1.20.1\curios-forge-5.14.1+1.20.1_mapped_official_1.20.1.jar
[18:24:11] [Render thread/DEBUG] [ne.mi.cl.lo.ClientModLoader/CORE]: Generating PackInfo named mod:geckolib for mod file C:\Users\Blue Lotus Coding\.gradle\caches\forge_gradle\deobf_dependencies\software\bernie\geckolib\geckolib-forge-1.20.1\4.8.4_mapped_official_1.20.1\geckolib-forge-1.20.1-4.8.4_mapped_official_1.20.1.jar
[18:24:11] [Render thread/DEBUG] [ne.mi.cl.lo.ClientModLoader/CORE]: Generating PackInfo named mod:architectury for mod file C:\Users\Blue Lotus Coding\.gradle\caches\forge_gradle\deobf_dependencies\dev\architectury\architectury-forge\9.1.12_mapped_official_1.20.1\architectury-forge-9.1.12_mapped_official_1.20.1.jar
[18:24:11] [Render thread/DEBUG] [ne.mi.cl.lo.ClientModLoader/CORE]: Generating PackInfo named mod:kubejs for mod file C:\Users\Blue Lotus Coding\.gradle\caches\forge_gradle\deobf_dependencies\dev\latvian\mods\kubejs-forge\2001.6.5-build.26_mapped_official_1.20.1\kubejs-forge-2001.6.5-build.26_mapped_official_1.20.1.jar
[18:24:11] [Render thread/DEBUG] [ne.mi.cl.lo.ClientModLoader/CORE]: Generating PackInfo named mod:eidolon for mod file C:\Users\Blue Lotus Coding\.gradle\caches\forge_gradle\deobf_dependencies\curse\maven\eidolon-repraised-870250\8723993_mapped_official_1.20.1\eidolon-repraised-870250-8723993_mapped_official_1.20.1.jar
[18:24:11] [Render thread/DEBUG] [ne.mi.cl.lo.ClientModLoader/CORE]: Generating PackInfo named mod:eidolonunchained for mod file C:\Blue_Lotus_Global_ICM\repos\Eidolon-Unchained\build\resources\main
[18:24:12] [Render thread/INFO] [ne.mi.ga.ForgeGameTestHooks/]: Enabled Gametest Namespaces: [eidolonunchained]
[18:24:12] [Render thread/DEBUG] [mixin/]: Mixing PlayerRendererMixin from eidolon.mixins.json into net.minecraft.client.renderer.entity.player.PlayerRenderer
[18:24:13] [Render thread/INFO] [KubeJS/]: Generated CLIENT_RESOURCES data (1 files)
[18:24:13] [Render thread/INFO] [minecraft/ReloadableResourceManager]: Reloading ResourceManager: vanilla, mod_resources, KubeJS Resource Pack [assets]
[18:24:13] [modloading-worker-0/DEBUG] [ne.mi.fm.co.ConfigTracker/CONFIG]: Loading configs type CLIENT
[18:24:13] [modloading-worker-0/DEBUG] [ne.mi.fm.co.ConfigFileTypeHandler/CONFIG]: Built TOML config for C:\Blue_Lotus_Global_ICM\repos\Eidolon-Unchained\run\config\curios-client.toml
[18:24:13] [modloading-worker-0/DEBUG] [ne.mi.fm.co.ConfigFileTypeHandler/CONFIG]: Loaded TOML config file C:\Blue_Lotus_Global_ICM\repos\Eidolon-Unchained\run\config\curios-client.toml
[18:24:13] [Render thread/INFO] [KubeJS Client/]: Client resource reload complete!
[18:24:13] [modloading-worker-0/DEBUG] [ne.mi.fm.co.ConfigFileTypeHandler/CONFIG]: Watching TOML config file C:\Blue_Lotus_Global_ICM\repos\Eidolon-Unchained\run\config\curios-client.toml for changes
[18:24:13] [modloading-worker-0/WARN] [ne.mi.co.ForgeConfigSpec/CORE]: Configuration file C:\Blue_Lotus_Global_ICM\repos\Eidolon-Unchained\run\config\curios-client.toml is not correct. Correcting
[18:24:13] [modloading-worker-0/WARN] [ne.mi.co.ForgeConfigSpec/CORE]: Incorrect key client was corrected from null to its default, SimpleCommentedConfig:{}. 
[18:24:13] [modloading-worker-0/WARN] [ne.mi.co.ForgeConfigSpec/CORE]: Incorrect key client.renderCurios was corrected from null to its default, true. 
[18:24:13] [modloading-worker-0/DEBUG] [ne.mi.co.ForgeConfigSpec/CORE]: The comment on key client.renderCurios does not match the spec. This may create a backup.
[18:24:13] [modloading-worker-0/WARN] [ne.mi.co.ForgeConfigSpec/CORE]: Incorrect key client.enableButton was corrected from null to its default, true. 
[18:24:13] [modloading-worker-0/DEBUG] [ne.mi.co.ForgeConfigSpec/CORE]: The comment on key client.enableButton does not match the spec. This may create a backup.
[18:24:13] [modloading-worker-0/WARN] [ne.mi.co.ForgeConfigSpec/CORE]: Incorrect key client.buttonXOffset was corrected from null to its default, 0. 
[18:24:13] [modloading-worker-0/DEBUG] [ne.mi.co.ForgeConfigSpec/CORE]: The comment on key client.buttonXOffset does not match the spec. This may create a backup.
[18:24:13] [modloading-worker-0/WARN] [ne.mi.co.ForgeConfigSpec/CORE]: Incorrect key client.buttonYOffset was corrected from null to its default, 0. 
[18:24:13] [modloading-worker-0/DEBUG] [ne.mi.co.ForgeConfigSpec/CORE]: The comment on key client.buttonYOffset does not match the spec. This may create a backup.
[18:24:13] [modloading-worker-0/WARN] [ne.mi.co.ForgeConfigSpec/CORE]: Incorrect key client.creativeButtonXOffset was corrected from null to its default, 0. 
[18:24:13] [modloading-worker-0/DEBUG] [ne.mi.co.ForgeConfigSpec/CORE]: The comment on key client.creativeButtonXOffset does not match the spec. This may create a backup.
[18:24:13] [modloading-worker-0/WARN] [ne.mi.co.ForgeConfigSpec/CORE]: Incorrect key client.creativeButtonYOffset was corrected from null to its default, 0. 
[18:24:13] [modloading-worker-0/DEBUG] [ne.mi.co.ForgeConfigSpec/CORE]: The comment on key client.creativeButtonYOffset does not match the spec. This may create a backup.
[18:24:13] [modloading-worker-0/WARN] [ne.mi.co.ForgeConfigSpec/CORE]: Incorrect key client.buttonCorner was corrected from null to its default, TOP_LEFT. 
[18:24:13] [modloading-worker-0/DEBUG] [ne.mi.co.ForgeConfigSpec/CORE]: The comment on key client.buttonCorner does not match the spec. This may create a backup.
[18:24:13] [modloading-worker-0/DEBUG] [ne.mi.co.ForgeConfigSpec/CORE]: The comment on key client does not match the spec. This may create a backup.
[18:24:13] [modloading-worker-0/DEBUG] [ne.mi.fm.co.ConfigFileTypeHandler/CONFIG]: Built TOML config for C:\Blue_Lotus_Global_ICM\repos\Eidolon-Unchained\run\config\forge-client.toml
[18:24:13] [modloading-worker-0/DEBUG] [ne.mi.fm.co.ConfigFileTypeHandler/CONFIG]: Loaded TOML config file C:\Blue_Lotus_Global_ICM\repos\Eidolon-Unchained\run\config\forge-client.toml
[18:24:13] [modloading-worker-0/DEBUG] [ne.mi.fm.co.ConfigFileTypeHandler/CONFIG]: Watching TOML config file C:\Blue_Lotus_Global_ICM\repos\Eidolon-Unchained\run\config\forge-client.toml for changes
[18:24:13] [modloading-worker-0/WARN] [ne.mi.co.ForgeConfigSpec/CORE]: Configuration file C:\Blue_Lotus_Global_ICM\repos\Eidolon-Unchained\run\config\forge-client.toml is not correct. Correcting
[18:24:13] [modloading-worker-0/WARN] [ne.mi.co.ForgeConfigSpec/CORE]: Incorrect key client was corrected from null to its default, SimpleCommentedConfig:{}. 
[18:24:13] [modloading-worker-0/WARN] [ne.mi.co.ForgeConfigSpec/CORE]: Incorrect key client.alwaysSetupTerrainOffThread was corrected from null to its default, false. 
[18:24:13] [modloading-worker-0/DEBUG] [ne.mi.co.ForgeConfigSpec/CORE]: The comment on key client.alwaysSetupTerrainOffThread does not match the spec. This may create a backup.
[18:24:13] [modloading-worker-0/WARN] [ne.mi.co.ForgeConfigSpec/CORE]: Incorrect key client.experimentalForgeLightPipelineEnabled was corrected from null to its default, false. 
[18:24:13] [modloading-worker-0/DEBUG] [ne.mi.co.ForgeConfigSpec/CORE]: The comment on key client.experimentalForgeLightPipelineEnabled does not match the spec. This may create a backup.
[18:24:13] [modloading-worker-0/WARN] [ne.mi.co.ForgeConfigSpec/CORE]: Incorrect key client.showLoadWarnings was corrected from null to its default, true. 
[18:24:13] [modloading-worker-0/DEBUG] [ne.mi.co.ForgeConfigSpec/CORE]: The comment on key client.showLoadWarnings does not match the spec. This may create a backup.
[18:24:13] [modloading-worker-0/WARN] [ne.mi.co.ForgeConfigSpec/CORE]: Incorrect key client.useCombinedDepthStencilAttachment was corrected from null to its default, false. 
[18:24:13] [modloading-worker-0/DEBUG] [ne.mi.co.ForgeConfigSpec/CORE]: The comment on key client.useCombinedDepthStencilAttachment does not match the spec. This may create a backup.
[18:24:13] [modloading-worker-0/WARN] [ne.mi.co.ForgeConfigSpec/CORE]: Incorrect key client.compressLanIPv6Addresses was corrected from null to its default, true. 
[18:24:13] [modloading-worker-0/DEBUG] [ne.mi.co.ForgeConfigSpec/CORE]: The comment on key client.compressLanIPv6Addresses does not match the spec. This may create a backup.
[18:24:13] [modloading-worker-0/WARN] [ne.mi.co.ForgeConfigSpec/CORE]: Incorrect key client.calculateAllNormals was corrected from null to its default, false. 
[18:24:13] [modloading-worker-0/DEBUG] [ne.mi.co.ForgeConfigSpec/CORE]: The comment on key client.calculateAllNormals does not match the spec. This may create a backup.
[18:24:13] [modloading-worker-0/WARN] [ne.mi.co.ForgeConfigSpec/CORE]: Incorrect key client.stabilizeDirectionGetNearest was corrected from null to its default, true. 
[18:24:13] [modloading-worker-0/DEBUG] [ne.mi.co.ForgeConfigSpec/CORE]: The comment on key client.stabilizeDirectionGetNearest does not match the spec. This may create a backup.
[18:24:13] [modloading-worker-0/WARN] [ne.mi.co.ForgeConfigSpec/CORE]: Incorrect key client.allowMipmapLowering was corrected from null to its default, false. 
[18:24:13] [modloading-worker-0/DEBUG] [ne.mi.co.ForgeConfigSpec/CORE]: The comment on key client.allowMipmapLowering does not match the spec. This may create a backup.
[18:24:13] [modloading-worker-0/DEBUG] [ne.mi.co.ForgeConfigSpec/CORE]: The comment on key client does not match the spec. This may create a backup.
[18:24:13] [modloading-worker-0/DEBUG] [ne.mi.co.ForgeConfig/FORGEMOD]: Loaded forge config file forge-client.toml
[18:24:13] [modloading-worker-0/DEBUG] [ne.mi.fm.co.ConfigFileTypeHandler/CONFIG]: Built TOML config for C:\Blue_Lotus_Global_ICM\repos\Eidolon-Unchained\run\config\eidolon-client.toml
[18:24:13] [Thread-3/DEBUG] [ne.mi.fm.co.ConfigFileTypeHandler/CONFIG]: Config file curios-client.toml changed, sending notifies
[18:24:13] [modloading-worker-0/DEBUG] [ne.mi.fm.co.ConfigFileTypeHandler/CONFIG]: Loaded TOML config file C:\Blue_Lotus_Global_ICM\repos\Eidolon-Unchained\run\config\eidolon-client.toml
[18:24:13] [modloading-worker-0/DEBUG] [ne.mi.fm.co.ConfigFileTypeHandler/CONFIG]: Watching TOML config file C:\Blue_Lotus_Global_ICM\repos\Eidolon-Unchained\run\config\eidolon-client.toml for changes
[18:24:13] [modloading-worker-0/WARN] [ne.mi.co.ForgeConfigSpec/CORE]: Configuration file C:\Blue_Lotus_Global_ICM\repos\Eidolon-Unchained\run\config\eidolon-client.toml is not correct. Correcting
[18:24:13] [modloading-worker-0/WARN] [ne.mi.co.ForgeConfigSpec/CORE]: Incorrect key graphics was corrected from null to its default, SimpleCommentedConfig:{}. 
[18:24:13] [modloading-worker-0/WARN] [ne.mi.co.ForgeConfigSpec/CORE]: Incorrect key graphics.betterLayering was corrected from null to its default, true. 
[18:24:13] [modloading-worker-0/DEBUG] [ne.mi.co.ForgeConfigSpec/CORE]: The comment on key graphics.betterLayering does not match the spec. This may create a backup.
[18:24:13] [modloading-worker-0/DEBUG] [ne.mi.co.ForgeConfigSpec/CORE]: The comment on key graphics does not match the spec. This may create a backup.
[18:24:13] [modloading-worker-0/WARN] [ne.mi.co.ForgeConfigSpec/CORE]: Incorrect key ui was corrected from null to its default, SimpleCommentedConfig:{}. 
[18:24:13] [modloading-worker-0/WARN] [ne.mi.co.ForgeConfigSpec/CORE]: Incorrect key ui.manaBarPosition was corrected from null to its default, top. 
[18:24:13] [modloading-worker-0/DEBUG] [ne.mi.co.ForgeConfigSpec/CORE]: The comment on key ui.manaBarPosition does not match the spec. This may create a backup.
[18:24:13] [modloading-worker-0/WARN] [ne.mi.co.ForgeConfigSpec/CORE]: Incorrect key ui.manaBarOrientation was corrected from null to its default, default. 
[18:24:13] [modloading-worker-0/DEBUG] [ne.mi.co.ForgeConfigSpec/CORE]: The comment on key ui.manaBarOrientation does not match the spec. This may create a backup.
[18:24:13] [modloading-worker-0/DEBUG] [ne.mi.co.ForgeConfigSpec/CORE]: The comment on key ui does not match the spec. This may create a backup.
[18:24:13] [modloading-worker-0/DEBUG] [ne.mi.fm.co.ConfigTracker/CONFIG]: Loading configs type COMMON
[18:24:13] [modloading-worker-0/DEBUG] [ne.mi.fm.co.ConfigFileTypeHandler/CONFIG]: Built TOML config for C:\Blue_Lotus_Global_ICM\repos\Eidolon-Unchained\run\config\curios-common.toml
[18:24:13] [modloading-worker-0/DEBUG] [ne.mi.fm.co.ConfigFileTypeHandler/CONFIG]: Loaded TOML config file C:\Blue_Lotus_Global_ICM\repos\Eidolon-Unchained\run\config\curios-common.toml
[18:24:13] [modloading-worker-0/DEBUG] [ne.mi.fm.co.ConfigFileTypeHandler/CONFIG]: Watching TOML config file C:\Blue_Lotus_Global_ICM\repos\Eidolon-Unchained\run\config\curios-common.toml for changes
[18:24:13] [modloading-worker-0/DEBUG] [ne.mi.fm.co.ConfigFileTypeHandler/CONFIG]: Built TOML config for C:\Blue_Lotus_Global_ICM\repos\Eidolon-Unchained\run\config\eidolon-common.toml
[18:24:13] [modloading-worker-0/DEBUG] [ne.mi.fm.co.ConfigFileTypeHandler/CONFIG]: Loaded TOML config file C:\Blue_Lotus_Global_ICM\repos\Eidolon-Unchained\run\config\eidolon-common.toml
[18:24:13] [modloading-worker-0/DEBUG] [ne.mi.fm.co.ConfigFileTypeHandler/CONFIG]: Watching TOML config file C:\Blue_Lotus_Global_ICM\repos\Eidolon-Unchained\run\config\eidolon-common.toml for changes
[18:24:13] [modloading-worker-0/DEBUG] [ne.mi.fm.co.ConfigFileTypeHandler/CONFIG]: Built TOML config for C:\Blue_Lotus_Global_ICM\repos\Eidolon-Unchained\run\config\eidolonunchained-common.toml
[18:24:13] [Thread-3/DEBUG] [ne.mi.fm.co.ConfigFileTypeHandler/CONFIG]: Config file eidolon-common.toml changed, sending notifies
[18:24:13] [modloading-worker-0/DEBUG] [ne.mi.fm.co.ConfigFileTypeHandler/CONFIG]: Loaded TOML config file C:\Blue_Lotus_Global_ICM\repos\Eidolon-Unchained\run\config\eidolonunchained-common.toml
[18:24:13] [modloading-worker-0/DEBUG] [ne.mi.fm.co.ConfigFileTypeHandler/CONFIG]: Watching TOML config file C:\Blue_Lotus_Global_ICM\repos\Eidolon-Unchained\run\config\eidolonunchained-common.toml for changes
[18:24:13] [Worker-Main-3/INFO] [minecraft/UnihexProvider]: Found unifont_all_no_pua-15.0.06.hex, loading
[18:24:14] [Worker-Main-2/ERROR] [minecraft/Util]: Invalid path in pack: eidolon:textures/item/incense_palette_Sammy.png, ignoring
[18:24:14] [Worker-Main-2/DEBUG] [mixin/]: Mixing MixinSlotAttribute from curios.mixins.json into top.theillusivec4.curios.api.SlotAttribute
[18:24:14] [Worker-Main-2/DEBUG] [mixin/]: Mixing MixinCuriosApi from curios.mixins.json into top.theillusivec4.curios.api.CuriosApi
[18:24:15] [Forge Version Check/INFO] [ne.mi.fm.VersionChecker/]: [forge] Starting version check at https://files.minecraftforge.net/net/minecraftforge/forge/promotions_slim.json
[18:24:15] [Worker-Main-2/DEBUG] [mixin/]: Mixing PlayerListMixin from kubejs-common.mixins.json into net.minecraft.server.players.PlayerList
[18:24:15] [Render thread/DEBUG] [ne.mi.fm.DeferredWorkQueue/LOADING]: Dispatching synchronous work for work queue COMMON_SETUP: 3 jobs
[18:24:15] [Render thread/INFO] [co.bl.ei.EidolonUnchained/]: Eidolon API validation (20/20 surfaces ok, Eidolon 0.3.13)
  ok       elucent.eidolon.common.deity.Deities
  ok       elucent.eidolon.api.deity.Deity
  ok       elucent.eidolon.api.deity.ReputationEvent
  ok       elucent.eidolon.capability.IReputation
  ok       elucent.eidolon.registries.Signs
  ok       elucent.eidolon.api.spells.Sign
  ok       elucent.eidolon.registries.Runes
  ok       elucent.eidolon.api.spells.Rune
  ok       elucent.eidolon.api.spells.SignSequence
  ok       elucent.eidolon.registries.Spells
  ok       elucent.eidolon.api.spells.Spell
  ok       elucent.eidolon.api.spells.SpellCastEvent
  ok       elucent.eidolon.capability.ISoul
  ok       elucent.eidolon.util.KnowledgeUtil
  ok       elucent.eidolon.capability.Facts
  ok       elucent.eidolon.api.research.Research
  ok       elucent.eidolon.codex.CodexEvents
  ok       elucent.eidolon.registries.Registry
  ok       elucent.eidolon.common.block.EffigyBlock
  ok       elucent.eidolon.network.AttemptCastPacket
[18:24:15] [Render thread/DEBUG] [ne.mi.fm.co.ConfigTracker/CONFIG]: Config file eidolon/dark_prayer.toml for eidolon tracking
[18:24:15] [Render thread/DEBUG] [ne.mi.fm.co.ConfigTracker/CONFIG]: Config file eidolon/darklight_chant.toml for eidolon tracking
[18:24:15] [Render thread/DEBUG] [ne.mi.fm.co.ConfigTracker/CONFIG]: Config file eidolon/dark_animal_sacrifice.toml for eidolon tracking
[18:24:15] [Render thread/DEBUG] [ne.mi.fm.co.ConfigTracker/CONFIG]: Config file eidolon/dark_touch.toml for eidolon tracking
[18:24:15] [Render thread/DEBUG] [ne.mi.fm.co.ConfigTracker/CONFIG]: Config file eidolon/frost_touch.toml for eidolon tracking
[18:24:15] [Render thread/DEBUG] [ne.mi.fm.co.ConfigTracker/CONFIG]: Config file eidolon/dark_villager_sacrifice.toml for eidolon tracking
[18:24:15] [Render thread/DEBUG] [ne.mi.fm.co.ConfigTracker/CONFIG]: Config file eidolon/zombify_villager.toml for eidolon tracking
[18:24:15] [Render thread/DEBUG] [ne.mi.fm.co.ConfigTracker/CONFIG]: Config file eidolon/enthrall_spell.toml for eidolon tracking
[18:24:15] [Render thread/DEBUG] [ne.mi.fm.co.ConfigTracker/CONFIG]: Config file eidolon/light_prayer.toml for eidolon tracking
[18:24:15] [Render thread/DEBUG] [ne.mi.fm.co.ConfigTracker/CONFIG]: Config file eidolon/fire_chant.toml for eidolon tracking
[18:24:15] [Render thread/DEBUG] [ne.mi.fm.co.ConfigTracker/CONFIG]: Config file eidolon/light_chant.toml for eidolon tracking
[18:24:15] [Render thread/DEBUG] [ne.mi.fm.co.ConfigTracker/CONFIG]: Config file eidolon/holy_touch.toml for eidolon tracking
[18:24:15] [Render thread/DEBUG] [ne.mi.fm.co.ConfigTracker/CONFIG]: Config file eidolon/lay_on_hands.toml for eidolon tracking
[18:24:15] [Render thread/DEBUG] [ne.mi.fm.co.ConfigTracker/CONFIG]: Config file eidolon/cure_zombie.toml for eidolon tracking
[18:24:15] [Render thread/DEBUG] [ne.mi.fm.co.ConfigTracker/CONFIG]: Config file eidolon/smite_chant.toml for eidolon tracking
[18:24:15] [Render thread/DEBUG] [ne.mi.fm.co.ConfigTracker/CONFIG]: Config file eidolon/sunder_armor.toml for eidolon tracking
[18:24:15] [Render thread/DEBUG] [ne.mi.fm.co.ConfigTracker/CONFIG]: Config file eidolon/reinforce_armor.toml for eidolon tracking
[18:24:15] [Render thread/DEBUG] [ne.mi.fm.co.ConfigTracker/CONFIG]: Config file eidolon/create_water.toml for eidolon tracking
[18:24:15] [Render thread/DEBUG] [ne.mi.fm.co.ConfigTracker/CONFIG]: Config file eidolon/undead_lure.toml for eidolon tracking
[18:24:15] [Render thread/DEBUG] [ne.mi.fm.co.ConfigTracker/CONFIG]: Config file eidolon/basic_incense.toml for eidolon tracking
[18:24:15] [Render thread/DEBUG] [ne.mi.fm.DeferredWorkQueue/LOADING]: Synchronous work queue completed in 167.4 ms
[18:24:15] [Worker-Main-2/INFO] [KubeJS/]: CLIENT SETUP
[18:24:15] [Render thread/DEBUG] [ne.mi.fm.DeferredWorkQueue/LOADING]: Dispatching synchronous work for work queue SIDED_SETUP: 1 jobs
[18:24:15] [Render thread/DEBUG] [ne.mi.fm.DeferredWorkQueue/LOADING]: Synchronous work queue completed in 12.41 ms
[18:24:15] [Forge Version Check/DEBUG] [ne.mi.fm.VersionChecker/]: [forge] Received version check data:
{
  "homepage": "https://files.minecraftforge.net/net/minecraftforge/forge/",
  "promos": {
    "1.1-latest": "1.3.4.29",
    "1.2.3-latest": "1.4.1.64",
    "1.2.4-latest": "2.0.0.68",
    "1.2.5-latest": "3.4.9.171",
    "1.3.2-latest": "4.3.5.318",
    "1.4.0-latest": "5.0.0.326",
    "1.4.1-latest": "6.0.0.329",
    "1.4.2-latest": "6.0.1.355",
    "1.4.3-latest": "6.2.1.358",
    "1.4.4-latest": "6.3.0.378",
    "1.4.5-latest": "6.4.2.448",
    "1.4.6-latest": "6.5.0.489",
    "1.4.7-latest": "6.6.2.534",
    "1.5-latest": "7.7.0.598",
    "1.5.1-latest": "7.7.2.682",
    "1.5.2-latest": "7.8.1.738",
    "1.5.2-recommended": "7.8.1.738",
    "1.6.1-latest": "8.9.0.775",
    "1.6.2-latest": "9.10.1.871",
    "1.6.2-recommended": "9.10.1.871",
    "1.6.3-latest": "9.11.0.878",
    "1.6.4-latest": "9.11.1.1345",
    "1.6.4-recommended": "9.11.1.1345",
    "1.7.2-latest": "10.12.2.1161",
    "1.7.2-recommended": "10.12.2.1161",
    "1.7.10-latest": "10.13.4.1614",
    "1.7.10-recommended": "10.13.4.1614",
    "1.8-latest": "11.14.4.1577",
    "1.8-recommended": "11.14.4.1563",
    "1.8.8-latest": "11.15.0.1655",
    "1.8.9-latest": "11.15.1.2318",
    "1.8.9-recommended": "11.15.1.2318",
    "1.9-latest": "12.16.1.1938",
    "1.9-recommended": "12.16.1.1887",
    "1.9.4-latest": "12.17.0.2317",
    "1.9.4-recommended": "12.17.0.2317",
    "1.10-latest": "12.18.0.2000",
    "1.10.2-latest": "12.18.3.2511",
    "1.10.2-recommended": "12.18.3.2511",
    "1.11-latest": "13.19.1.2199",
    "1.11-recommended": "13.19.1.2189",
    "1.11.2-latest": "13.20.1.2588",
    "1.11.2-recommended": "13.20.1.2588",
    "1.12-latest": "14.21.1.2443",
    "1.12-recommended": "14.21.1.2387",
    "1.12.1-latest": "14.22.1.2485",
    "1.12.1-recommended": "14.22.1.2478",
    "1.12.2-latest": "14.23.5.2864",
    "1.12.2-recommended": "14.23.5.2859",
    "1.13.2-latest": "25.0.223",
    "1.14.2-latest": "26.0.63",
    "1.14.3-latest": "27.0.60",
    "1.14.4-latest": "28.2.30",
    "1.14.4-recommended": "28.2.26",
    "1.15-latest": "29.0.4",
    "1.15.1-latest": "30.0.51",
    "1.15.2-latest": "31.2.62",
    "1.15.2-recommended": "31.2.57",
    "1.16.1-latest": "32.0.108",
    "1.16.2-latest": "33.0.61",
    "1.16.3-latest": "34.1.42",
    "1.16.3-recommended": "34.1.0",
    "1.16.4-latest": "35.1.37",
    "1.16.4-recommended": "35.1.4",
    "1.16.5-latest": "36.2.42",
    "1.16.5-recommended": "36.2.34",
    "1.17.1-latest": "37.1.1",
    "1.17.1-recommended": "37.1.1",
    "1.18-latest": "38.0.17",
    "1.18.1-latest": "39.1.2",
    "1.18.1-recommended": "39.1.0",
    "1.18.2-recommended": "40.3.0",
    "1.18.2-latest": "40.3.12",
    "1.19-latest": "41.1.0",
    "1.19-recommended": "41.1.0",
    "1.19.1-latest": "42.0.9",
    "1.19.2-recommended": "43.5.0",
    "1.19.2-latest": "43.5.2",
    "1.19.3-latest": "44.1.23",
    "1.19.3-recommended": "44.1.0",
    "1.19.4-recommended": "45.4.0",
    "1.19.4-latest": "45.4.5",
    "1.20-latest": "46.0.14",
    "1.20.1-recommended": "47.4.10",
    "1.20.1-latest": "47.4.23",
    "1.20.2-latest": "48.1.0",
    "1.20.2-recommended": "48.1.0",
    "1.20.3-latest": "49.0.2",
    "1.20.4-latest": "49.2.8",
    "1.20.4-recommended": "49.2.0",
    "1.20.6-latest": "50.2.10",
    "1.20.6-recommended": "50.2.0",
    "1.21-latest": "51.0.33",
    "1.21.1-latest": "52.1.16",
    "1.21.1-recommended": "52.1.0",
    "1.21.3-latest": "53.1.12",
    "1.21.3-recommended": "53.1.0",
    "1.21.4-latest": "54.1.18",
    "1.21.4-recommended": "54.1.14",
    "1.21.5-latest": "55.1.14",
    "1.21.5-recommended": "55.1.0",
    "1.21.6-latest": "56.0.9",
    "1.21.7-latest": "57.0.3",
    "1.21.8-latest": "58.1.22",
    "1.21.8-recommended": "58.1.0",
    "1.21.9-latest": "59.0.5",
    "1.21.10-latest": "60.1.15",
    "1.21.10-recommended": "60.1.0",
    "1.21.11-latest": "61.2.1",
    "1.21.11-recommended": "61.2.0",
    "26.1-latest": "62.0.9",
    "26.1.1-latest": "63.0.2",
    "26.1.2-latest": "64.1.3",
    "26.1.2-recommended": "64.1.0",
    "26.2-latest": "65.1.3",
    "26.2-recommended": "65.1.0",
    "26.3-latest": "66.0.8"
  }
}
[18:24:15] [Forge Version Check/INFO] [ne.mi.fm.VersionChecker/]: [forge] Found status: UP_TO_DATE Current: 47.4.10 Target: null
[18:24:16] [Worker-Main-2/INFO] [co.bl.ei.EidolonUnchained/]: Firing EidolonUnchainedEvents.init (startup scripts)
[18:24:16] [Worker-Main-2/INFO] [KubeJS Startup/]: eu_smoke.js#4: [EU smoke] startup ok: EU 2.0.0-alpha.1, Eidolon 0.3.13
[18:24:16] [Worker-Main-2/INFO] [KubeJS Startup/]: Capturing errors for startup scripts disabled
[18:24:16] [modloading-worker-0/DEBUG] [ne.mi.re.GameData/REGISTRIES]: Freezing registries
[18:24:16] [modloading-worker-0/DEBUG] [ne.mi.re.ForgeRegistry/REGISTRIES]: Registry minecraft:block Sync: FROZEN -> ACTIVE
[18:24:16] [modloading-worker-0/DEBUG] [ne.mi.re.ForgeRegistry/REGISTRIES]: Registry minecraft:fluid Sync: FROZEN -> ACTIVE
[18:24:16] [modloading-worker-0/DEBUG] [ne.mi.re.ForgeRegistry/REGISTRIES]: Registry minecraft:item Sync: FROZEN -> ACTIVE
[18:24:16] [modloading-worker-0/DEBUG] [ne.mi.re.ForgeRegistry/REGISTRIES]: Registry minecraft:mob_effect Sync: FROZEN -> ACTIVE
[18:24:16] [modloading-worker-0/DEBUG] [ne.mi.re.ForgeRegistry/REGISTRIES]: Registry minecraft:sound_event Sync: FROZEN -> ACTIVE
[18:24:16] [modloading-worker-0/DEBUG] [ne.mi.re.ForgeRegistry/REGISTRIES]: Registry minecraft:potion Sync: FROZEN -> ACTIVE
[18:24:16] [modloading-worker-0/DEBUG] [ne.mi.re.ForgeRegistry/REGISTRIES]: Registry minecraft:enchantment Sync: FROZEN -> ACTIVE
[18:24:16] [modloading-worker-0/DEBUG] [ne.mi.re.ForgeRegistry/REGISTRIES]: Registry minecraft:entity_type Sync: FROZEN -> ACTIVE
[18:24:16] [modloading-worker-0/DEBUG] [ne.mi.re.ForgeRegistry/REGISTRIES]: Registry minecraft:block_entity_type Sync: FROZEN -> ACTIVE
[18:24:16] [modloading-worker-0/DEBUG] [ne.mi.re.ForgeRegistry/REGISTRIES]: Registry minecraft:particle_type Sync: FROZEN -> ACTIVE
[18:24:16] [modloading-worker-0/DEBUG] [ne.mi.re.ForgeRegistry/REGISTRIES]: Registry minecraft:menu Sync: FROZEN -> ACTIVE
[18:24:16] [modloading-worker-0/DEBUG] [ne.mi.re.ForgeRegistry/REGISTRIES]: Registry minecraft:painting_variant Sync: FROZEN -> ACTIVE
[18:24:16] [modloading-worker-0/DEBUG] [ne.mi.re.ForgeRegistry/REGISTRIES]: Registry minecraft:recipe_type Sync: FROZEN -> ACTIVE
[18:24:16] [modloading-worker-0/DEBUG] [ne.mi.re.ForgeRegistry/REGISTRIES]: Registry minecraft:recipe_serializer Sync: FROZEN -> ACTIVE
[18:24:16] [modloading-worker-0/DEBUG] [ne.mi.re.ForgeRegistry/REGISTRIES]: Registry minecraft:attribute Sync: FROZEN -> ACTIVE
[18:24:16] [modloading-worker-0/DEBUG] [ne.mi.re.ForgeRegistry/REGISTRIES]: Registry minecraft:stat_type Sync: FROZEN -> ACTIVE
[18:24:16] [modloading-worker-0/DEBUG] [ne.mi.re.ForgeRegistry/REGISTRIES]: Registry minecraft:command_argument_type Sync: FROZEN -> ACTIVE
[18:24:16] [modloading-worker-0/DEBUG] [ne.mi.re.ForgeRegistry/REGISTRIES]: Registry minecraft:villager_profession Sync: FROZEN -> ACTIVE
[18:24:16] [modloading-worker-0/DEBUG] [ne.mi.re.ForgeRegistry/REGISTRIES]: Registry minecraft:point_of_interest_type Sync: FROZEN -> ACTIVE
[18:24:16] [modloading-worker-0/DEBUG] [ne.mi.re.ForgeRegistry/REGISTRIES]: Registry minecraft:memory_module_type Sync: FROZEN -> ACTIVE
[18:24:16] [modloading-worker-0/DEBUG] [ne.mi.re.ForgeRegistry/REGISTRIES]: Registry minecraft:sensor_type Sync: FROZEN -> ACTIVE
[18:24:16] [modloading-worker-0/DEBUG] [ne.mi.re.ForgeRegistry/REGISTRIES]: Registry minecraft:schedule Sync: FROZEN -> ACTIVE
[18:24:16] [modloading-worker-0/DEBUG] [ne.mi.re.ForgeRegistry/REGISTRIES]: Registry minecraft:activity Sync: FROZEN -> ACTIVE
[18:24:16] [modloading-worker-0/DEBUG] [ne.mi.re.ForgeRegistry/REGISTRIES]: Registry minecraft:worldgen/carver Sync: FROZEN -> ACTIVE
[18:24:16] [modloading-worker-0/DEBUG] [ne.mi.re.ForgeRegistry/REGISTRIES]: Registry minecraft:worldgen/feature Sync: FROZEN -> ACTIVE
[18:24:16] [modloading-worker-0/DEBUG] [ne.mi.re.ForgeRegistry/REGISTRIES]: Registry minecraft:chunk_status Sync: FROZEN -> ACTIVE
[18:24:16] [modloading-worker-0/DEBUG] [ne.mi.re.ForgeRegistry/REGISTRIES]: Registry minecraft:worldgen/block_state_provider_type Sync: FROZEN -> ACTIVE
[18:24:16] [modloading-worker-0/DEBUG] [ne.mi.re.ForgeRegistry/REGISTRIES]: Registry minecraft:worldgen/foliage_placer_type Sync: FROZEN -> ACTIVE
[18:24:16] [modloading-worker-0/DEBUG] [ne.mi.re.ForgeRegistry/REGISTRIES]: Registry minecraft:worldgen/tree_decorator_type Sync: FROZEN -> ACTIVE
[18:24:16] [modloading-worker-0/DEBUG] [ne.mi.re.ForgeRegistry/REGISTRIES]: Registry minecraft:worldgen/biome Sync: FROZEN -> ACTIVE
[18:24:16] [modloading-worker-0/DEBUG] [ne.mi.re.ForgeRegistry/REGISTRIES]: Registry forge:entity_data_serializers Sync: FROZEN -> ACTIVE
[18:24:16] [modloading-worker-0/DEBUG] [ne.mi.re.ForgeRegistry/REGISTRIES]: Registry forge:global_loot_modifier_serializers Sync: FROZEN -> ACTIVE
[18:24:16] [modloading-worker-0/DEBUG] [ne.mi.re.ForgeRegistry/REGISTRIES]: Registry forge:biome_modifier_serializers Sync: FROZEN -> ACTIVE
[18:24:16] [modloading-worker-0/DEBUG] [ne.mi.re.ForgeRegistry/REGISTRIES]: Registry forge:fluid_type Sync: FROZEN -> ACTIVE
[18:24:16] [modloading-worker-0/DEBUG] [ne.mi.re.ForgeRegistry/REGISTRIES]: Registry forge:structure_modifier_serializers Sync: FROZEN -> ACTIVE
[18:24:16] [modloading-worker-0/DEBUG] [ne.mi.re.ForgeRegistry/REGISTRIES]: Registry forge:holder_set_type Sync: FROZEN -> ACTIVE
[18:24:16] [modloading-worker-0/DEBUG] [ne.mi.re.ForgeRegistry/REGISTRIES]: Registry forge:display_contexts Sync: FROZEN -> ACTIVE
[18:24:18] [modloading-worker-0/DEBUG] [ne.mi.re.GameData/REGISTRIES]: All registries frozen
[18:24:18] [Render thread/DEBUG] [ne.mi.co.ForgeI18n/CORE]: Loading I18N data entries: 7402
[18:24:18] [Render thread/WARN] [minecraft/SoundEngine]: Missing sound for event: minecraft:item.goat_horn.play
[18:24:18] [Render thread/WARN] [minecraft/SoundEngine]: Missing sound for event: minecraft:entity.goat.screaming.horn_break
[18:24:18] [Render thread/INFO] [mojang/Library]: OpenAL initialized on device OpenAL Soft on Speakers (Logitech USB Headset H540)
[18:24:18] [Render thread/INFO] [minecraft/SoundEngine]: Sound engine started
[18:24:18] [Render thread/INFO] [minecraft/TextureAtlas]: Created: 1024x1024x4 minecraft:textures/atlas/blocks.png-atlas
[18:24:18] [Render thread/INFO] [minecraft/TextureAtlas]: Created: 256x256x4 minecraft:textures/atlas/signs.png-atlas
[18:24:18] [Render thread/INFO] [minecraft/TextureAtlas]: Created: 512x512x4 minecraft:textures/atlas/shield_patterns.png-atlas
[18:24:18] [Render thread/INFO] [minecraft/TextureAtlas]: Created: 512x512x4 minecraft:textures/atlas/banner_patterns.png-atlas
[18:24:18] [Render thread/INFO] [minecraft/TextureAtlas]: Created: 1024x1024x4 minecraft:textures/atlas/armor_trims.png-atlas
[18:24:18] [Render thread/INFO] [minecraft/TextureAtlas]: Created: 128x64x4 minecraft:textures/atlas/decorated_pot.png-atlas
[18:24:18] [Render thread/INFO] [minecraft/TextureAtlas]: Created: 256x256x4 minecraft:textures/atlas/chest.png-atlas
[18:24:18] [Render thread/INFO] [minecraft/TextureAtlas]: Created: 512x256x4 minecraft:textures/atlas/shulker_boxes.png-atlas
[18:24:18] [Render thread/INFO] [minecraft/TextureAtlas]: Created: 512x256x4 minecraft:textures/atlas/beds.png-atlas
[18:24:19] [Render thread/WARN] [minecraft/ShaderInstance]: Shader rendertype_entity_translucent_emissive could not find sampler named Sampler2 in the specified shader program.
[18:24:20] [Render thread/WARN] [minecraft/ShaderInstance]: Shader eidolon:glowing_particle could not find sampler named Sampler2 in the specified shader program.
[18:24:20] [Render thread/WARN] [minecraft/ShaderInstance]: Shader eidolon:sprite_particle could not find sampler named Sampler2 in the specified shader program.
[18:24:20] [Render thread/INFO] [minecraft/TextureAtlas]: Created: 256x256x0 minecraft:textures/atlas/particles.png-atlas
[18:24:20] [Render thread/INFO] [minecraft/TextureAtlas]: Created: 256x256x0 minecraft:textures/atlas/paintings.png-atlas
[18:24:20] [Render thread/INFO] [minecraft/TextureAtlas]: Created: 256x128x0 minecraft:textures/atlas/mob_effects.png-atlas
[18:24:22] [Render thread/DEBUG] [mixin/]: Mixing ImageButtonMixin from kubejs-common.mixins.json into net.minecraft.client.gui.components.ImageButton
[18:24:23] [Realms Notification Availability checker #1/INFO] [mojang/RealmsClient]: Could not authorize you against Realms server: java.lang.RuntimeException: Failed to parse into SignedJWT: 0
[18:24:24] [Render thread/DEBUG] [mixin/]: Mixing AbstractSelectionListMixin from kubejs-common.mixins.json into net.minecraft.client.gui.components.AbstractSelectionList
[18:24:55] [Render thread/DEBUG] [mixin/]: Mixing inject_resources.WorldLoaderPackConfigMixin from kubejs-common.mixins.json into net.minecraft.server.WorldLoader$PackConfig
[18:24:55] [Render thread/DEBUG] [mixin/]: Mixing GameRulesMixin from kubejs-common.mixins.json into net.minecraft.world.level.GameRules
[18:24:55] [Render thread/DEBUG] [ne.mi.se.ServerLifecycleHooks/CORE]: Generating PackInfo named mod:mixinextras for mod file 
[18:24:55] [Render thread/DEBUG] [ne.mi.se.ServerLifecycleHooks/CORE]: Generating PackInfo named mod:rhino for mod file C:\Users\Blue Lotus Coding\.gradle\caches\forge_gradle\deobf_dependencies\dev\latvian\mods\rhino-forge\2001.2.3-build.10_mapped_official_1.20.1\rhino-forge-2001.2.3-build.10_mapped_official_1.20.1.jar
[18:24:55] [Render thread/DEBUG] [ne.mi.se.ServerLifecycleHooks/CORE]: Generating PackInfo named mod:forge for mod file /
[18:24:55] [Render thread/DEBUG] [ne.mi.se.ServerLifecycleHooks/CORE]: Generating PackInfo named mod:curios for mod file C:\Users\Blue Lotus Coding\.gradle\caches\forge_gradle\deobf_dependencies\top\theillusivec4\curios\curios-forge\5.14.1+1.20.1_mapped_official_1.20.1\curios-forge-5.14.1+1.20.1_mapped_official_1.20.1.jar
[18:24:55] [Render thread/DEBUG] [ne.mi.se.ServerLifecycleHooks/CORE]: Generating PackInfo named mod:geckolib for mod file C:\Users\Blue Lotus Coding\.gradle\caches\forge_gradle\deobf_dependencies\software\bernie\geckolib\geckolib-forge-1.20.1\4.8.4_mapped_official_1.20.1\geckolib-forge-1.20.1-4.8.4_mapped_official_1.20.1.jar
[18:24:55] [Render thread/DEBUG] [ne.mi.se.ServerLifecycleHooks/CORE]: Generating PackInfo named mod:architectury for mod file C:\Users\Blue Lotus Coding\.gradle\caches\forge_gradle\deobf_dependencies\dev\architectury\architectury-forge\9.1.12_mapped_official_1.20.1\architectury-forge-9.1.12_mapped_official_1.20.1.jar
[18:24:55] [Render thread/DEBUG] [ne.mi.se.ServerLifecycleHooks/CORE]: Generating PackInfo named mod:kubejs for mod file C:\Users\Blue Lotus Coding\.gradle\caches\forge_gradle\deobf_dependencies\dev\latvian\mods\kubejs-forge\2001.6.5-build.26_mapped_official_1.20.1\kubejs-forge-2001.6.5-build.26_mapped_official_1.20.1.jar
[18:24:55] [Render thread/DEBUG] [ne.mi.se.ServerLifecycleHooks/CORE]: Generating PackInfo named mod:eidolon for mod file C:\Users\Blue Lotus Coding\.gradle\caches\forge_gradle\deobf_dependencies\curse\maven\eidolon-repraised-870250\8723993_mapped_official_1.20.1\eidolon-repraised-870250-8723993_mapped_official_1.20.1.jar
[18:24:55] [Render thread/DEBUG] [ne.mi.se.ServerLifecycleHooks/CORE]: Generating PackInfo named mod:eidolonunchained for mod file C:\Blue_Lotus_Global_ICM\repos\Eidolon-Unchained\build\resources\main
[18:24:55] [Render thread/INFO] [KubeJS/]: Generated SERVER_DATA data (1 files)
[18:24:55] [Render thread/INFO] [KubeJS Server/]: Capturing errors for server scripts enabled
[18:24:55] [Render thread/INFO] [KubeJS Server/]: Loaded script server_scripts:eu_smoke.js in 0.001 s
[18:24:55] [Render thread/INFO] [KubeJS Server/]: Loaded 1/1 KubeJS server scripts in 0.026 s with 0 errors and 0 warnings
[18:24:55] [Render thread/INFO] [KubeJS Server/]: Scripts loaded
[18:24:56] [Render thread/DEBUG] [mixin/]: Mixing MixinLootDataManager from architectury.mixins.json into net.minecraft.world.level.storage.loot.LootDataManager
[18:24:56] [Render thread/DEBUG] [mixin/]: Mixing LootTablesMixin from kubejs-common.mixins.json into net.minecraft.world.level.storage.loot.LootDataManager
[18:24:56] [Render thread/DEBUG] [mixin/]: Mixing TagManagerMixin from kubejs-common.mixins.json into net.minecraft.tags.TagManager
[18:24:56] [Render thread/DEBUG] [mixin/]: Mixing CommandSourceStackMixin from kubejs-common.mixins.json into net.minecraft.commands.CommandSourceStack
[18:24:56] [Render thread/DEBUG] [mixin/]: Renaming synthetic method lambda$kjs$sendSuccess$0(Lnet/minecraft/network/chat/Component;)Lnet/minecraft/network/chat/Component; to md5be7f7$lambda$kjs$sendSuccess$0$0 in kubejs-common.mixins.json:CommandSourceStackMixin
[18:24:56] [Render thread/DEBUG] [ne.mi.co.tr.CoreModBaseTransformer/COREMOD]: Transforming net/minecraft/server/commands/SummonCommand
[18:24:56] [Render thread/DEBUG] [mixin/]: Mixing TagLoaderMixin from kubejs-common.mixins.json into net.minecraft.tags.TagLoader
[18:24:57] [Worker-Main-3/DEBUG] [mixin/]: Mixing MixinNbtPredicate from curios.mixins.json into net.minecraft.advancements.critereon.NbtPredicate
[18:24:57] [Worker-Main-3/DEBUG] [ne.mi.co.tr.CoreModBaseTransformer/COREMOD]: Transforming net/minecraft/world/entity/raid/Raid
[18:24:57] [Render thread/DEBUG] [mixin/]: Mixing IngredientTagValueMixin from kubejs-common.mixins.json into net.minecraft.world.item.crafting.Ingredient$TagValue
[18:24:57] [Render thread/INFO] [minecraft/RecipeManager]: Skipping loading recipe eidolon:smelt_silver_dust as it's serializer returned null
[18:24:57] [Render thread/INFO] [minecraft/RecipeManager]: Skipping loading recipe eidolon:smelt_lead_dust as it's serializer returned null
[18:24:57] [Render thread/INFO] [minecraft/RecipeManager]: Loaded 16 recipes
[18:24:57] [Render thread/INFO] [minecraft/AdvancementList]: Loaded 1350 advancements
[18:24:57] [Render thread/INFO] [to.th.cu.Curios/]: Loaded 10 curio slots
[18:24:57] [Render thread/INFO] [to.th.cu.Curios/]: Loaded 1 curio entities
[18:25:04] [Render thread/DEBUG] [ne.mi.ne.DualStackUtils/]: Detected IPv6 address: "0:0:0:0:0:0:0:0"
[18:25:10] [Render thread/DEBUG] [ne.mi.se.ServerLifecycleHooks/CORE]: Generating PackInfo named mod:mixinextras for mod file 
[18:25:10] [Render thread/DEBUG] [ne.mi.se.ServerLifecycleHooks/CORE]: Generating PackInfo named mod:rhino for mod file C:\Users\Blue Lotus Coding\.gradle\caches\forge_gradle\deobf_dependencies\dev\latvian\mods\rhino-forge\2001.2.3-build.10_mapped_official_1.20.1\rhino-forge-2001.2.3-build.10_mapped_official_1.20.1.jar
[18:25:10] [Render thread/DEBUG] [ne.mi.se.ServerLifecycleHooks/CORE]: Generating PackInfo named mod:forge for mod file /
[18:25:10] [Render thread/DEBUG] [ne.mi.se.ServerLifecycleHooks/CORE]: Generating PackInfo named mod:curios for mod file C:\Users\Blue Lotus Coding\.gradle\caches\forge_gradle\deobf_dependencies\top\theillusivec4\curios\curios-forge\5.14.1+1.20.1_mapped_official_1.20.1\curios-forge-5.14.1+1.20.1_mapped_official_1.20.1.jar
[18:25:10] [Render thread/DEBUG] [ne.mi.se.ServerLifecycleHooks/CORE]: Generating PackInfo named mod:geckolib for mod file C:\Users\Blue Lotus Coding\.gradle\caches\forge_gradle\deobf_dependencies\software\bernie\geckolib\geckolib-forge-1.20.1\4.8.4_mapped_official_1.20.1\geckolib-forge-1.20.1-4.8.4_mapped_official_1.20.1.jar
[18:25:10] [Render thread/DEBUG] [ne.mi.se.ServerLifecycleHooks/CORE]: Generating PackInfo named mod:architectury for mod file C:\Users\Blue Lotus Coding\.gradle\caches\forge_gradle\deobf_dependencies\dev\architectury\architectury-forge\9.1.12_mapped_official_1.20.1\architectury-forge-9.1.12_mapped_official_1.20.1.jar
[18:25:10] [Render thread/DEBUG] [ne.mi.se.ServerLifecycleHooks/CORE]: Generating PackInfo named mod:kubejs for mod file C:\Users\Blue Lotus Coding\.gradle\caches\forge_gradle\deobf_dependencies\dev\latvian\mods\kubejs-forge\2001.6.5-build.26_mapped_official_1.20.1\kubejs-forge-2001.6.5-build.26_mapped_official_1.20.1.jar
[18:25:10] [Render thread/DEBUG] [ne.mi.se.ServerLifecycleHooks/CORE]: Generating PackInfo named mod:eidolon for mod file C:\Users\Blue Lotus Coding\.gradle\caches\forge_gradle\deobf_dependencies\curse\maven\eidolon-repraised-870250\8723993_mapped_official_1.20.1\eidolon-repraised-870250-8723993_mapped_official_1.20.1.jar
[18:25:10] [Render thread/DEBUG] [ne.mi.se.ServerLifecycleHooks/CORE]: Generating PackInfo named mod:eidolonunchained for mod file C:\Blue_Lotus_Global_ICM\repos\Eidolon-Unchained\build\resources\main
[18:25:10] [Render thread/INFO] [KubeJS/]: Generated SERVER_DATA data (1 files)
[18:25:10] [Render thread/INFO] [KubeJS Server/]: Loaded script server_scripts:eu_smoke.js in 0.0 s
[18:25:10] [Render thread/INFO] [KubeJS Server/]: Loaded 1/1 KubeJS server scripts in 0.009 s with 0 errors and 0 warnings
[18:25:10] [Render thread/INFO] [KubeJS Server/]: Scripts loaded
[18:25:10] [Render thread/INFO] [minecraft/RecipeManager]: Skipping loading recipe eidolon:smelt_silver_dust as it's serializer returned null
[18:25:10] [Render thread/INFO] [minecraft/RecipeManager]: Skipping loading recipe eidolon:smelt_lead_dust as it's serializer returned null
[18:25:10] [Render thread/INFO] [minecraft/RecipeManager]: Loaded 16 recipes
[18:25:10] [Render thread/INFO] [minecraft/AdvancementList]: Loaded 1350 advancements
[18:25:10] [Render thread/INFO] [to.th.cu.Curios/]: Loaded 10 curio slots
[18:25:10] [Render thread/INFO] [to.th.cu.Curios/]: Loaded 1 curio entities
[18:25:25] [Render thread/DEBUG] [ne.mi.se.ServerLifecycleHooks/CORE]: Generating PackInfo named mod:mixinextras for mod file 
[18:25:25] [Render thread/DEBUG] [ne.mi.se.ServerLifecycleHooks/CORE]: Generating PackInfo named mod:rhino for mod file C:\Users\Blue Lotus Coding\.gradle\caches\forge_gradle\deobf_dependencies\dev\latvian\mods\rhino-forge\2001.2.3-build.10_mapped_official_1.20.1\rhino-forge-2001.2.3-build.10_mapped_official_1.20.1.jar
[18:25:25] [Render thread/DEBUG] [ne.mi.se.ServerLifecycleHooks/CORE]: Generating PackInfo named mod:forge for mod file /
[18:25:25] [Render thread/DEBUG] [ne.mi.se.ServerLifecycleHooks/CORE]: Generating PackInfo named mod:curios for mod file C:\Users\Blue Lotus Coding\.gradle\caches\forge_gradle\deobf_dependencies\top\theillusivec4\curios\curios-forge\5.14.1+1.20.1_mapped_official_1.20.1\curios-forge-5.14.1+1.20.1_mapped_official_1.20.1.jar
[18:25:25] [Render thread/DEBUG] [ne.mi.se.ServerLifecycleHooks/CORE]: Generating PackInfo named mod:geckolib for mod file C:\Users\Blue Lotus Coding\.gradle\caches\forge_gradle\deobf_dependencies\software\bernie\geckolib\geckolib-forge-1.20.1\4.8.4_mapped_official_1.20.1\geckolib-forge-1.20.1-4.8.4_mapped_official_1.20.1.jar
[18:25:25] [Render thread/DEBUG] [ne.mi.se.ServerLifecycleHooks/CORE]: Generating PackInfo named mod:architectury for mod file C:\Users\Blue Lotus Coding\.gradle\caches\forge_gradle\deobf_dependencies\dev\architectury\architectury-forge\9.1.12_mapped_official_1.20.1\architectury-forge-9.1.12_mapped_official_1.20.1.jar
[18:25:25] [Render thread/DEBUG] [ne.mi.se.ServerLifecycleHooks/CORE]: Generating PackInfo named mod:kubejs for mod file C:\Users\Blue Lotus Coding\.gradle\caches\forge_gradle\deobf_dependencies\dev\latvian\mods\kubejs-forge\2001.6.5-build.26_mapped_official_1.20.1\kubejs-forge-2001.6.5-build.26_mapped_official_1.20.1.jar
[18:25:25] [Render thread/DEBUG] [ne.mi.se.ServerLifecycleHooks/CORE]: Generating PackInfo named mod:eidolon for mod file C:\Users\Blue Lotus Coding\.gradle\caches\forge_gradle\deobf_dependencies\curse\maven\eidolon-repraised-870250\8723993_mapped_official_1.20.1\eidolon-repraised-870250-8723993_mapped_official_1.20.1.jar
[18:25:25] [Render thread/DEBUG] [ne.mi.se.ServerLifecycleHooks/CORE]: Generating PackInfo named mod:eidolonunchained for mod file C:\Blue_Lotus_Global_ICM\repos\Eidolon-Unchained\build\resources\main
[18:25:25] [Render thread/INFO] [KubeJS/]: Generated SERVER_DATA data (1 files)
[18:25:25] [Render thread/INFO] [KubeJS Server/]: Loaded script server_scripts:eu_smoke.js in 0.001 s
[18:25:25] [Render thread/INFO] [KubeJS Server/]: Loaded 1/1 KubeJS server scripts in 0.01 s with 0 errors and 0 warnings
[18:25:25] [Render thread/INFO] [KubeJS Server/]: Scripts loaded
[18:25:25] [Render thread/WARN] [KubeJS Server/]: Due to the way Minecraft resource loading works, KubeJS' server.log may not contain everything that happened in your server scripts on initial world creation.
[18:25:25] [Render thread/WARN] [KubeJS Server/]: You can still see the full log (including past reloads) in your latest.log file.
[18:25:25] [Render thread/DEBUG] [ne.mi.co.ForgeHooks/WP]: Gathering id map for writing to world save test_01
[18:25:25] [Render thread/DEBUG] [ne.mi.co.ForgeHooks/WP]: ID Map collection complete test_01
[18:25:26] [Server thread/INFO] [minecraft/IntegratedServer]: Starting integrated minecraft server version 1.20.1
[18:25:26] [Server thread/INFO] [minecraft/MinecraftServer]: Generating keypair
[18:25:26] [Server thread/DEBUG] [ne.mi.fm.co.ConfigTracker/CONFIG]: Loading configs type SERVER
[18:25:26] [Server thread/DEBUG] [ne.mi.fm.co.ConfigFileTypeHandler/CONFIG]: Built TOML config for .\saves\test_01\serverconfig\forge-server.toml
[18:25:26] [Server thread/DEBUG] [ne.mi.fm.co.ConfigFileTypeHandler/CONFIG]: Loaded TOML config file .\saves\test_01\serverconfig\forge-server.toml
[18:25:26] [Server thread/DEBUG] [ne.mi.fm.co.ConfigFileTypeHandler/CONFIG]: Watching TOML config file .\saves\test_01\serverconfig\forge-server.toml for changes
[18:25:26] [Server thread/WARN] [ne.mi.co.ForgeConfigSpec/CORE]: Configuration file .\saves\test_01\serverconfig\forge-server.toml is not correct. Correcting
[18:25:26] [Server thread/WARN] [ne.mi.co.ForgeConfigSpec/CORE]: Incorrect key server was corrected from null to its default, SimpleCommentedConfig:{}. 
[18:25:26] [Server thread/WARN] [ne.mi.co.ForgeConfigSpec/CORE]: Incorrect key server.removeErroringBlockEntities was corrected from null to its default, false. 
[18:25:26] [Server thread/DEBUG] [ne.mi.co.ForgeConfigSpec/CORE]: The comment on key server.removeErroringBlockEntities does not match the spec. This may create a backup.
[18:25:26] [Server thread/WARN] [ne.mi.co.ForgeConfigSpec/CORE]: Incorrect key server.removeErroringEntities was corrected from null to its default, false. 
[18:25:26] [Server thread/DEBUG] [ne.mi.co.ForgeConfigSpec/CORE]: The comment on key server.removeErroringEntities does not match the spec. This may create a backup.
[18:25:26] [Server thread/WARN] [ne.mi.co.ForgeConfigSpec/CORE]: Incorrect key server.fullBoundingBoxLadders was corrected from null to its default, false. 
[18:25:26] [Server thread/DEBUG] [ne.mi.co.ForgeConfigSpec/CORE]: The comment on key server.fullBoundingBoxLadders does not match the spec. This may create a backup.
[18:25:26] [Server thread/WARN] [ne.mi.co.ForgeConfigSpec/CORE]: Incorrect key server.zombieBaseSummonChance was corrected from null to its default, 0.1. 
[18:25:26] [Server thread/DEBUG] [ne.mi.co.ForgeConfigSpec/CORE]: The comment on key server.zombieBaseSummonChance does not match the spec. This may create a backup.
[18:25:26] [Server thread/WARN] [ne.mi.co.ForgeConfigSpec/CORE]: Incorrect key server.zombieBabyChance was corrected from null to its default, 0.05. 
[18:25:26] [Server thread/DEBUG] [ne.mi.co.ForgeConfigSpec/CORE]: The comment on key server.zombieBabyChance does not match the spec. This may create a backup.
[18:25:26] [Server thread/WARN] [ne.mi.co.ForgeConfigSpec/CORE]: Incorrect key server.permissionHandler was corrected from null to its default, forge:default_handler. 
[18:25:26] [Server thread/DEBUG] [ne.mi.co.ForgeConfigSpec/CORE]: The comment on key server.permissionHandler does not match the spec. This may create a backup.
[18:25:26] [Server thread/WARN] [ne.mi.co.ForgeConfigSpec/CORE]: Incorrect key server.advertiseDedicatedServerToLan was corrected from null to its default, true. 
[18:25:26] [Server thread/DEBUG] [ne.mi.co.ForgeConfigSpec/CORE]: The comment on key server.advertiseDedicatedServerToLan does not match the spec. This may create a backup.
[18:25:26] [Server thread/WARN] [ne.mi.co.ForgeConfigSpec/CORE]: Incorrect key server.useItemWithDurationZero was corrected from null to its default, false. 
[18:25:26] [Server thread/DEBUG] [ne.mi.co.ForgeConfigSpec/CORE]: The comment on key server.useItemWithDurationZero does not match the spec. This may create a backup.
[18:25:26] [Server thread/DEBUG] [ne.mi.co.ForgeConfigSpec/CORE]: The comment on key server does not match the spec. This may create a backup.
[18:25:26] [Server thread/DEBUG] [ne.mi.co.ForgeConfig/FORGEMOD]: Loaded forge config file forge-server.toml
[18:25:26] [Server thread/DEBUG] [ne.mi.fm.co.ConfigFileTypeHandler/CONFIG]: Built TOML config for .\saves\test_01\serverconfig\curios-server.toml
[18:25:26] [Server thread/DEBUG] [ne.mi.fm.co.ConfigFileTypeHandler/CONFIG]: Loaded TOML config file .\saves\test_01\serverconfig\curios-server.toml
[18:25:26] [Server thread/DEBUG] [ne.mi.fm.co.ConfigFileTypeHandler/CONFIG]: Watching TOML config file .\saves\test_01\serverconfig\curios-server.toml for changes
[18:25:26] [Server thread/WARN] [ne.mi.co.ForgeConfigSpec/CORE]: Configuration file .\saves\test_01\serverconfig\curios-server.toml is not correct. Correcting
[18:25:26] [Server thread/WARN] [ne.mi.co.ForgeConfigSpec/CORE]: Incorrect key keepCurios was corrected from null to its default, DEFAULT. 
[18:25:26] [Server thread/DEBUG] [ne.mi.co.ForgeConfigSpec/CORE]: The comment on key keepCurios does not match the spec. This may create a backup.
[18:25:26] [Server thread/WARN] [ne.mi.co.ForgeConfigSpec/CORE]: Incorrect key menu was corrected from null to its default, SimpleCommentedConfig:{}. 
[18:25:26] [Server thread/WARN] [ne.mi.co.ForgeConfigSpec/CORE]: Incorrect key menu.enableLegacyMenu was corrected from null to its default, false. 
[18:25:26] [Server thread/DEBUG] [ne.mi.co.ForgeConfigSpec/CORE]: The comment on key menu.enableLegacyMenu does not match the spec. This may create a backup.
[18:25:26] [Server thread/WARN] [ne.mi.co.ForgeConfigSpec/CORE]: Incorrect key menu.experimental was corrected from null to its default, SimpleCommentedConfig:{}. 
[18:25:26] [Server thread/WARN] [ne.mi.co.ForgeConfigSpec/CORE]: Incorrect key menu.experimental.minimumColumns was corrected from null to its default, 1. 
[18:25:26] [Server thread/DEBUG] [ne.mi.co.ForgeConfigSpec/CORE]: The comment on key menu.experimental.minimumColumns does not match the spec. This may create a backup.
[18:25:26] [Server thread/WARN] [ne.mi.co.ForgeConfigSpec/CORE]: Incorrect key menu.experimental.maxSlotsPerPage was corrected from null to its default, 48. 
[18:25:26] [Server thread/DEBUG] [ne.mi.co.ForgeConfigSpec/CORE]: The comment on key menu.experimental.maxSlotsPerPage does not match the spec. This may create a backup.
[18:25:26] [Server thread/DEBUG] [ne.mi.fm.co.ConfigFileTypeHandler/CONFIG]: Built TOML config for C:\Blue_Lotus_Global_ICM\repos\Eidolon-Unchained\run\config\eidolon\dark_prayer.toml
[18:25:26] [Server thread/DEBUG] [ne.mi.fm.co.ConfigFileTypeHandler/CONFIG]: Loaded TOML config file C:\Blue_Lotus_Global_ICM\repos\Eidolon-Unchained\run\config\eidolon\dark_prayer.toml
[18:25:26] [Server thread/DEBUG] [ne.mi.fm.co.ConfigFileTypeHandler/CONFIG]: Watching TOML config file C:\Blue_Lotus_Global_ICM\repos\Eidolon-Unchained\run\config\eidolon\dark_prayer.toml for changes
[18:25:26] [Server thread/DEBUG] [ne.mi.co.ForgeConfigSpec/CORE]: Range value 0.0 is not within its bounds 21000.0-2.147483647E9
[18:25:26] [Server thread/WARN] [ne.mi.co.ForgeConfigSpec/CORE]: Configuration file C:\Blue_Lotus_Global_ICM\repos\Eidolon-Unchained\run\config\eidolon\dark_prayer.toml is not correct. Correcting
[18:25:26] [Server thread/DEBUG] [ne.mi.co.ForgeConfigSpec/CORE]: Range value 0.0 is not within its bounds 21000.0-2.147483647E9
[18:25:26] [Server thread/WARN] [ne.mi.co.ForgeConfigSpec/CORE]: Incorrect key cooldown was corrected from 0 to its default, 21000. 
[18:25:26] [Server thread/DEBUG] [ne.mi.fm.co.ConfigFileTypeHandler/CONFIG]: Built TOML config for C:\Blue_Lotus_Global_ICM\repos\Eidolon-Unchained\run\config\eidolon\darklight_chant.toml
[18:25:26] [Server thread/DEBUG] [ne.mi.fm.co.ConfigFileTypeHandler/CONFIG]: Loaded TOML config file C:\Blue_Lotus_Global_ICM\repos\Eidolon-Unchained\run\config\eidolon\darklight_chant.toml
[18:25:26] [Server thread/DEBUG] [ne.mi.fm.co.ConfigFileTypeHandler/CONFIG]: Watching TOML config file C:\Blue_Lotus_Global_ICM\repos\Eidolon-Unchained\run\config\eidolon\darklight_chant.toml for changes
[18:25:26] [Server thread/DEBUG] [ne.mi.fm.co.ConfigFileTypeHandler/CONFIG]: Built TOML config for C:\Blue_Lotus_Global_ICM\repos\Eidolon-Unchained\run\config\eidolon\dark_animal_sacrifice.toml
[18:25:26] [Server thread/DEBUG] [ne.mi.fm.co.ConfigFileTypeHandler/CONFIG]: Loaded TOML config file C:\Blue_Lotus_Global_ICM\repos\Eidolon-Unchained\run\config\eidolon\dark_animal_sacrifice.toml
[18:25:26] [Server thread/DEBUG] [ne.mi.fm.co.ConfigFileTypeHandler/CONFIG]: Watching TOML config file C:\Blue_Lotus_Global_ICM\repos\Eidolon-Unchained\run\config\eidolon\dark_animal_sacrifice.toml for changes
[18:25:26] [Server thread/DEBUG] [ne.mi.co.ForgeConfigSpec/CORE]: Range value 0.0 is not within its bounds 21000.0-2.147483647E9
[18:25:26] [Server thread/WARN] [ne.mi.co.ForgeConfigSpec/CORE]: Configuration file C:\Blue_Lotus_Global_ICM\repos\Eidolon-Unchained\run\config\eidolon\dark_animal_sacrifice.toml is not correct. Correcting
[18:25:26] [Server thread/DEBUG] [ne.mi.co.ForgeConfigSpec/CORE]: Range value 0.0 is not within its bounds 21000.0-2.147483647E9
[18:25:26] [Server thread/WARN] [ne.mi.co.ForgeConfigSpec/CORE]: Incorrect key cooldown was corrected from 0 to its default, 21000. 
[18:25:26] [Server thread/DEBUG] [ne.mi.fm.co.ConfigFileTypeHandler/CONFIG]: Built TOML config for C:\Blue_Lotus_Global_ICM\repos\Eidolon-Unchained\run\config\eidolon\dark_touch.toml
[18:25:26] [Server thread/DEBUG] [ne.mi.fm.co.ConfigFileTypeHandler/CONFIG]: Loaded TOML config file C:\Blue_Lotus_Global_ICM\repos\Eidolon-Unchained\run\config\eidolon\dark_touch.toml
[18:25:26] [Server thread/DEBUG] [ne.mi.fm.co.ConfigFileTypeHandler/CONFIG]: Watching TOML config file C:\Blue_Lotus_Global_ICM\repos\Eidolon-Unchained\run\config\eidolon\dark_touch.toml for changes
[18:25:26] [Server thread/DEBUG] [ne.mi.fm.co.ConfigFileTypeHandler/CONFIG]: Built TOML config for C:\Blue_Lotus_Global_ICM\repos\Eidolon-Unchained\run\config\eidolon\frost_touch.toml
[18:25:26] [Server thread/DEBUG] [ne.mi.fm.co.ConfigFileTypeHandler/CONFIG]: Loaded TOML config file C:\Blue_Lotus_Global_ICM\repos\Eidolon-Unchained\run\config\eidolon\frost_touch.toml
[18:25:26] [Server thread/DEBUG] [ne.mi.fm.co.ConfigFileTypeHandler/CONFIG]: Watching TOML config file C:\Blue_Lotus_Global_ICM\repos\Eidolon-Unchained\run\config\eidolon\frost_touch.toml for changes
[18:25:26] [Server thread/DEBUG] [ne.mi.fm.co.ConfigFileTypeHandler/CONFIG]: Built TOML config for C:\Blue_Lotus_Global_ICM\repos\Eidolon-Unchained\run\config\eidolon\dark_villager_sacrifice.toml
[18:25:26] [Server thread/DEBUG] [ne.mi.fm.co.ConfigFileTypeHandler/CONFIG]: Loaded TOML config file C:\Blue_Lotus_Global_ICM\repos\Eidolon-Unchained\run\config\eidolon\dark_villager_sacrifice.toml
[18:25:26] [Server thread/DEBUG] [ne.mi.fm.co.ConfigFileTypeHandler/CONFIG]: Watching TOML config file C:\Blue_Lotus_Global_ICM\repos\Eidolon-Unchained\run\config\eidolon\dark_villager_sacrifice.toml for changes
[18:25:26] [Server thread/DEBUG] [ne.mi.co.ForgeConfigSpec/CORE]: Range value 0.0 is not within its bounds 21000.0-2.147483647E9
[18:25:26] [Server thread/WARN] [ne.mi.co.ForgeConfigSpec/CORE]: Configuration file C:\Blue_Lotus_Global_ICM\repos\Eidolon-Unchained\run\config\eidolon\dark_villager_sacrifice.toml is not correct. Correcting
[18:25:26] [Server thread/DEBUG] [ne.mi.co.ForgeConfigSpec/CORE]: Range value 0.0 is not within its bounds 21000.0-2.147483647E9
[18:25:26] [Server thread/WARN] [ne.mi.co.ForgeConfigSpec/CORE]: Incorrect key cooldown was corrected from 0 to its default, 21000. 
[18:25:26] [Server thread/DEBUG] [ne.mi.fm.co.ConfigFileTypeHandler/CONFIG]: Built TOML config for C:\Blue_Lotus_Global_ICM\repos\Eidolon-Unchained\run\config\eidolon\zombify_villager.toml
[18:25:26] [Server thread/DEBUG] [ne.mi.fm.co.ConfigFileTypeHandler/CONFIG]: Loaded TOML config file C:\Blue_Lotus_Global_ICM\repos\Eidolon-Unchained\run\config\eidolon\zombify_villager.toml
[18:25:26] [Server thread/DEBUG] [ne.mi.fm.co.ConfigFileTypeHandler/CONFIG]: Watching TOML config file C:\Blue_Lotus_Global_ICM\repos\Eidolon-Unchained\run\config\eidolon\zombify_villager.toml for changes
[18:25:26] [Thread-3/DEBUG] [ne.mi.fm.co.ConfigFileTypeHandler/CONFIG]: Config file eidolon/zombify_villager.toml changed, sending notifies
[18:25:26] [Server thread/DEBUG] [ne.mi.fm.co.ConfigFileTypeHandler/CONFIG]: Built TOML config for C:\Blue_Lotus_Global_ICM\repos\Eidolon-Unchained\run\config\eidolon\enthrall_spell.toml
[18:25:26] [Thread-3/DEBUG] [ne.mi.fm.co.ConfigFileTypeHandler/CONFIG]: Config file eidolon/zombify_villager.toml changed, sending notifies
[18:25:26] [Server thread/DEBUG] [ne.mi.fm.co.ConfigFileTypeHandler/CONFIG]: Loaded TOML config file C:\Blue_Lotus_Global_ICM\repos\Eidolon-Unchained\run\config\eidolon\enthrall_spell.toml
[18:25:26] [Server thread/DEBUG] [ne.mi.fm.co.ConfigFileTypeHandler/CONFIG]: Watching TOML config file C:\Blue_Lotus_Global_ICM\repos\Eidolon-Unchained\run\config\eidolon\enthrall_spell.toml for changes
[18:25:26] [Server thread/DEBUG] [ne.mi.fm.co.ConfigFileTypeHandler/CONFIG]: Built TOML config for C:\Blue_Lotus_Global_ICM\repos\Eidolon-Unchained\run\config\eidolon\light_prayer.toml
[18:25:26] [Server thread/DEBUG] [ne.mi.fm.co.ConfigFileTypeHandler/CONFIG]: Loaded TOML config file C:\Blue_Lotus_Global_ICM\repos\Eidolon-Unchained\run\config\eidolon\light_prayer.toml
[18:25:26] [Server thread/DEBUG] [ne.mi.fm.co.ConfigFileTypeHandler/CONFIG]: Watching TOML config file C:\Blue_Lotus_Global_ICM\repos\Eidolon-Unchained\run\config\eidolon\light_prayer.toml for changes
[18:25:26] [Server thread/DEBUG] [ne.mi.co.ForgeConfigSpec/CORE]: Range value 0.0 is not within its bounds 21000.0-2.147483647E9
[18:25:26] [Server thread/WARN] [ne.mi.co.ForgeConfigSpec/CORE]: Configuration file C:\Blue_Lotus_Global_ICM\repos\Eidolon-Unchained\run\config\eidolon\light_prayer.toml is not correct. Correcting
[18:25:26] [Server thread/DEBUG] [ne.mi.co.ForgeConfigSpec/CORE]: Range value 0.0 is not within its bounds 21000.0-2.147483647E9
[18:25:26] [Server thread/WARN] [ne.mi.co.ForgeConfigSpec/CORE]: Incorrect key cooldown was corrected from 0 to its default, 21000. 
[18:25:26] [Server thread/DEBUG] [ne.mi.fm.co.ConfigFileTypeHandler/CONFIG]: Built TOML config for C:\Blue_Lotus_Global_ICM\repos\Eidolon-Unchained\run\config\eidolon\fire_chant.toml
[18:25:26] [Server thread/DEBUG] [ne.mi.fm.co.ConfigFileTypeHandler/CONFIG]: Loaded TOML config file C:\Blue_Lotus_Global_ICM\repos\Eidolon-Unchained\run\config\eidolon\fire_chant.toml
[18:25:26] [Server thread/DEBUG] [ne.mi.fm.co.ConfigFileTypeHandler/CONFIG]: Watching TOML config file C:\Blue_Lotus_Global_ICM\repos\Eidolon-Unchained\run\config\eidolon\fire_chant.toml for changes
[18:25:26] [Server thread/DEBUG] [ne.mi.fm.co.ConfigFileTypeHandler/CONFIG]: Built TOML config for C:\Blue_Lotus_Global_ICM\repos\Eidolon-Unchained\run\config\eidolon\light_chant.toml
[18:25:26] [Server thread/DEBUG] [ne.mi.fm.co.ConfigFileTypeHandler/CONFIG]: Loaded TOML config file C:\Blue_Lotus_Global_ICM\repos\Eidolon-Unchained\run\config\eidolon\light_chant.toml
[18:25:26] [Server thread/DEBUG] [ne.mi.fm.co.ConfigFileTypeHandler/CONFIG]: Watching TOML config file C:\Blue_Lotus_Global_ICM\repos\Eidolon-Unchained\run\config\eidolon\light_chant.toml for changes
[18:25:26] [Server thread/DEBUG] [ne.mi.fm.co.ConfigFileTypeHandler/CONFIG]: Built TOML config for C:\Blue_Lotus_Global_ICM\repos\Eidolon-Unchained\run\config\eidolon\holy_touch.toml
[18:25:26] [Server thread/DEBUG] [ne.mi.fm.co.ConfigFileTypeHandler/CONFIG]: Loaded TOML config file C:\Blue_Lotus_Global_ICM\repos\Eidolon-Unchained\run\config\eidolon\holy_touch.toml
[18:25:26] [Server thread/DEBUG] [ne.mi.fm.co.ConfigFileTypeHandler/CONFIG]: Watching TOML config file C:\Blue_Lotus_Global_ICM\repos\Eidolon-Unchained\run\config\eidolon\holy_touch.toml for changes
[18:25:26] [Server thread/DEBUG] [ne.mi.fm.co.ConfigFileTypeHandler/CONFIG]: Built TOML config for C:\Blue_Lotus_Global_ICM\repos\Eidolon-Unchained\run\config\eidolon\lay_on_hands.toml
[18:25:26] [Server thread/DEBUG] [ne.mi.fm.co.ConfigFileTypeHandler/CONFIG]: Loaded TOML config file C:\Blue_Lotus_Global_ICM\repos\Eidolon-Unchained\run\config\eidolon\lay_on_hands.toml
[18:25:26] [Server thread/DEBUG] [ne.mi.fm.co.ConfigFileTypeHandler/CONFIG]: Watching TOML config file C:\Blue_Lotus_Global_ICM\repos\Eidolon-Unchained\run\config\eidolon\lay_on_hands.toml for changes
[18:25:26] [Server thread/DEBUG] [ne.mi.fm.co.ConfigFileTypeHandler/CONFIG]: Built TOML config for C:\Blue_Lotus_Global_ICM\repos\Eidolon-Unchained\run\config\eidolon\cure_zombie.toml
[18:25:26] [Server thread/DEBUG] [ne.mi.fm.co.ConfigFileTypeHandler/CONFIG]: Loaded TOML config file C:\Blue_Lotus_Global_ICM\repos\Eidolon-Unchained\run\config\eidolon\cure_zombie.toml
[18:25:26] [Server thread/DEBUG] [ne.mi.fm.co.ConfigFileTypeHandler/CONFIG]: Watching TOML config file C:\Blue_Lotus_Global_ICM\repos\Eidolon-Unchained\run\config\eidolon\cure_zombie.toml for changes
[18:25:26] [Server thread/DEBUG] [ne.mi.co.ForgeConfigSpec/CORE]: Range value 0.0 is not within its bounds 21000.0-2.147483647E9
[18:25:26] [Server thread/WARN] [ne.mi.co.ForgeConfigSpec/CORE]: Configuration file C:\Blue_Lotus_Global_ICM\repos\Eidolon-Unchained\run\config\eidolon\cure_zombie.toml is not correct. Correcting
[18:25:26] [Server thread/DEBUG] [ne.mi.co.ForgeConfigSpec/CORE]: Range value 0.0 is not within its bounds 21000.0-2.147483647E9
[18:25:26] [Server thread/WARN] [ne.mi.co.ForgeConfigSpec/CORE]: Incorrect key cooldown was corrected from 0 to its default, 21000. 
[18:25:26] [Server thread/DEBUG] [ne.mi.fm.co.ConfigFileTypeHandler/CONFIG]: Built TOML config for C:\Blue_Lotus_Global_ICM\repos\Eidolon-Unchained\run\config\eidolon\smite_chant.toml
[18:25:26] [Server thread/DEBUG] [ne.mi.fm.co.ConfigFileTypeHandler/CONFIG]: Loaded TOML config file C:\Blue_Lotus_Global_ICM\repos\Eidolon-Unchained\run\config\eidolon\smite_chant.toml
[18:25:26] [Server thread/DEBUG] [ne.mi.fm.co.ConfigFileTypeHandler/CONFIG]: Watching TOML config file C:\Blue_Lotus_Global_ICM\repos\Eidolon-Unchained\run\config\eidolon\smite_chant.toml for changes
[18:25:26] [Server thread/DEBUG] [ne.mi.fm.co.ConfigFileTypeHandler/CONFIG]: Built TOML config for C:\Blue_Lotus_Global_ICM\repos\Eidolon-Unchained\run\config\eidolon\sunder_armor.toml
[18:25:26] [Server thread/DEBUG] [ne.mi.fm.co.ConfigFileTypeHandler/CONFIG]: Loaded TOML config file C:\Blue_Lotus_Global_ICM\repos\Eidolon-Unchained\run\config\eidolon\sunder_armor.toml
[18:25:26] [Server thread/DEBUG] [ne.mi.fm.co.ConfigFileTypeHandler/CONFIG]: Watching TOML config file C:\Blue_Lotus_Global_ICM\repos\Eidolon-Unchained\run\config\eidolon\sunder_armor.toml for changes
[18:25:26] [Server thread/DEBUG] [ne.mi.fm.co.ConfigFileTypeHandler/CONFIG]: Built TOML config for C:\Blue_Lotus_Global_ICM\repos\Eidolon-Unchained\run\config\eidolon\reinforce_armor.toml
[18:25:26] [Server thread/DEBUG] [ne.mi.fm.co.ConfigFileTypeHandler/CONFIG]: Loaded TOML config file C:\Blue_Lotus_Global_ICM\repos\Eidolon-Unchained\run\config\eidolon\reinforce_armor.toml
[18:25:26] [Server thread/DEBUG] [ne.mi.fm.co.ConfigFileTypeHandler/CONFIG]: Watching TOML config file C:\Blue_Lotus_Global_ICM\repos\Eidolon-Unchained\run\config\eidolon\reinforce_armor.toml for changes
[18:25:26] [Thread-3/DEBUG] [ne.mi.fm.co.ConfigFileTypeHandler/CONFIG]: Config file eidolon/reinforce_armor.toml changed, sending notifies
[18:25:26] [Server thread/DEBUG] [ne.mi.fm.co.ConfigFileTypeHandler/CONFIG]: Built TOML config for C:\Blue_Lotus_Global_ICM\repos\Eidolon-Unchained\run\config\eidolon\create_water.toml
[18:25:26] [Thread-3/DEBUG] [ne.mi.fm.co.ConfigFileTypeHandler/CONFIG]: Config file eidolon/reinforce_armor.toml changed, sending notifies
[18:25:26] [Server thread/DEBUG] [ne.mi.fm.co.ConfigFileTypeHandler/CONFIG]: Loaded TOML config file C:\Blue_Lotus_Global_ICM\repos\Eidolon-Unchained\run\config\eidolon\create_water.toml
[18:25:26] [Server thread/DEBUG] [ne.mi.fm.co.ConfigFileTypeHandler/CONFIG]: Watching TOML config file C:\Blue_Lotus_Global_ICM\repos\Eidolon-Unchained\run\config\eidolon\create_water.toml for changes
[18:25:26] [Server thread/DEBUG] [ne.mi.fm.co.ConfigFileTypeHandler/CONFIG]: Built TOML config for C:\Blue_Lotus_Global_ICM\repos\Eidolon-Unchained\run\config\eidolon\undead_lure.toml
[18:25:26] [Server thread/DEBUG] [ne.mi.fm.co.ConfigFileTypeHandler/CONFIG]: Loaded TOML config file C:\Blue_Lotus_Global_ICM\repos\Eidolon-Unchained\run\config\eidolon\undead_lure.toml
[18:25:26] [Server thread/DEBUG] [ne.mi.fm.co.ConfigFileTypeHandler/CONFIG]: Watching TOML config file C:\Blue_Lotus_Global_ICM\repos\Eidolon-Unchained\run\config\eidolon\undead_lure.toml for changes
[18:25:26] [Server thread/DEBUG] [ne.mi.fm.co.ConfigFileTypeHandler/CONFIG]: Built TOML config for C:\Blue_Lotus_Global_ICM\repos\Eidolon-Unchained\run\config\eidolon\basic_incense.toml
[18:25:26] [Server thread/DEBUG] [ne.mi.fm.co.ConfigFileTypeHandler/CONFIG]: Loaded TOML config file C:\Blue_Lotus_Global_ICM\repos\Eidolon-Unchained\run\config\eidolon\basic_incense.toml
[18:25:26] [Server thread/DEBUG] [ne.mi.fm.co.ConfigFileTypeHandler/CONFIG]: Watching TOML config file C:\Blue_Lotus_Global_ICM\repos\Eidolon-Unchained\run\config\eidolon\basic_incense.toml for changes
[18:25:26] [Server thread/DEBUG] [ne.mi.co.ForgeConfigSpec/CORE]: Range value 0.0 is not within its bounds 21000.0-2.147483647E9
[18:25:26] [Server thread/WARN] [ne.mi.co.ForgeConfigSpec/CORE]: Configuration file C:\Blue_Lotus_Global_ICM\repos\Eidolon-Unchained\run\config\eidolon\basic_incense.toml is not correct. Correcting
[18:25:26] [Server thread/DEBUG] [ne.mi.co.ForgeConfigSpec/CORE]: Range value 0.0 is not within its bounds 21000.0-2.147483647E9
[18:25:26] [Server thread/WARN] [ne.mi.co.ForgeConfigSpec/CORE]: Incorrect key cooldown was corrected from 0 to its default, 21000. 
[18:25:26] [Thread-3/DEBUG] [ne.mi.fm.co.ConfigFileTypeHandler/CONFIG]: Config file eidolon/basic_incense.toml changed, sending notifies
[18:25:26] [Server thread/DEBUG] [ne.mi.co.tr.CoreModBaseTransformer/COREMOD]: Transforming net/minecraft/world/level/levelgen/PhantomSpawner
[18:25:26] [Server thread/DEBUG] [ne.mi.co.tr.CoreModBaseTransformer/COREMOD]: Transforming net/minecraft/world/level/levelgen/PatrolSpawner
[18:25:26] [Server thread/DEBUG] [ne.mi.co.tr.CoreModBaseTransformer/COREMOD]: Transforming net/minecraft/world/entity/npc/CatSpawner
[18:25:26] [Server thread/DEBUG] [ne.mi.co.tr.CoreModBaseTransformer/COREMOD]: Transforming net/minecraft/world/entity/ai/village/VillageSiege
[18:25:29] [Worker-Main-1/DEBUG] [ne.mi.co.tr.CoreModBaseTransformer/COREMOD]: Transforming net/minecraft/world/level/levelgen/structure/templatesystem/StructureTemplate
[18:25:35] [Worker-Main-1/DEBUG] [ne.mi.co.tr.CoreModBaseTransformer/COREMOD]: Transforming net/minecraft/world/level/NaturalSpawner
[18:25:35] [Server thread/INFO] [minecraft/MinecraftServer]: Preparing start region for dimension minecraft:overworld
[18:25:35] [Server thread/INFO] [KubeJS Server/]: Capturing errors for server scripts disabled
[18:25:35] [Server thread/INFO] [KubeJS Server/]: Server resource reload complete!
[18:25:36] [Render thread/INFO] [minecraft/LoggerChunkProgressListener]: Preparing spawn area: 0%
[18:25:36] [Render thread/INFO] [minecraft/LoggerChunkProgressListener]: Preparing spawn area: 0%
[18:25:36] [Render thread/INFO] [minecraft/LoggerChunkProgressListener]: Preparing spawn area: 0%
[18:25:37] [Render thread/INFO] [minecraft/LoggerChunkProgressListener]: Preparing spawn area: 0%
[18:25:37] [Worker-Main-2/DEBUG] [io.ne.ut.in.InternalThreadLocalMap/]: -Dio.netty.threadLocalMap.stringBuilder.initialSize: 1024
[18:25:37] [Worker-Main-2/DEBUG] [io.ne.ut.in.InternalThreadLocalMap/]: -Dio.netty.threadLocalMap.stringBuilder.maxSize: 4096
[18:25:37] [Worker-Main-2/DEBUG] [io.ne.ut.in.ThreadLocalRandom/]: -Dio.netty.initialSeedUniquifier: 0x8de45c7a0493edd3
[18:25:37] [Render thread/INFO] [minecraft/LoggerChunkProgressListener]: Preparing spawn area: 0%
[18:25:38] [Render thread/INFO] [minecraft/LoggerChunkProgressListener]: Preparing spawn area: 0%
[18:25:38] [Render thread/INFO] [minecraft/LoggerChunkProgressListener]: Preparing spawn area: 1%
[18:25:39] [Render thread/INFO] [minecraft/LoggerChunkProgressListener]: Preparing spawn area: 2%
[18:25:39] [Render thread/INFO] [minecraft/LoggerChunkProgressListener]: Preparing spawn area: 3%
[18:25:40] [Render thread/INFO] [minecraft/LoggerChunkProgressListener]: Preparing spawn area: 4%
[18:25:40] [Render thread/INFO] [minecraft/LoggerChunkProgressListener]: Preparing spawn area: 5%
[18:25:41] [Render thread/INFO] [minecraft/LoggerChunkProgressListener]: Preparing spawn area: 6%
[18:25:41] [Render thread/INFO] [minecraft/LoggerChunkProgressListener]: Preparing spawn area: 8%
[18:25:42] [Render thread/INFO] [minecraft/LoggerChunkProgressListener]: Preparing spawn area: 10%
[18:25:42] [Render thread/INFO] [minecraft/LoggerChunkProgressListener]: Preparing spawn area: 12%
[18:25:43] [Render thread/INFO] [minecraft/LoggerChunkProgressListener]: Preparing spawn area: 12%
[18:25:43] [Render thread/INFO] [minecraft/LoggerChunkProgressListener]: Preparing spawn area: 14%
[18:25:44] [Render thread/INFO] [minecraft/LoggerChunkProgressListener]: Preparing spawn area: 15%
[18:25:44] [Render thread/INFO] [minecraft/LoggerChunkProgressListener]: Preparing spawn area: 17%
[18:25:45] [Render thread/INFO] [minecraft/LoggerChunkProgressListener]: Preparing spawn area: 18%
[18:25:45] [Render thread/INFO] [minecraft/LoggerChunkProgressListener]: Preparing spawn area: 20%
[18:25:46] [Render thread/INFO] [minecraft/LoggerChunkProgressListener]: Preparing spawn area: 22%
[18:25:46] [Render thread/INFO] [minecraft/LoggerChunkProgressListener]: Preparing spawn area: 24%
[18:25:46] [Worker-Main-2/WARN] [minecraft/AttributeMap]: Ignoring unknown attribute 'forge:step_height'
[18:25:46] [Worker-Main-1/WARN] [minecraft/AttributeMap]: Ignoring unknown attribute 'forge:step_height'
[18:25:46] [Worker-Main-1/WARN] [minecraft/AttributeMap]: Ignoring unknown attribute 'forge:step_height'
[18:25:46] [Worker-Main-2/WARN] [minecraft/AttributeMap]: Ignoring unknown attribute 'forge:step_height'
[18:25:47] [Render thread/INFO] [minecraft/LoggerChunkProgressListener]: Preparing spawn area: 27%
[18:25:47] [Render thread/INFO] [minecraft/LoggerChunkProgressListener]: Preparing spawn area: 28%
[18:25:48] [Render thread/INFO] [minecraft/LoggerChunkProgressListener]: Preparing spawn area: 31%
[18:25:48] [Render thread/INFO] [minecraft/LoggerChunkProgressListener]: Preparing spawn area: 34%
[18:25:49] [Render thread/INFO] [minecraft/LoggerChunkProgressListener]: Preparing spawn area: 35%
[18:25:49] [Render thread/INFO] [minecraft/LoggerChunkProgressListener]: Preparing spawn area: 38%
[18:25:50] [Render thread/INFO] [minecraft/LoggerChunkProgressListener]: Preparing spawn area: 41%
[18:25:50] [Render thread/INFO] [minecraft/LoggerChunkProgressListener]: Preparing spawn area: 43%
[18:25:51] [Render thread/INFO] [minecraft/LoggerChunkProgressListener]: Preparing spawn area: 45%
[18:25:51] [Render thread/INFO] [minecraft/LoggerChunkProgressListener]: Preparing spawn area: 47%
[18:25:52] [Render thread/INFO] [minecraft/LoggerChunkProgressListener]: Preparing spawn area: 50%
[18:25:52] [Render thread/INFO] [minecraft/LoggerChunkProgressListener]: Preparing spawn area: 53%
[18:25:53] [Render thread/INFO] [minecraft/LoggerChunkProgressListener]: Preparing spawn area: 54%
[18:25:53] [Render thread/INFO] [minecraft/LoggerChunkProgressListener]: Preparing spawn area: 57%
[18:25:54] [Render thread/INFO] [minecraft/LoggerChunkProgressListener]: Preparing spawn area: 59%
[18:25:54] [Render thread/INFO] [minecraft/LoggerChunkProgressListener]: Preparing spawn area: 62%
[18:25:55] [Render thread/INFO] [minecraft/LoggerChunkProgressListener]: Preparing spawn area: 65%
[18:25:55] [Render thread/INFO] [minecraft/LoggerChunkProgressListener]: Preparing spawn area: 67%
[18:25:56] [Render thread/INFO] [minecraft/LoggerChunkProgressListener]: Preparing spawn area: 69%
[18:25:56] [Render thread/INFO] [minecraft/LoggerChunkProgressListener]: Preparing spawn area: 71%
[18:25:57] [Render thread/INFO] [minecraft/LoggerChunkProgressListener]: Preparing spawn area: 73%
[18:25:57] [Render thread/INFO] [minecraft/LoggerChunkProgressListener]: Preparing spawn area: 75%
[18:25:58] [Render thread/INFO] [minecraft/LoggerChunkProgressListener]: Preparing spawn area: 79%
[18:25:58] [Render thread/INFO] [minecraft/LoggerChunkProgressListener]: Preparing spawn area: 80%
[18:25:59] [Render thread/INFO] [minecraft/LoggerChunkProgressListener]: Preparing spawn area: 83%
[18:25:59] [Render thread/INFO] [minecraft/LoggerChunkProgressListener]: Preparing spawn area: 85%
[18:26:00] [Render thread/INFO] [minecraft/LoggerChunkProgressListener]: Preparing spawn area: 86%
[18:26:00] [Render thread/INFO] [minecraft/LoggerChunkProgressListener]: Preparing spawn area: 90%
[18:26:01] [Render thread/INFO] [minecraft/LoggerChunkProgressListener]: Preparing spawn area: 93%
[18:26:01] [Render thread/INFO] [minecraft/LoggerChunkProgressListener]: Preparing spawn area: 96%
[18:26:02] [Render thread/INFO] [minecraft/LoggerChunkProgressListener]: Preparing spawn area: 99%
[18:26:02] [Server thread/INFO] [ne.mi.se.pe.PermissionAPI/]: Successfully initialized permission handler forge:default_handler
[18:26:02] [Server thread/INFO] [co.bl.ei.EidolonUnchained/]: Firing EidolonUnchainedEvents.serverReady (server scripts)
[18:26:02] [Render thread/INFO] [minecraft/LoggerChunkProgressListener]: Time elapsed: 26614 ms
[18:26:02] [Server thread/INFO] [KubeJS Server/]: eu_smoke.js#4: [EU smoke] server ok on Dev - test_01
[18:26:02] [Server thread/INFO] [KubeJS Server/]: eu_smoke.js#5: Eidolon API validation (20/20 surfaces ok, Eidolon 0.3.13)
  ok       elucent.eidolon.common.deity.Deities
  ok       elucent.eidolon.api.deity.Deity
  ok       elucent.eidolon.api.deity.ReputationEvent
  ok       elucent.eidolon.capability.IReputation
  ok       elucent.eidolon.registries.Signs
  ok       elucent.eidolon.api.spells.Sign
  ok       elucent.eidolon.registries.Runes
  ok       elucent.eidolon.api.spells.Rune
  ok       elucent.eidolon.api.spells.SignSequence
  ok       elucent.eidolon.registries.Spells
  ok       elucent.eidolon.api.spells.Spell
  ok       elucent.eidolon.api.spells.SpellCastEvent
  ok       elucent.eidolon.capability.ISoul
  ok       elucent.eidolon.util.KnowledgeUtil
  ok       elucent.eidolon.capability.Facts
  ok       elucent.eidolon.api.research.Research
  ok       elucent.eidolon.codex.CodexEvents
  ok       elucent.eidolon.registries.Registry
  ok       elucent.eidolon.common.block.EffigyBlock
  ok       elucent.eidolon.network.AttemptCastPacket
[18:26:02] [Server thread/DEBUG] [io.ne.bu.AbstractByteBuf/]: -Dio.netty.buffer.checkAccessible: true
[18:26:02] [Server thread/DEBUG] [io.ne.bu.AbstractByteBuf/]: -Dio.netty.buffer.checkBounds: true
[18:26:02] [Server thread/DEBUG] [io.ne.ut.ResourceLeakDetectorFactory/]: Loaded default ResourceLeakDetector: io.netty.util.ResourceLeakDetector@3ac8bc4
[18:26:02] [Server thread/INFO] [minecraft/IntegratedServer]: Changing view distance to 12, from 10
[18:26:02] [Server thread/INFO] [minecraft/IntegratedServer]: Changing simulation distance to 12, from 0
[18:26:02] [Render thread/DEBUG] [io.ne.ch.MultithreadEventLoopGroup/]: -Dio.netty.eventLoopThreads: 8
[18:26:02] [Render thread/DEBUG] [io.ne.ch.ni.NioEventLoop/]: -Dio.netty.noKeySetOptimization: false
[18:26:02] [Render thread/DEBUG] [io.ne.ch.ni.NioEventLoop/]: -Dio.netty.selectorAutoRebuildThreshold: 512
[18:26:02] [Render thread/DEBUG] [io.ne.ut.in.PlatformDependent/]: org.jctools-core.MpscChunkedArrayQueue: available
[18:26:02] [Render thread/DEBUG] [io.ne.ch.DefaultChannelId/]: -Dio.netty.processId: 28476 (auto-detected)
[18:26:02] [Render thread/DEBUG] [io.ne.ut.NetUtil/]: -Djava.net.preferIPv4Stack: false
[18:26:02] [Render thread/DEBUG] [io.ne.ut.NetUtil/]: -Djava.net.preferIPv6Addresses: true
[18:26:02] [Render thread/DEBUG] [io.ne.ut.NetUtilInitializations/]: Loopback interface: lo (Software Loopback Interface 1, 127.0.0.1)
[18:26:02] [Render thread/DEBUG] [io.ne.ut.NetUtil/]: Failed to get SOMAXCONN from sysctl and file \proc\sys\net\core\somaxconn. Default: 200
[18:26:02] [Render thread/DEBUG] [io.ne.ch.DefaultChannelId/]: -Dio.netty.machineId: ac:a7:f1:ff:fe:e8:db:11 (auto-detected)
[18:26:02] [Render thread/DEBUG] [io.ne.bu.PooledByteBufAllocator/]: -Dio.netty.allocator.numHeapArenas: 8
[18:26:02] [Render thread/DEBUG] [io.ne.bu.PooledByteBufAllocator/]: -Dio.netty.allocator.numDirectArenas: 8
[18:26:02] [Render thread/DEBUG] [io.ne.bu.PooledByteBufAllocator/]: -Dio.netty.allocator.pageSize: 8192
[18:26:02] [Render thread/DEBUG] [io.ne.bu.PooledByteBufAllocator/]: -Dio.netty.allocator.maxOrder: 9
[18:26:02] [Render thread/DEBUG] [io.ne.bu.PooledByteBufAllocator/]: -Dio.netty.allocator.chunkSize: 4194304
[18:26:02] [Render thread/DEBUG] [io.ne.bu.PooledByteBufAllocator/]: -Dio.netty.allocator.smallCacheSize: 256
[18:26:02] [Render thread/DEBUG] [io.ne.bu.PooledByteBufAllocator/]: -Dio.netty.allocator.normalCacheSize: 64
[18:26:02] [Render thread/DEBUG] [io.ne.bu.PooledByteBufAllocator/]: -Dio.netty.allocator.maxCachedBufferCapacity: 32768
[18:26:02] [Render thread/DEBUG] [io.ne.bu.PooledByteBufAllocator/]: -Dio.netty.allocator.cacheTrimInterval: 8192
[18:26:02] [Render thread/DEBUG] [io.ne.bu.PooledByteBufAllocator/]: -Dio.netty.allocator.cacheTrimIntervalMillis: 0
[18:26:02] [Render thread/DEBUG] [io.ne.bu.PooledByteBufAllocator/]: -Dio.netty.allocator.useCacheForAllThreads: false
[18:26:02] [Render thread/DEBUG] [io.ne.bu.PooledByteBufAllocator/]: -Dio.netty.allocator.maxCachedByteBuffersPerChunk: 1023
[18:26:02] [Render thread/DEBUG] [io.ne.bu.ByteBufUtil/]: -Dio.netty.allocator.type: pooled
[18:26:02] [Render thread/DEBUG] [io.ne.bu.ByteBufUtil/]: -Dio.netty.threadLocalDirectBufferSize: 0
[18:26:02] [Render thread/DEBUG] [io.ne.bu.ByteBufUtil/]: -Dio.netty.maxThreadLocalCharBufferSize: 16384
[18:26:02] [Netty Local Client IO #0/DEBUG] [ne.mi.ne.HandshakeHandler/FMLHANDSHAKE]: Starting local connection.
[18:26:02] [Netty Local Client IO #0/DEBUG] [io.ne.ut.Recycler/]: -Dio.netty.recycler.maxCapacityPerThread: 4096
[18:26:02] [Netty Local Client IO #0/DEBUG] [io.ne.ut.Recycler/]: -Dio.netty.recycler.ratio: 8
[18:26:02] [Netty Local Client IO #0/DEBUG] [io.ne.ut.Recycler/]: -Dio.netty.recycler.chunkSize: 32
[18:26:02] [Netty Local Client IO #0/DEBUG] [io.ne.ut.Recycler/]: -Dio.netty.recycler.blocking: false
[18:26:02] [Netty Server IO #1/DEBUG] [ne.mi.ne.HandshakeHandler/FMLHANDSHAKE]: Starting local connection.
[18:26:03] [Server thread/DEBUG] [ne.mi.ne.HandshakeHandler/FMLHANDSHAKE]: Sending ticking packet info 'net.minecraftforge.network.HandshakeMessages$S2CModData' to 'fml:handshake' sequence 0
[18:26:03] [Netty Local Client IO #0/DEBUG] [ne.mi.ne.LoginWrapper/FMLHANDSHAKE]: Recieved login wrapper packet event for channel fml:handshake with index 0
[18:26:03] [Server thread/DEBUG] [ne.mi.ne.HandshakeHandler/FMLHANDSHAKE]: Sending ticking packet info 'net.minecraftforge.network.HandshakeMessages$S2CModList' to 'fml:handshake' sequence 1
[18:26:03] [Netty Local Client IO #0/DEBUG] [ne.mi.ne.LoginWrapper/FMLHANDSHAKE]: Recieved login wrapper packet event for channel fml:handshake with index 1
[18:26:03] [Netty Local Client IO #0/DEBUG] [ne.mi.ne.HandshakeHandler/FMLHANDSHAKE]: Logging into server with mod list [minecraft, mixinextras, rhino, forge, curios, geckolib, architectury, kubejs, eidolon, eidolonunchained]
[18:26:03] [Netty Local Client IO #0/DEBUG] [ne.mi.ne.NetworkRegistry/NETREGISTRY]: Channel 'fml:loginwrapper' : Version test of 'FML3' from server : ACCEPTED
[18:26:03] [Netty Local Client IO #0/DEBUG] [ne.mi.ne.NetworkRegistry/NETREGISTRY]: Channel 'forge:tier_sorting' : Version test of '1.0' from server : ACCEPTED
[18:26:03] [Netty Local Client IO #0/DEBUG] [ne.mi.ne.NetworkRegistry/NETREGISTRY]: Channel 'fml:handshake' : Version test of 'FML3' from server : ACCEPTED
[18:26:03] [Netty Local Client IO #0/DEBUG] [ne.mi.ne.NetworkRegistry/NETREGISTRY]: Channel 'architectury:network' : Version test of '1' from server : ACCEPTED
[18:26:03] [Netty Local Client IO #0/DEBUG] [ne.mi.ne.NetworkRegistry/NETREGISTRY]: Channel 'curios:main' : Version test of '1' from server : ACCEPTED
[18:26:03] [Netty Local Client IO #0/DEBUG] [ne.mi.ne.NetworkRegistry/NETREGISTRY]: Channel 'minecraft:unregister' : Version test of 'FML3' from server : ACCEPTED
[18:26:03] [Netty Local Client IO #0/DEBUG] [ne.mi.ne.NetworkRegistry/NETREGISTRY]: Channel 'fml:play' : Version test of 'FML3' from server : ACCEPTED
[18:26:03] [Netty Local Client IO #0/DEBUG] [ne.mi.ne.NetworkRegistry/NETREGISTRY]: Channel 'minecraft:register' : Version test of 'FML3' from server : ACCEPTED
[18:26:03] [Netty Local Client IO #0/DEBUG] [ne.mi.ne.NetworkRegistry/NETREGISTRY]: Channel 'forge:split' : Version test of '1.1' from server : ACCEPTED
[18:26:03] [Netty Local Client IO #0/DEBUG] [ne.mi.ne.NetworkRegistry/NETREGISTRY]: Channel 'eidolon:network' : Version test of '1.0' from server : ACCEPTED
[18:26:03] [Netty Local Client IO #0/DEBUG] [ne.mi.ne.NetworkRegistry/NETREGISTRY]: Channel 'geckolib:main' : Version test of '1' from server : ACCEPTED
[18:26:03] [Netty Local Client IO #0/DEBUG] [ne.mi.ne.NetworkRegistry/NETREGISTRY]: Accepting channel list from server
[18:26:03] [Netty Local Client IO #0/DEBUG] [ne.mi.ne.LoginWrapper/FMLHANDSHAKE]: Dispatching wrapped packet reply for channel fml:handshake with index 1
[18:26:03] [Netty Local Client IO #0/DEBUG] [ne.mi.ne.HandshakeHandler/FMLHANDSHAKE]: Accepted server connection
[18:26:03] [Netty Server IO #1/DEBUG] [ne.mi.ne.LoginWrapper/FMLHANDSHAKE]: Recieved login wrapper packet event for channel fml:handshake with index 1
[18:26:03] [Netty Server IO #1/DEBUG] [ne.mi.ne.HandshakeHandler/FMLHANDSHAKE]: Received client indexed reply 1 of type net.minecraftforge.network.HandshakeMessages$C2SModListReply
[18:26:03] [Netty Server IO #1/DEBUG] [ne.mi.ne.HandshakeHandler/FMLHANDSHAKE]: Received client connection with modlist [minecraft, mixinextras, rhino, forge, curios, geckolib, architectury, kubejs, eidolon, eidolonunchained]
[18:26:03] [Netty Server IO #1/DEBUG] [ne.mi.ne.NetworkRegistry/NETREGISTRY]: Channel 'fml:loginwrapper' : Version test of 'FML3' from client : ACCEPTED
[18:26:03] [Netty Server IO #1/DEBUG] [ne.mi.ne.NetworkRegistry/NETREGISTRY]: Channel 'forge:tier_sorting' : Version test of '1.0' from client : ACCEPTED
[18:26:03] [Netty Server IO #1/DEBUG] [ne.mi.ne.NetworkRegistry/NETREGISTRY]: Channel 'fml:handshake' : Version test of 'FML3' from client : ACCEPTED
[18:26:03] [Netty Server IO #1/DEBUG] [ne.mi.ne.NetworkRegistry/NETREGISTRY]: Channel 'architectury:network' : Version test of '1' from client : ACCEPTED
[18:26:03] [Netty Server IO #1/DEBUG] [ne.mi.ne.NetworkRegistry/NETREGISTRY]: Channel 'curios:main' : Version test of '1' from client : ACCEPTED
[18:26:03] [Netty Server IO #1/DEBUG] [ne.mi.ne.NetworkRegistry/NETREGISTRY]: Channel 'minecraft:unregister' : Version test of 'FML3' from client : ACCEPTED
[18:26:03] [Netty Server IO #1/DEBUG] [ne.mi.ne.NetworkRegistry/NETREGISTRY]: Channel 'fml:play' : Version test of 'FML3' from client : ACCEPTED
[18:26:03] [Netty Server IO #1/DEBUG] [ne.mi.ne.NetworkRegistry/NETREGISTRY]: Channel 'minecraft:register' : Version test of 'FML3' from client : ACCEPTED
[18:26:03] [Netty Server IO #1/DEBUG] [ne.mi.ne.NetworkRegistry/NETREGISTRY]: Channel 'forge:split' : Version test of '1.1' from client : ACCEPTED
[18:26:03] [Netty Server IO #1/DEBUG] [ne.mi.ne.NetworkRegistry/NETREGISTRY]: Channel 'eidolon:network' : Version test of '1.0' from client : ACCEPTED
[18:26:03] [Netty Server IO #1/DEBUG] [ne.mi.ne.NetworkRegistry/NETREGISTRY]: Channel 'geckolib:main' : Version test of '1' from client : ACCEPTED
[18:26:03] [Netty Server IO #1/DEBUG] [ne.mi.ne.NetworkRegistry/NETREGISTRY]: Accepting channel list from client
[18:26:03] [Netty Server IO #1/DEBUG] [ne.mi.ne.HandshakeHandler/FMLHANDSHAKE]: Accepted client connection mod list
[18:26:03] [Netty Local Client IO #0/DEBUG] [ne.mi.ne.HandshakeHandler/REGISTRIES]: Expecting 19 registries: [minecraft:command_argument_type, minecraft:recipe_serializer, minecraft:sound_event, minecraft:particle_type, minecraft:villager_profession, minecraft:item, minecraft:potion, minecraft:painting_variant, forge:fluid_type, minecraft:block_entity_type, forge:display_contexts, minecraft:block, forge:entity_data_serializers, minecraft:mob_effect, minecraft:stat_type, minecraft:menu, minecraft:enchantment, minecraft:fluid, minecraft:entity_type]
[18:26:03] [Server thread/DEBUG] [ne.mi.ne.HandshakeHandler/FMLHANDSHAKE]: Sending ticking packet info 'Config eidolon/light_prayer.toml' to 'fml:handshake' sequence 2
[18:26:03] [Netty Local Client IO #0/DEBUG] [ne.mi.ne.LoginWrapper/FMLHANDSHAKE]: Recieved login wrapper packet event for channel fml:handshake with index 2
[18:26:03] [Netty Local Client IO #0/DEBUG] [ne.mi.ne.HandshakeHandler/FMLHANDSHAKE]: Received config sync from server
[18:26:03] [Netty Local Client IO #0/DEBUG] [ne.mi.ne.LoginWrapper/FMLHANDSHAKE]: Dispatching wrapped packet reply for channel fml:handshake with index 2
[18:26:03] [Netty Server IO #1/DEBUG] [ne.mi.ne.LoginWrapper/FMLHANDSHAKE]: Recieved login wrapper packet event for channel fml:handshake with index 2
[18:26:03] [Netty Server IO #1/DEBUG] [ne.mi.ne.HandshakeHandler/FMLHANDSHAKE]: Received client indexed reply 2 of type net.minecraftforge.network.HandshakeMessages$C2SAcknowledge
[18:26:03] [Netty Server IO #1/DEBUG] [ne.mi.ne.HandshakeHandler/FMLHANDSHAKE]: Received acknowledgement from client
[18:26:03] [Server thread/DEBUG] [ne.mi.ne.HandshakeHandler/FMLHANDSHAKE]: Sending ticking packet info 'Config eidolon/undead_lure.toml' to 'fml:handshake' sequence 3
[18:26:03] [Netty Local Client IO #0/DEBUG] [ne.mi.ne.LoginWrapper/FMLHANDSHAKE]: Recieved login wrapper packet event for channel fml:handshake with index 3
[18:26:03] [Netty Local Client IO #0/DEBUG] [ne.mi.ne.HandshakeHandler/FMLHANDSHAKE]: Received config sync from server
[18:26:03] [Netty Local Client IO #0/DEBUG] [ne.mi.ne.LoginWrapper/FMLHANDSHAKE]: Dispatching wrapped packet reply for channel fml:handshake with index 3
[18:26:03] [Netty Server IO #1/DEBUG] [ne.mi.ne.LoginWrapper/FMLHANDSHAKE]: Recieved login wrapper packet event for channel fml:handshake with index 3
[18:26:03] [Netty Server IO #1/DEBUG] [ne.mi.ne.HandshakeHandler/FMLHANDSHAKE]: Received client indexed reply 3 of type net.minecraftforge.network.HandshakeMessages$C2SAcknowledge
[18:26:03] [Netty Server IO #1/DEBUG] [ne.mi.ne.HandshakeHandler/FMLHANDSHAKE]: Received acknowledgement from client
[18:26:03] [Server thread/DEBUG] [ne.mi.ne.HandshakeHandler/FMLHANDSHAKE]: Sending ticking packet info 'Config eidolon/holy_touch.toml' to 'fml:handshake' sequence 4
[18:26:03] [Netty Local Client IO #0/DEBUG] [ne.mi.ne.LoginWrapper/FMLHANDSHAKE]: Recieved login wrapper packet event for channel fml:handshake with index 4
[18:26:03] [Netty Local Client IO #0/DEBUG] [ne.mi.ne.HandshakeHandler/FMLHANDSHAKE]: Received config sync from server
[18:26:03] [Netty Local Client IO #0/DEBUG] [ne.mi.ne.LoginWrapper/FMLHANDSHAKE]: Dispatching wrapped packet reply for channel fml:handshake with index 4
[18:26:03] [Netty Server IO #1/DEBUG] [ne.mi.ne.LoginWrapper/FMLHANDSHAKE]: Recieved login wrapper packet event for channel fml:handshake with index 4
[18:26:03] [Netty Server IO #1/DEBUG] [ne.mi.ne.HandshakeHandler/FMLHANDSHAKE]: Received client indexed reply 4 of type net.minecraftforge.network.HandshakeMessages$C2SAcknowledge
[18:26:03] [Netty Server IO #1/DEBUG] [ne.mi.ne.HandshakeHandler/FMLHANDSHAKE]: Received acknowledgement from client
[18:26:03] [Server thread/DEBUG] [ne.mi.ne.HandshakeHandler/FMLHANDSHAKE]: Sending ticking packet info 'Config eidolon/reinforce_armor.toml' to 'fml:handshake' sequence 5
[18:26:03] [Netty Local Client IO #0/DEBUG] [ne.mi.ne.LoginWrapper/FMLHANDSHAKE]: Recieved login wrapper packet event for channel fml:handshake with index 5
[18:26:03] [Netty Local Client IO #0/DEBUG] [ne.mi.ne.HandshakeHandler/FMLHANDSHAKE]: Received config sync from server
[18:26:03] [Netty Local Client IO #0/DEBUG] [ne.mi.ne.LoginWrapper/FMLHANDSHAKE]: Dispatching wrapped packet reply for channel fml:handshake with index 5
[18:26:03] [Netty Server IO #1/DEBUG] [ne.mi.ne.LoginWrapper/FMLHANDSHAKE]: Recieved login wrapper packet event for channel fml:handshake with index 5
[18:26:03] [Netty Server IO #1/DEBUG] [ne.mi.ne.HandshakeHandler/FMLHANDSHAKE]: Received client indexed reply 5 of type net.minecraftforge.network.HandshakeMessages$C2SAcknowledge
[18:26:03] [Netty Server IO #1/DEBUG] [ne.mi.ne.HandshakeHandler/FMLHANDSHAKE]: Received acknowledgement from client
[18:26:03] [Server thread/DEBUG] [ne.mi.ne.HandshakeHandler/FMLHANDSHAKE]: Sending ticking packet info 'Config eidolon/sunder_armor.toml' to 'fml:handshake' sequence 6
[18:26:03] [Netty Local Client IO #0/DEBUG] [ne.mi.ne.LoginWrapper/FMLHANDSHAKE]: Recieved login wrapper packet event for channel fml:handshake with index 6
[18:26:03] [Netty Local Client IO #0/DEBUG] [ne.mi.ne.HandshakeHandler/FMLHANDSHAKE]: Received config sync from server
[18:26:03] [Netty Local Client IO #0/DEBUG] [ne.mi.ne.LoginWrapper/FMLHANDSHAKE]: Dispatching wrapped packet reply for channel fml:handshake with index 6
[18:26:03] [Netty Server IO #1/DEBUG] [ne.mi.ne.LoginWrapper/FMLHANDSHAKE]: Recieved login wrapper packet event for channel fml:handshake with index 6
[18:26:03] [Netty Server IO #1/DEBUG] [ne.mi.ne.HandshakeHandler/FMLHANDSHAKE]: Received client indexed reply 6 of type net.minecraftforge.network.HandshakeMessages$C2SAcknowledge
[18:26:03] [Netty Server IO #1/DEBUG] [ne.mi.ne.HandshakeHandler/FMLHANDSHAKE]: Received acknowledgement from client
[18:26:03] [Server thread/DEBUG] [ne.mi.ne.HandshakeHandler/FMLHANDSHAKE]: Sending ticking packet info 'Config eidolon/light_chant.toml' to 'fml:handshake' sequence 7
[18:26:03] [Netty Local Client IO #0/DEBUG] [ne.mi.ne.LoginWrapper/FMLHANDSHAKE]: Recieved login wrapper packet event for channel fml:handshake with index 7
[18:26:03] [Netty Local Client IO #0/DEBUG] [ne.mi.ne.HandshakeHandler/FMLHANDSHAKE]: Received config sync from server
[18:26:03] [Netty Local Client IO #0/DEBUG] [ne.mi.ne.LoginWrapper/FMLHANDSHAKE]: Dispatching wrapped packet reply for channel fml:handshake with index 7
[18:26:03] [Netty Server IO #1/DEBUG] [ne.mi.ne.LoginWrapper/FMLHANDSHAKE]: Recieved login wrapper packet event for channel fml:handshake with index 7
[18:26:03] [Netty Server IO #1/DEBUG] [ne.mi.ne.HandshakeHandler/FMLHANDSHAKE]: Received client indexed reply 7 of type net.minecraftforge.network.HandshakeMessages$C2SAcknowledge
[18:26:03] [Netty Server IO #1/DEBUG] [ne.mi.ne.HandshakeHandler/FMLHANDSHAKE]: Received acknowledgement from client
[18:26:03] [Server thread/DEBUG] [ne.mi.ne.HandshakeHandler/FMLHANDSHAKE]: Sending ticking packet info 'Config eidolon/create_water.toml' to 'fml:handshake' sequence 8
[18:26:03] [Netty Local Client IO #0/DEBUG] [ne.mi.ne.LoginWrapper/FMLHANDSHAKE]: Recieved login wrapper packet event for channel fml:handshake with index 8
[18:26:03] [Netty Local Client IO #0/DEBUG] [ne.mi.ne.HandshakeHandler/FMLHANDSHAKE]: Received config sync from server
[18:26:03] [Netty Local Client IO #0/DEBUG] [ne.mi.ne.LoginWrapper/FMLHANDSHAKE]: Dispatching wrapped packet reply for channel fml:handshake with index 8
[18:26:03] [Netty Server IO #1/DEBUG] [ne.mi.ne.LoginWrapper/FMLHANDSHAKE]: Recieved login wrapper packet event for channel fml:handshake with index 8
[18:26:03] [Netty Server IO #1/DEBUG] [ne.mi.ne.HandshakeHandler/FMLHANDSHAKE]: Received client indexed reply 8 of type net.minecraftforge.network.HandshakeMessages$C2SAcknowledge
[18:26:03] [Netty Server IO #1/DEBUG] [ne.mi.ne.HandshakeHandler/FMLHANDSHAKE]: Received acknowledgement from client
[18:26:03] [Server thread/DEBUG] [ne.mi.ne.HandshakeHandler/FMLHANDSHAKE]: Sending ticking packet info 'Config eidolon/frost_touch.toml' to 'fml:handshake' sequence 9
[18:26:03] [Netty Local Client IO #0/DEBUG] [ne.mi.ne.LoginWrapper/FMLHANDSHAKE]: Recieved login wrapper packet event for channel fml:handshake with index 9
[18:26:03] [Netty Local Client IO #0/DEBUG] [ne.mi.ne.HandshakeHandler/FMLHANDSHAKE]: Received config sync from server
[18:26:03] [Netty Local Client IO #0/DEBUG] [ne.mi.ne.LoginWrapper/FMLHANDSHAKE]: Dispatching wrapped packet reply for channel fml:handshake with index 9
[18:26:03] [Netty Server IO #1/DEBUG] [ne.mi.ne.LoginWrapper/FMLHANDSHAKE]: Recieved login wrapper packet event for channel fml:handshake with index 9
[18:26:03] [Netty Server IO #1/DEBUG] [ne.mi.ne.HandshakeHandler/FMLHANDSHAKE]: Received client indexed reply 9 of type net.minecraftforge.network.HandshakeMessages$C2SAcknowledge
[18:26:03] [Netty Server IO #1/DEBUG] [ne.mi.ne.HandshakeHandler/FMLHANDSHAKE]: Received acknowledgement from client
[18:26:03] [Server thread/DEBUG] [ne.mi.ne.HandshakeHandler/FMLHANDSHAKE]: Sending ticking packet info 'Config eidolon/enthrall_spell.toml' to 'fml:handshake' sequence 10
[18:26:03] [Netty Local Client IO #0/DEBUG] [ne.mi.ne.LoginWrapper/FMLHANDSHAKE]: Recieved login wrapper packet event for channel fml:handshake with index 10
[18:26:03] [Netty Local Client IO #0/DEBUG] [ne.mi.ne.HandshakeHandler/FMLHANDSHAKE]: Received config sync from server
[18:26:03] [Netty Local Client IO #0/DEBUG] [ne.mi.ne.LoginWrapper/FMLHANDSHAKE]: Dispatching wrapped packet reply for channel fml:handshake with index 10
[18:26:03] [Netty Server IO #1/DEBUG] [ne.mi.ne.LoginWrapper/FMLHANDSHAKE]: Recieved login wrapper packet event for channel fml:handshake with index 10
[18:26:03] [Netty Server IO #1/DEBUG] [ne.mi.ne.HandshakeHandler/FMLHANDSHAKE]: Received client indexed reply 10 of type net.minecraftforge.network.HandshakeMessages$C2SAcknowledge
[18:26:03] [Netty Server IO #1/DEBUG] [ne.mi.ne.HandshakeHandler/FMLHANDSHAKE]: Received acknowledgement from client
[18:26:03] [Server thread/DEBUG] [ne.mi.ne.HandshakeHandler/FMLHANDSHAKE]: Sending ticking packet info 'Config eidolon/dark_villager_sacrifice.toml' to 'fml:handshake' sequence 11
[18:26:03] [Netty Local Client IO #0/DEBUG] [ne.mi.ne.LoginWrapper/FMLHANDSHAKE]: Recieved login wrapper packet event for channel fml:handshake with index 11
[18:26:03] [Netty Local Client IO #0/DEBUG] [ne.mi.ne.HandshakeHandler/FMLHANDSHAKE]: Received config sync from server
[18:26:03] [Netty Local Client IO #0/DEBUG] [ne.mi.ne.LoginWrapper/FMLHANDSHAKE]: Dispatching wrapped packet reply for channel fml:handshake with index 11
[18:26:03] [Netty Server IO #1/DEBUG] [ne.mi.ne.LoginWrapper/FMLHANDSHAKE]: Recieved login wrapper packet event for channel fml:handshake with index 11
[18:26:03] [Netty Server IO #1/DEBUG] [ne.mi.ne.HandshakeHandler/FMLHANDSHAKE]: Received client indexed reply 11 of type net.minecraftforge.network.HandshakeMessages$C2SAcknowledge
[18:26:03] [Netty Server IO #1/DEBUG] [ne.mi.ne.HandshakeHandler/FMLHANDSHAKE]: Received acknowledgement from client
[18:26:03] [Server thread/DEBUG] [ne.mi.ne.HandshakeHandler/FMLHANDSHAKE]: Sending ticking packet info 'Config eidolon/dark_touch.toml' to 'fml:handshake' sequence 12
[18:26:03] [Netty Local Client IO #0/DEBUG] [ne.mi.ne.LoginWrapper/FMLHANDSHAKE]: Recieved login wrapper packet event for channel fml:handshake with index 12
[18:26:03] [Netty Local Client IO #0/DEBUG] [ne.mi.ne.HandshakeHandler/FMLHANDSHAKE]: Received config sync from server
[18:26:03] [Netty Local Client IO #0/DEBUG] [ne.mi.ne.LoginWrapper/FMLHANDSHAKE]: Dispatching wrapped packet reply for channel fml:handshake with index 12
[18:26:03] [Netty Server IO #1/DEBUG] [ne.mi.ne.LoginWrapper/FMLHANDSHAKE]: Recieved login wrapper packet event for channel fml:handshake with index 12
[18:26:03] [Netty Server IO #1/DEBUG] [ne.mi.ne.HandshakeHandler/FMLHANDSHAKE]: Received client indexed reply 12 of type net.minecraftforge.network.HandshakeMessages$C2SAcknowledge
[18:26:03] [Netty Server IO #1/DEBUG] [ne.mi.ne.HandshakeHandler/FMLHANDSHAKE]: Received acknowledgement from client
[18:26:03] [Server thread/DEBUG] [ne.mi.ne.HandshakeHandler/FMLHANDSHAKE]: Sending ticking packet info 'Config eidolon/fire_chant.toml' to 'fml:handshake' sequence 13
[18:26:03] [Netty Local Client IO #0/DEBUG] [ne.mi.ne.LoginWrapper/FMLHANDSHAKE]: Recieved login wrapper packet event for channel fml:handshake with index 13
[18:26:03] [Netty Local Client IO #0/DEBUG] [ne.mi.ne.HandshakeHandler/FMLHANDSHAKE]: Received config sync from server
[18:26:03] [Netty Local Client IO #0/DEBUG] [ne.mi.ne.LoginWrapper/FMLHANDSHAKE]: Dispatching wrapped packet reply for channel fml:handshake with index 13
[18:26:03] [Netty Server IO #1/DEBUG] [ne.mi.ne.LoginWrapper/FMLHANDSHAKE]: Recieved login wrapper packet event for channel fml:handshake with index 13
[18:26:03] [Netty Server IO #1/DEBUG] [ne.mi.ne.HandshakeHandler/FMLHANDSHAKE]: Received client indexed reply 13 of type net.minecraftforge.network.HandshakeMessages$C2SAcknowledge
[18:26:03] [Netty Server IO #1/DEBUG] [ne.mi.ne.HandshakeHandler/FMLHANDSHAKE]: Received acknowledgement from client
[18:26:03] [Server thread/DEBUG] [ne.mi.ne.HandshakeHandler/FMLHANDSHAKE]: Sending ticking packet info 'Config curios-server.toml' to 'fml:handshake' sequence 14
[18:26:03] [Netty Local Client IO #0/DEBUG] [ne.mi.ne.LoginWrapper/FMLHANDSHAKE]: Recieved login wrapper packet event for channel fml:handshake with index 14
[18:26:03] [Netty Local Client IO #0/DEBUG] [ne.mi.ne.HandshakeHandler/FMLHANDSHAKE]: Received config sync from server
[18:26:03] [Netty Local Client IO #0/DEBUG] [ne.mi.ne.LoginWrapper/FMLHANDSHAKE]: Dispatching wrapped packet reply for channel fml:handshake with index 14
[18:26:03] [Netty Server IO #1/DEBUG] [ne.mi.ne.LoginWrapper/FMLHANDSHAKE]: Recieved login wrapper packet event for channel fml:handshake with index 14
[18:26:03] [Netty Server IO #1/DEBUG] [ne.mi.ne.HandshakeHandler/FMLHANDSHAKE]: Received client indexed reply 14 of type net.minecraftforge.network.HandshakeMessages$C2SAcknowledge
[18:26:03] [Netty Server IO #1/DEBUG] [ne.mi.ne.HandshakeHandler/FMLHANDSHAKE]: Received acknowledgement from client
[18:26:03] [Server thread/DEBUG] [ne.mi.ne.HandshakeHandler/FMLHANDSHAKE]: Sending ticking packet info 'Config eidolon/zombify_villager.toml' to 'fml:handshake' sequence 15
[18:26:03] [Netty Local Client IO #0/DEBUG] [ne.mi.ne.LoginWrapper/FMLHANDSHAKE]: Recieved login wrapper packet event for channel fml:handshake with index 15
[18:26:03] [Netty Local Client IO #0/DEBUG] [ne.mi.ne.HandshakeHandler/FMLHANDSHAKE]: Received config sync from server
[18:26:03] [Netty Local Client IO #0/DEBUG] [ne.mi.ne.LoginWrapper/FMLHANDSHAKE]: Dispatching wrapped packet reply for channel fml:handshake with index 15
[18:26:03] [Netty Server IO #1/DEBUG] [ne.mi.ne.LoginWrapper/FMLHANDSHAKE]: Recieved login wrapper packet event for channel fml:handshake with index 15
[18:26:03] [Netty Server IO #1/DEBUG] [ne.mi.ne.HandshakeHandler/FMLHANDSHAKE]: Received client indexed reply 15 of type net.minecraftforge.network.HandshakeMessages$C2SAcknowledge
[18:26:03] [Netty Server IO #1/DEBUG] [ne.mi.ne.HandshakeHandler/FMLHANDSHAKE]: Received acknowledgement from client
[18:26:03] [Server thread/DEBUG] [ne.mi.ne.HandshakeHandler/FMLHANDSHAKE]: Sending ticking packet info 'Config eidolon/lay_on_hands.toml' to 'fml:handshake' sequence 16
[18:26:03] [Netty Local Client IO #0/DEBUG] [ne.mi.ne.LoginWrapper/FMLHANDSHAKE]: Recieved login wrapper packet event for channel fml:handshake with index 16
[18:26:03] [Netty Local Client IO #0/DEBUG] [ne.mi.ne.HandshakeHandler/FMLHANDSHAKE]: Received config sync from server
[18:26:03] [Netty Local Client IO #0/DEBUG] [ne.mi.ne.LoginWrapper/FMLHANDSHAKE]: Dispatching wrapped packet reply for channel fml:handshake with index 16
[18:26:03] [Netty Server IO #1/DEBUG] [ne.mi.ne.LoginWrapper/FMLHANDSHAKE]: Recieved login wrapper packet event for channel fml:handshake with index 16
[18:26:03] [Netty Server IO #1/DEBUG] [ne.mi.ne.HandshakeHandler/FMLHANDSHAKE]: Received client indexed reply 16 of type net.minecraftforge.network.HandshakeMessages$C2SAcknowledge
[18:26:03] [Netty Server IO #1/DEBUG] [ne.mi.ne.HandshakeHandler/FMLHANDSHAKE]: Received acknowledgement from client
[18:26:03] [Server thread/DEBUG] [ne.mi.ne.HandshakeHandler/FMLHANDSHAKE]: Sending ticking packet info 'Config eidolon/smite_chant.toml' to 'fml:handshake' sequence 17
[18:26:03] [Netty Local Client IO #0/DEBUG] [ne.mi.ne.LoginWrapper/FMLHANDSHAKE]: Recieved login wrapper packet event for channel fml:handshake with index 17
[18:26:03] [Netty Local Client IO #0/DEBUG] [ne.mi.ne.HandshakeHandler/FMLHANDSHAKE]: Received config sync from server
[18:26:03] [Netty Local Client IO #0/DEBUG] [ne.mi.ne.LoginWrapper/FMLHANDSHAKE]: Dispatching wrapped packet reply for channel fml:handshake with index 17
[18:26:03] [Netty Server IO #1/DEBUG] [ne.mi.ne.LoginWrapper/FMLHANDSHAKE]: Recieved login wrapper packet event for channel fml:handshake with index 17
[18:26:03] [Netty Server IO #1/DEBUG] [ne.mi.ne.HandshakeHandler/FMLHANDSHAKE]: Received client indexed reply 17 of type net.minecraftforge.network.HandshakeMessages$C2SAcknowledge
[18:26:03] [Netty Server IO #1/DEBUG] [ne.mi.ne.HandshakeHandler/FMLHANDSHAKE]: Received acknowledgement from client
[18:26:03] [Server thread/DEBUG] [ne.mi.ne.HandshakeHandler/FMLHANDSHAKE]: Sending ticking packet info 'Config eidolon/basic_incense.toml' to 'fml:handshake' sequence 18
[18:26:03] [Netty Local Client IO #0/DEBUG] [ne.mi.ne.LoginWrapper/FMLHANDSHAKE]: Recieved login wrapper packet event for channel fml:handshake with index 18
[18:26:03] [Netty Local Client IO #0/DEBUG] [ne.mi.ne.HandshakeHandler/FMLHANDSHAKE]: Received config sync from server
[18:26:03] [Netty Local Client IO #0/DEBUG] [ne.mi.ne.LoginWrapper/FMLHANDSHAKE]: Dispatching wrapped packet reply for channel fml:handshake with index 18
[18:26:03] [Netty Server IO #1/DEBUG] [ne.mi.ne.LoginWrapper/FMLHANDSHAKE]: Recieved login wrapper packet event for channel fml:handshake with index 18
[18:26:03] [Netty Server IO #1/DEBUG] [ne.mi.ne.HandshakeHandler/FMLHANDSHAKE]: Received client indexed reply 18 of type net.minecraftforge.network.HandshakeMessages$C2SAcknowledge
[18:26:03] [Netty Server IO #1/DEBUG] [ne.mi.ne.HandshakeHandler/FMLHANDSHAKE]: Received acknowledgement from client
[18:26:03] [Server thread/DEBUG] [ne.mi.ne.HandshakeHandler/FMLHANDSHAKE]: Sending ticking packet info 'Config eidolon/cure_zombie.toml' to 'fml:handshake' sequence 19
[18:26:03] [Netty Local Client IO #0/DEBUG] [ne.mi.ne.LoginWrapper/FMLHANDSHAKE]: Recieved login wrapper packet event for channel fml:handshake with index 19
[18:26:03] [Netty Local Client IO #0/DEBUG] [ne.mi.ne.HandshakeHandler/FMLHANDSHAKE]: Received config sync from server
[18:26:03] [Netty Local Client IO #0/DEBUG] [ne.mi.ne.LoginWrapper/FMLHANDSHAKE]: Dispatching wrapped packet reply for channel fml:handshake with index 19
[18:26:03] [Netty Server IO #1/DEBUG] [ne.mi.ne.LoginWrapper/FMLHANDSHAKE]: Recieved login wrapper packet event for channel fml:handshake with index 19
[18:26:03] [Netty Server IO #1/DEBUG] [ne.mi.ne.HandshakeHandler/FMLHANDSHAKE]: Received client indexed reply 19 of type net.minecraftforge.network.HandshakeMessages$C2SAcknowledge
[18:26:03] [Netty Server IO #1/DEBUG] [ne.mi.ne.HandshakeHandler/FMLHANDSHAKE]: Received acknowledgement from client
[18:26:04] [Server thread/DEBUG] [ne.mi.ne.HandshakeHandler/FMLHANDSHAKE]: Sending ticking packet info 'Config eidolon/darklight_chant.toml' to 'fml:handshake' sequence 20
[18:26:04] [Netty Local Client IO #0/DEBUG] [ne.mi.ne.LoginWrapper/FMLHANDSHAKE]: Recieved login wrapper packet event for channel fml:handshake with index 20
[18:26:04] [Netty Local Client IO #0/DEBUG] [ne.mi.ne.HandshakeHandler/FMLHANDSHAKE]: Received config sync from server
[18:26:04] [Netty Local Client IO #0/DEBUG] [ne.mi.ne.LoginWrapper/FMLHANDSHAKE]: Dispatching wrapped packet reply for channel fml:handshake with index 20
[18:26:04] [Netty Server IO #1/DEBUG] [ne.mi.ne.LoginWrapper/FMLHANDSHAKE]: Recieved login wrapper packet event for channel fml:handshake with index 20
[18:26:04] [Netty Server IO #1/DEBUG] [ne.mi.ne.HandshakeHandler/FMLHANDSHAKE]: Received client indexed reply 20 of type net.minecraftforge.network.HandshakeMessages$C2SAcknowledge
[18:26:04] [Netty Server IO #1/DEBUG] [ne.mi.ne.HandshakeHandler/FMLHANDSHAKE]: Received acknowledgement from client
[18:26:04] [Server thread/DEBUG] [ne.mi.ne.HandshakeHandler/FMLHANDSHAKE]: Sending ticking packet info 'Config eidolon/dark_animal_sacrifice.toml' to 'fml:handshake' sequence 21
[18:26:04] [Netty Local Client IO #0/DEBUG] [ne.mi.ne.LoginWrapper/FMLHANDSHAKE]: Recieved login wrapper packet event for channel fml:handshake with index 21
[18:26:04] [Netty Local Client IO #0/DEBUG] [ne.mi.ne.HandshakeHandler/FMLHANDSHAKE]: Received config sync from server
[18:26:04] [Netty Local Client IO #0/DEBUG] [ne.mi.ne.LoginWrapper/FMLHANDSHAKE]: Dispatching wrapped packet reply for channel fml:handshake with index 21
[18:26:04] [Netty Server IO #1/DEBUG] [ne.mi.ne.LoginWrapper/FMLHANDSHAKE]: Recieved login wrapper packet event for channel fml:handshake with index 21
[18:26:04] [Netty Server IO #1/DEBUG] [ne.mi.ne.HandshakeHandler/FMLHANDSHAKE]: Received client indexed reply 21 of type net.minecraftforge.network.HandshakeMessages$C2SAcknowledge
[18:26:04] [Netty Server IO #1/DEBUG] [ne.mi.ne.HandshakeHandler/FMLHANDSHAKE]: Received acknowledgement from client
[18:26:04] [Server thread/DEBUG] [ne.mi.ne.HandshakeHandler/FMLHANDSHAKE]: Sending ticking packet info 'Config eidolon/dark_prayer.toml' to 'fml:handshake' sequence 22
[18:26:04] [Netty Local Client IO #0/DEBUG] [ne.mi.ne.LoginWrapper/FMLHANDSHAKE]: Recieved login wrapper packet event for channel fml:handshake with index 22
[18:26:04] [Netty Local Client IO #0/DEBUG] [ne.mi.ne.HandshakeHandler/FMLHANDSHAKE]: Received config sync from server
[18:26:04] [Netty Local Client IO #0/DEBUG] [ne.mi.ne.LoginWrapper/FMLHANDSHAKE]: Dispatching wrapped packet reply for channel fml:handshake with index 22
[18:26:04] [Netty Server IO #1/DEBUG] [ne.mi.ne.LoginWrapper/FMLHANDSHAKE]: Recieved login wrapper packet event for channel fml:handshake with index 22
[18:26:04] [Netty Server IO #1/DEBUG] [ne.mi.ne.HandshakeHandler/FMLHANDSHAKE]: Received client indexed reply 22 of type net.minecraftforge.network.HandshakeMessages$C2SAcknowledge
[18:26:04] [Netty Server IO #1/DEBUG] [ne.mi.ne.HandshakeHandler/FMLHANDSHAKE]: Received acknowledgement from client
[18:26:04] [Server thread/DEBUG] [ne.mi.ne.HandshakeHandler/FMLHANDSHAKE]: Sending ticking packet info 'Config forge-server.toml' to 'fml:handshake' sequence 23
[18:26:04] [Netty Local Client IO #0/DEBUG] [ne.mi.ne.LoginWrapper/FMLHANDSHAKE]: Recieved login wrapper packet event for channel fml:handshake with index 23
[18:26:04] [Netty Local Client IO #0/DEBUG] [ne.mi.ne.HandshakeHandler/FMLHANDSHAKE]: Received config sync from server
[18:26:04] [Netty Local Client IO #0/DEBUG] [ne.mi.ne.LoginWrapper/FMLHANDSHAKE]: Dispatching wrapped packet reply for channel fml:handshake with index 23
[18:26:04] [Netty Server IO #1/DEBUG] [ne.mi.ne.LoginWrapper/FMLHANDSHAKE]: Recieved login wrapper packet event for channel fml:handshake with index 23
[18:26:04] [Netty Server IO #1/DEBUG] [ne.mi.ne.HandshakeHandler/FMLHANDSHAKE]: Received client indexed reply 23 of type net.minecraftforge.network.HandshakeMessages$C2SAcknowledge
[18:26:04] [Netty Server IO #1/DEBUG] [ne.mi.ne.HandshakeHandler/FMLHANDSHAKE]: Received acknowledgement from client
[18:26:04] [Server thread/DEBUG] [ne.mi.ne.HandshakeHandler/FMLHANDSHAKE]: Handshake complete!
[18:26:04] [Netty Local Client IO #0/INFO] [ne.mi.ne.NetworkHooks/]: Connected to a modded server.
[18:26:04] [Server thread/INFO] [minecraft/PlayerList]: Dev[local:E:da100fac] logged in with entity id 244 at (-26.5, 77.0, 106.5)
[18:26:04] [Server thread/INFO] [minecraft/MinecraftServer]: Dev joined the game
[18:26:04] [Render thread/INFO] [co.bl.ei.EidolonUnchained/]: Firing EidolonUnchainedEvents.clientReady (client scripts)
[18:26:04] [Render thread/INFO] [KubeJS Client/]: eu_smoke.js#4: [EU smoke] client ok for Dev
[18:26:06] [Render thread/INFO] [minecraft/AdvancementList]: Loaded 2 advancements
[18:26:08] [Server thread/WARN] [minecraft/MinecraftServer]: Can't keep up! Is the server overloaded? Running 2007ms or 40 ticks behind
[18:26:08] [Server thread/DEBUG] [mixin/]: Mixing MixinChunkSerializer from architectury.mixins.json into net.minecraft.world.level.chunk.storage.ChunkSerializer
[18:26:40] [Server thread/INFO] [minecraft/IntegratedServer]: Saving and pausing game...
[18:26:40] [Server thread/INFO] [minecraft/MinecraftServer]: Saving chunks for level 'ServerLevel[test_01]'/minecraft:overworld
[18:26:40] [Server thread/INFO] [minecraft/MinecraftServer]: Saving chunks for level 'ServerLevel[test_01]'/minecraft:the_nether
[18:26:40] [Server thread/INFO] [minecraft/MinecraftServer]: Saving chunks for level 'ServerLevel[test_01]'/minecraft:the_end
[18:26:40] [Server thread/DEBUG] [ne.mi.co.ForgeHooks/WP]: Gathering id map for writing to world save test_01
[18:26:40] [Server thread/DEBUG] [ne.mi.co.ForgeHooks/WP]: ID Map collection complete test_01
[18:26:57] [Server thread/INFO] [minecraft/IntegratedServer]: Saving and pausing game...
[18:26:57] [Server thread/INFO] [minecraft/MinecraftServer]: Saving chunks for level 'ServerLevel[test_01]'/minecraft:overworld
[18:26:57] [Server thread/INFO] [minecraft/MinecraftServer]: Saving chunks for level 'ServerLevel[test_01]'/minecraft:the_nether
[18:26:57] [Server thread/INFO] [minecraft/MinecraftServer]: Saving chunks for level 'ServerLevel[test_01]'/minecraft:the_end
[18:26:57] [Server thread/DEBUG] [ne.mi.co.ForgeHooks/WP]: Gathering id map for writing to world save test_01
[18:26:57] [Server thread/DEBUG] [ne.mi.co.ForgeHooks/WP]: ID Map collection complete test_01
[18:27:05] [Server thread/INFO] [minecraft/IntegratedServer]: Saving and pausing game...
[18:27:05] [Server thread/INFO] [minecraft/MinecraftServer]: Saving chunks for level 'ServerLevel[test_01]'/minecraft:overworld
[18:27:05] [Server thread/INFO] [minecraft/MinecraftServer]: Saving chunks for level 'ServerLevel[test_01]'/minecraft:the_nether
[18:27:05] [Server thread/INFO] [minecraft/MinecraftServer]: Saving chunks for level 'ServerLevel[test_01]'/minecraft:the_end
[18:27:05] [Server thread/DEBUG] [ne.mi.co.ForgeHooks/WP]: Gathering id map for writing to world save test_01
[18:27:05] [Server thread/DEBUG] [ne.mi.co.ForgeHooks/WP]: ID Map collection complete test_01
[18:27:06] [Server thread/INFO] [minecraft/IntegratedServer]: Saving and pausing game...
[18:27:06] [Server thread/INFO] [minecraft/MinecraftServer]: Saving chunks for level 'ServerLevel[test_01]'/minecraft:overworld
[18:27:06] [Server thread/INFO] [minecraft/MinecraftServer]: Saving chunks for level 'ServerLevel[test_01]'/minecraft:the_nether
[18:27:06] [Server thread/INFO] [minecraft/MinecraftServer]: Saving chunks for level 'ServerLevel[test_01]'/minecraft:the_end
[18:27:06] [Server thread/DEBUG] [ne.mi.co.ForgeHooks/WP]: Gathering id map for writing to world save test_01
[18:27:06] [Server thread/DEBUG] [ne.mi.co.ForgeHooks/WP]: ID Map collection complete test_01
[18:27:09] [Server thread/INFO] [minecraft/IntegratedServer]: Saving and pausing game...
[18:27:09] [Server thread/INFO] [minecraft/MinecraftServer]: Saving chunks for level 'ServerLevel[test_01]'/minecraft:overworld
[18:27:09] [Server thread/INFO] [minecraft/MinecraftServer]: Saving chunks for level 'ServerLevel[test_01]'/minecraft:the_nether
[18:27:09] [Server thread/INFO] [minecraft/MinecraftServer]: Saving chunks for level 'ServerLevel[test_01]'/minecraft:the_end
[18:27:09] [Server thread/DEBUG] [ne.mi.co.ForgeHooks/WP]: Gathering id map for writing to world save test_01
[18:27:09] [Server thread/DEBUG] [ne.mi.co.ForgeHooks/WP]: ID Map collection complete test_01
[18:27:22] [Server thread/INFO] [minecraft/IntegratedServer]: Saving and pausing game...
[18:27:22] [Server thread/INFO] [minecraft/MinecraftServer]: Saving chunks for level 'ServerLevel[test_01]'/minecraft:overworld
[18:27:22] [Server thread/INFO] [minecraft/MinecraftServer]: Saving chunks for level 'ServerLevel[test_01]'/minecraft:the_nether
[18:27:22] [Server thread/INFO] [minecraft/MinecraftServer]: Saving chunks for level 'ServerLevel[test_01]'/minecraft:the_end
[18:27:22] [Server thread/DEBUG] [ne.mi.co.ForgeHooks/WP]: Gathering id map for writing to world save test_01
[18:27:22] [Server thread/DEBUG] [ne.mi.co.ForgeHooks/WP]: ID Map collection complete test_01
[18:27:24] [Render thread/INFO] [minecraft/Minecraft]: Stopping!
[18:27:24] [Server thread/INFO] [minecraft/ServerGamePacketListenerImpl]: Dev lost connection: Disconnected
[18:27:24] [Server thread/INFO] [minecraft/MinecraftServer]: Dev left the game
[18:27:24] [Server thread/INFO] [minecraft/ServerGamePacketListenerImpl]: Stopping singleplayer server as player logged out
[18:27:24] [Server thread/INFO] [minecraft/MinecraftServer]: Stopping server
[18:27:24] [Server thread/INFO] [minecraft/MinecraftServer]: Saving players
[18:27:24] [Server thread/INFO] [minecraft/MinecraftServer]: Saving worlds
[18:27:26] [Server thread/INFO] [minecraft/MinecraftServer]: Saving chunks for level 'ServerLevel[test_01]'/minecraft:overworld
[18:27:26] [Server thread/INFO] [minecraft/MinecraftServer]: Saving chunks for level 'ServerLevel[test_01]'/minecraft:the_nether
[18:27:26] [Server thread/INFO] [minecraft/MinecraftServer]: Saving chunks for level 'ServerLevel[test_01]'/minecraft:the_end
[18:27:26] [Server thread/DEBUG] [ne.mi.co.ForgeHooks/WP]: Gathering id map for writing to world save test_01
[18:27:26] [Server thread/DEBUG] [ne.mi.co.ForgeHooks/WP]: ID Map collection complete test_01
[18:27:26] [Server thread/INFO] [minecraft/MinecraftServer]: ThreadedAnvilChunkStorage (test_01): All chunks are saved
[18:27:26] [Server thread/INFO] [minecraft/MinecraftServer]: ThreadedAnvilChunkStorage (DIM-1): All chunks are saved
[18:27:26] [Server thread/INFO] [minecraft/MinecraftServer]: ThreadedAnvilChunkStorage (DIM1): All chunks are saved
[18:27:26] [Server thread/INFO] [minecraft/MinecraftServer]: ThreadedAnvilChunkStorage: All dimensions are saved
[18:27:26] [Server thread/DEBUG] [ne.mi.re.GameData/REGISTRIES]: Reverting to FROZEN data state.
[18:27:26] [Server thread/DEBUG] [ne.mi.re.ForgeRegistry/REGISTRIES]: Registry minecraft:block Sync: ACTIVE -> FROZEN
[18:27:26] [Server thread/DEBUG] [ne.mi.re.ForgeRegistry/REGISTRIES]: Registry minecraft:fluid Sync: ACTIVE -> FROZEN
[18:27:26] [Server thread/DEBUG] [ne.mi.re.ForgeRegistry/REGISTRIES]: Registry minecraft:item Sync: ACTIVE -> FROZEN
[18:27:26] [Server thread/DEBUG] [ne.mi.re.ForgeRegistry/REGISTRIES]: Registry minecraft:mob_effect Sync: ACTIVE -> FROZEN
[18:27:26] [Server thread/DEBUG] [ne.mi.re.ForgeRegistry/REGISTRIES]: Registry minecraft:sound_event Sync: ACTIVE -> FROZEN
[18:27:26] [Server thread/DEBUG] [ne.mi.re.ForgeRegistry/REGISTRIES]: Registry minecraft:potion Sync: ACTIVE -> FROZEN
[18:27:26] [Server thread/DEBUG] [ne.mi.re.ForgeRegistry/REGISTRIES]: Registry minecraft:enchantment Sync: ACTIVE -> FROZEN
[18:27:26] [Server thread/DEBUG] [ne.mi.re.ForgeRegistry/REGISTRIES]: Registry minecraft:entity_type Sync: ACTIVE -> FROZEN
[18:27:26] [Server thread/DEBUG] [ne.mi.re.ForgeRegistry/REGISTRIES]: Registry minecraft:block_entity_type Sync: ACTIVE -> FROZEN
[18:27:26] [Server thread/DEBUG] [ne.mi.re.ForgeRegistry/REGISTRIES]: Registry minecraft:particle_type Sync: ACTIVE -> FROZEN
[18:27:26] [Server thread/DEBUG] [ne.mi.re.ForgeRegistry/REGISTRIES]: Registry minecraft:menu Sync: ACTIVE -> FROZEN
[18:27:26] [Server thread/DEBUG] [ne.mi.re.ForgeRegistry/REGISTRIES]: Registry minecraft:painting_variant Sync: ACTIVE -> FROZEN
[18:27:26] [Server thread/DEBUG] [ne.mi.re.ForgeRegistry/REGISTRIES]: Registry minecraft:recipe_type Sync: ACTIVE -> FROZEN
[18:27:26] [Server thread/DEBUG] [ne.mi.re.ForgeRegistry/REGISTRIES]: Registry minecraft:recipe_serializer Sync: ACTIVE -> FROZEN
[18:27:26] [Server thread/DEBUG] [ne.mi.re.ForgeRegistry/REGISTRIES]: Registry minecraft:attribute Sync: ACTIVE -> FROZEN
[18:27:26] [Server thread/DEBUG] [ne.mi.re.ForgeRegistry/REGISTRIES]: Registry minecraft:stat_type Sync: ACTIVE -> FROZEN
[18:27:26] [Server thread/DEBUG] [ne.mi.re.ForgeRegistry/REGISTRIES]: Registry minecraft:command_argument_type Sync: ACTIVE -> FROZEN
[18:27:26] [Server thread/DEBUG] [ne.mi.re.ForgeRegistry/REGISTRIES]: Registry minecraft:villager_profession Sync: ACTIVE -> FROZEN
[18:27:26] [Server thread/DEBUG] [ne.mi.re.ForgeRegistry/REGISTRIES]: Registry minecraft:point_of_interest_type Sync: ACTIVE -> FROZEN
[18:27:26] [Server thread/DEBUG] [ne.mi.re.ForgeRegistry/REGISTRIES]: Registry minecraft:memory_module_type Sync: ACTIVE -> FROZEN
[18:27:26] [Server thread/DEBUG] [ne.mi.re.ForgeRegistry/REGISTRIES]: Registry minecraft:sensor_type Sync: ACTIVE -> FROZEN
[18:27:26] [Server thread/DEBUG] [ne.mi.re.ForgeRegistry/REGISTRIES]: Registry minecraft:schedule Sync: ACTIVE -> FROZEN
[18:27:26] [Server thread/DEBUG] [ne.mi.re.ForgeRegistry/REGISTRIES]: Registry minecraft:activity Sync: ACTIVE -> FROZEN
[18:27:26] [Server thread/DEBUG] [ne.mi.re.ForgeRegistry/REGISTRIES]: Registry minecraft:worldgen/carver Sync: ACTIVE -> FROZEN
[18:27:26] [Server thread/DEBUG] [ne.mi.re.ForgeRegistry/REGISTRIES]: Registry minecraft:worldgen/feature Sync: ACTIVE -> FROZEN
[18:27:26] [Server thread/DEBUG] [ne.mi.re.ForgeRegistry/REGISTRIES]: Registry minecraft:chunk_status Sync: ACTIVE -> FROZEN
[18:27:26] [Server thread/DEBUG] [ne.mi.re.ForgeRegistry/REGISTRIES]: Registry minecraft:worldgen/block_state_provider_type Sync: ACTIVE -> FROZEN
[18:27:26] [Server thread/DEBUG] [ne.mi.re.ForgeRegistry/REGISTRIES]: Registry minecraft:worldgen/foliage_placer_type Sync: ACTIVE -> FROZEN
[18:27:26] [Server thread/DEBUG] [ne.mi.re.ForgeRegistry/REGISTRIES]: Registry minecraft:worldgen/tree_decorator_type Sync: ACTIVE -> FROZEN
[18:27:26] [Server thread/DEBUG] [ne.mi.re.ForgeRegistry/REGISTRIES]: Registry minecraft:worldgen/biome Sync: ACTIVE -> FROZEN
[18:27:26] [Server thread/DEBUG] [ne.mi.re.ForgeRegistry/REGISTRIES]: Registry forge:entity_data_serializers Sync: ACTIVE -> FROZEN
[18:27:26] [Server thread/DEBUG] [ne.mi.re.ForgeRegistry/REGISTRIES]: Registry forge:global_loot_modifier_serializers Sync: ACTIVE -> FROZEN
[18:27:26] [Server thread/DEBUG] [ne.mi.re.ForgeRegistry/REGISTRIES]: Registry forge:biome_modifier_serializers Sync: ACTIVE -> FROZEN
[18:27:26] [Server thread/DEBUG] [ne.mi.re.ForgeRegistry/REGISTRIES]: Registry forge:fluid_type Sync: ACTIVE -> FROZEN
[18:27:26] [Server thread/DEBUG] [ne.mi.re.ForgeRegistry/REGISTRIES]: Registry forge:structure_modifier_serializers Sync: ACTIVE -> FROZEN
[18:27:26] [Server thread/DEBUG] [ne.mi.re.ForgeRegistry/REGISTRIES]: Registry forge:holder_set_type Sync: ACTIVE -> FROZEN
[18:27:26] [Server thread/DEBUG] [ne.mi.re.ForgeRegistry/REGISTRIES]: Registry forge:display_contexts Sync: ACTIVE -> FROZEN
[18:27:27] [Server thread/DEBUG] [ne.mi.re.ObjectHolderRegistry/REGISTRIES]: Applying holder lookups
[18:27:27] [Server thread/DEBUG] [ne.mi.re.ObjectHolderRegistry/REGISTRIES]: Holder lookups applied
[18:27:27] [Server thread/DEBUG] [ne.mi.re.GameData/REGISTRIES]: FROZEN state restored.
[18:27:27] [Server thread/DEBUG] [ne.mi.fm.co.ConfigTracker/CONFIG]: Unloading configs type SERVER

Deprecated Gradle features were used in this build, making it incompatible with Gradle 9.0.

You can use '--warning-mode all' to show the individual deprecation warnings and determine if they come from your own scripts or plugins.

For more on this, please refer to https://docs.gradle.org/8.8/userguide/command_line_interface.html#sec:command_line_warnings in the Gradle documentation.

BUILD SUCCESSFUL in 5m 41s
10 actionable tasks: 3 executed, 7 up-to-date
