To honour the JVM settings for this build a single-use Daemon process will be forked. For more on this, please refer to https://docs.gradle.org/8.8/userguide/gradle_daemon.html#sec:disabling_the_daemon in the Gradle documentation.
Daemon will be stopped at the end of the build 

> Configure project :
Java: 17.0.20.1, JVM: 17.0.20.1+1 (Eclipse Adoptium), Arch: amd64

> Task :compileJava UP-TO-DATE
> Task :processResources UP-TO-DATE
> Task :classes UP-TO-DATE
> Task :downloadMcpConfig
> Task :extractSrg UP-TO-DATE
> Task :createSrgToMcp UP-TO-DATE
> Task :downloadMCMeta UP-TO-DATE
> Task :downloadAssets UP-TO-DATE
> Task :extractNatives UP-TO-DATE
> Task :makeSrcDirs
> Task :prepareRuns
> Task :prepareRunServer
> Task :prepareRunServerCompile UP-TO-DATE

> Task :runServer
2026-09-29 18:06:45,028 main WARN Advanced terminal features are not available in this environment
[18:06:45] [main/INFO] [cp.mo.mo.Launcher/MODLAUNCHER]: ModLauncher running: args [--launchTarget, forgeserveruserdev, --gameDir, ., --fml.forgeVersion, 47.4.10, --fml.mcVersion, 1.20.1, --fml.forgeGroup, net.minecraftforge, --fml.mcpVersion, 20230612.114412, --nogui]
[18:06:45] [main/INFO] [cp.mo.mo.Launcher/MODLAUNCHER]: ModLauncher 10.0.9+10.0.9+main.dcd20f30 starting: java version 17.0.20.1 by Eclipse Adoptium; OS Windows 10 arch amd64 version 10.0
[18:06:45] [main/DEBUG] [cp.mo.mo.LaunchServiceHandler/MODLAUNCHER]: Found launch services [fmlclientdev,forgeclient,minecraft,forgegametestserverdev,fmlserveruserdev,fmlclient,fmldatauserdev,forgeserverdev,forgeserveruserdev,forgeclientdev,forgeclientuserdev,forgeserver,forgedatadev,fmlserver,fmlclientuserdev,fmlserverdev,forgedatauserdev,testharness,forgegametestserveruserdev]
[18:06:45] [main/DEBUG] [cp.mo.mo.NameMappingServiceHandler/MODLAUNCHER]: Found naming services : [srgtomcp]
[18:06:45] [main/DEBUG] [cp.mo.mo.LaunchPluginHandler/MODLAUNCHER]: Found launch plugins: [mixin,eventbus,slf4jfixer,object_holder_definalize,runtime_enum_extender,capability_token_subclass,accesstransformer,runtimedistcleaner]
[18:06:45] [main/DEBUG] [cp.mo.mo.TransformationServicesHandler/MODLAUNCHER]: Discovering transformation services
[18:06:45] [main/DEBUG] [ne.mi.fm.lo.FMLPaths/CORE]: Path GAMEDIR is C:\Blue_Lotus_Global_ICM\repos\Eidolon-Unchained\run
[18:06:45] [main/DEBUG] [ne.mi.fm.lo.FMLPaths/CORE]: Path MODSDIR is C:\Blue_Lotus_Global_ICM\repos\Eidolon-Unchained\run\mods
[18:06:45] [main/DEBUG] [ne.mi.fm.lo.FMLPaths/CORE]: Path CONFIGDIR is C:\Blue_Lotus_Global_ICM\repos\Eidolon-Unchained\run\config
[18:06:45] [main/DEBUG] [ne.mi.fm.lo.FMLPaths/CORE]: Path FMLCONFIG is C:\Blue_Lotus_Global_ICM\repos\Eidolon-Unchained\run\config\fml.toml
[18:06:45] [main/DEBUG] [cp.mo.mo.TransformationServicesHandler/MODLAUNCHER]: Found additional transformation services from discovery services: 
[18:06:45] [main/INFO] [ne.mi.fm.lo.ImmediateWindowHandler/]: ImmediateWindowProvider not loading because launch target is forgeserveruserdev
[18:06:45] [main/DEBUG] [cp.mo.mo.TransformationServicesHandler/MODLAUNCHER]: Found transformer services : [mixin,fml]
[18:06:45] [main/DEBUG] [cp.mo.mo.TransformationServicesHandler/MODLAUNCHER]: Transformation services loading
[18:06:45] [main/DEBUG] [cp.mo.mo.TransformationServiceDecorator/MODLAUNCHER]: Loading service mixin
[18:06:45] [main/DEBUG] [cp.mo.mo.TransformationServiceDecorator/MODLAUNCHER]: Loaded service mixin
[18:06:45] [main/DEBUG] [cp.mo.mo.TransformationServiceDecorator/MODLAUNCHER]: Loading service fml
[18:06:45] [main/DEBUG] [ne.mi.fm.lo.LauncherVersion/CORE]: Found FMLLauncher version 1.0
[18:06:45] [main/DEBUG] [ne.mi.fm.lo.FMLLoader/CORE]: FML 1.0 loading
[18:06:45] [main/DEBUG] [ne.mi.fm.lo.FMLLoader/CORE]: FML found ModLauncher version : 10.0.9+10.0.9+main.dcd20f30
[18:06:45] [main/DEBUG] [ne.mi.fm.lo.FMLLoader/CORE]: Requesting CoreMods to not apply the fix for ASMAPI.findFirstInstructionBefore by default
[18:06:45] [main/DEBUG] [ne.mi.fm.lo.FMLLoader/CORE]: FML found AccessTransformer version : 8.0.4+66+master.c09db6d7
[18:06:45] [main/DEBUG] [ne.mi.fm.lo.FMLLoader/CORE]: FML found EventBus version : 6.0.5+6.0.5+master.eb8e549b
[18:06:45] [main/DEBUG] [ne.mi.fm.lo.FMLLoader/CORE]: Found Runtime Dist Cleaner
[18:06:45] [main/DEBUG] [ne.mi.co.CoreModEngine/]: CoreMods will preserve legacy behavior of ASMAPI.findFirstInstructionBefore for backwards-compatibility
[18:06:45] [main/DEBUG] [ne.mi.fm.lo.FMLLoader/CORE]: FML found CoreMod version : 5.2.4
[18:06:45] [main/DEBUG] [ne.mi.fm.lo.FMLLoader/CORE]: Found ForgeSPI package implementation version 7.0.1+7.0.1+master.d2b38bf6
[18:06:45] [main/DEBUG] [ne.mi.fm.lo.FMLLoader/CORE]: Found ForgeSPI package specification 5
[18:06:45] [main/DEBUG] [cp.mo.mo.TransformationServiceDecorator/MODLAUNCHER]: Loaded service fml
[18:06:45] [main/DEBUG] [cp.mo.mo.TransformationServicesHandler/MODLAUNCHER]: Configuring option handling for services
[18:06:45] [main/DEBUG] [cp.mo.mo.TransformationServicesHandler/MODLAUNCHER]: Transformation services initializing
[18:06:45] [main/DEBUG] [cp.mo.mo.TransformationServiceDecorator/MODLAUNCHER]: Initializing transformation service mixin
[18:06:45] [main/DEBUG] [mixin/]: MixinService [ModLauncher] was successfully booted in cpw.mods.cl.ModuleClassLoader@67a20f67
[18:06:45] [main/INFO] [mixin/]: SpongePowered MIXIN Subsystem Version=0.8.5 Source=union:/C:/Users/Blue%20Lotus%20Coding/.gradle/caches/modules-2/files-2.1/org.spongepowered/mixin/0.8.5/9d1c0c3a304ae6697ecd477218fa61b850bf57fc/mixin-0.8.5.jar%23128!/ Service=ModLauncher Env=SERVER
[18:06:45] [main/DEBUG] [mixin/]: Initialising Mixin Platform Manager
[18:06:45] [main/DEBUG] [mixin/]: Adding mixin platform agents for container ModLauncher Root Container(ModLauncher:4f56a0a2)
[18:06:45] [main/DEBUG] [mixin/]: Instancing new MixinPlatformAgentMinecraftForge for ModLauncher Root Container(ModLauncher:4f56a0a2)
[18:06:45] [main/DEBUG] [mixin/]: MixinPlatformAgentMinecraftForge rejected container ModLauncher Root Container(ModLauncher:4f56a0a2)
[18:06:45] [main/DEBUG] [mixin/]: Instancing new MixinPlatformAgentDefault for ModLauncher Root Container(ModLauncher:4f56a0a2)
[18:06:45] [main/DEBUG] [mixin/]: MixinPlatformAgentDefault accepted container ModLauncher Root Container(ModLauncher:4f56a0a2)
[18:06:45] [main/DEBUG] [cp.mo.mo.TransformationServiceDecorator/MODLAUNCHER]: Initialized transformation service mixin
[18:06:45] [main/DEBUG] [cp.mo.mo.TransformationServiceDecorator/MODLAUNCHER]: Initializing transformation service fml
[18:06:45] [main/DEBUG] [ne.mi.fm.lo.FMLServiceProvider/CORE]: Setting up basic FML game directories
[18:06:45] [main/DEBUG] [ne.mi.fm.lo.FMLPaths/CORE]: Path GAMEDIR is C:\Blue_Lotus_Global_ICM\repos\Eidolon-Unchained\run
[18:06:45] [main/DEBUG] [ne.mi.fm.lo.FMLPaths/CORE]: Path MODSDIR is C:\Blue_Lotus_Global_ICM\repos\Eidolon-Unchained\run\mods
[18:06:45] [main/DEBUG] [ne.mi.fm.lo.FMLPaths/CORE]: Path CONFIGDIR is C:\Blue_Lotus_Global_ICM\repos\Eidolon-Unchained\run\config
[18:06:45] [main/DEBUG] [ne.mi.fm.lo.FMLPaths/CORE]: Path FMLCONFIG is C:\Blue_Lotus_Global_ICM\repos\Eidolon-Unchained\run\config\fml.toml
[18:06:45] [main/DEBUG] [ne.mi.fm.lo.FMLServiceProvider/CORE]: Loading configuration
[18:06:45] [main/DEBUG] [ne.mi.fm.lo.FMLServiceProvider/CORE]: Preparing ModFile
[18:06:45] [main/DEBUG] [ne.mi.fm.lo.FMLServiceProvider/CORE]: Preparing launch handler
[18:06:45] [main/DEBUG] [ne.mi.fm.lo.FMLLoader/CORE]: Using forgeserveruserdev as launch service
[18:06:45] [main/DEBUG] [ne.mi.fm.lo.FMLLoader/CORE]: Received command line version data  : VersionInfo[forgeVersion=47.4.10, mcVersion=1.20.1, mcpVersion=20230612.114412, forgeGroup=net.minecraftforge]
[18:06:45] [main/DEBUG] [cp.mo.mo.TransformationServiceDecorator/MODLAUNCHER]: Initialized transformation service fml
[18:06:45] [main/DEBUG] [cp.mo.mo.NameMappingServiceHandler/MODLAUNCHER]: Current naming domain is 'mcp'
[18:06:45] [main/DEBUG] [cp.mo.mo.NameMappingServiceHandler/MODLAUNCHER]: Identified name mapping providers {srg=srgtomcp:1234}
[18:06:45] [main/DEBUG] [cp.mo.mo.TransformationServicesHandler/MODLAUNCHER]: Transformation services begin scanning
[18:06:45] [main/DEBUG] [cp.mo.mo.TransformationServiceDecorator/MODLAUNCHER]: Beginning scan trigger - transformation service mixin
[18:06:45] [main/DEBUG] [cp.mo.mo.TransformationServiceDecorator/MODLAUNCHER]: End scan trigger - transformation service mixin
[18:06:45] [main/DEBUG] [cp.mo.mo.TransformationServiceDecorator/MODLAUNCHER]: Beginning scan trigger - transformation service fml
[18:06:45] [main/DEBUG] [ne.mi.fm.lo.FMLServiceProvider/CORE]: Initiating mod scan
[18:06:45] [main/DEBUG] [ne.mi.fm.lo.mo.ModListHandler/CORE]: Found mod coordinates from lists: []
[18:06:45] [main/DEBUG] [ne.mi.fm.lo.mo.ModDiscoverer/CORE]: Found Mod Locators : (mods folder:null),(maven libs:null),(exploded directory:null),(minecraft:null),(userdev classpath:null)
[18:06:45] [main/DEBUG] [ne.mi.fm.lo.mo.ModDiscoverer/CORE]: Found Dependency Locators : (JarInJar:null)
[18:06:45] [main/DEBUG] [ne.mi.fm.lo.ta.CommonLaunchHandler/CORE]: Got mod coordinates eidolonunchained%%C:\Blue_Lotus_Global_ICM\repos\Eidolon-Unchained\build\resources\main;eidolonunchained%%C:\Blue_Lotus_Global_ICM\repos\Eidolon-Unchained\build\classes\java\main from env
[18:06:45] [main/DEBUG] [ne.mi.fm.lo.ta.CommonLaunchHandler/CORE]: Found supplied mod coordinates [{eidolonunchained=[C:\Blue_Lotus_Global_ICM\repos\Eidolon-Unchained\build\resources\main, C:\Blue_Lotus_Global_ICM\repos\Eidolon-Unchained\build\classes\java\main]}]
[18:06:46] [main/DEBUG] [ne.mi.fm.lo.mo.ModFileInfo/LOADING]: Found valid mod file forge-1.20.1-47.4.10_mapped_official_1.20.1.jar with {minecraft} mods - versions {1.20.1}
[18:06:46] [main/DEBUG] [ne.mi.fm.lo.mo.ModFileParser/LOADING]: Considering mod file candidate C:\Users\Blue Lotus Coding\.gradle\caches\modules-2\files-2.1\net.minecraftforge\javafmllanguage\1.20.1-47.4.10\ccc533c7dd67e0983217197d7549c8b49e7ab453\javafmllanguage-1.20.1-47.4.10.jar
[18:06:46] [main/WARN] [ne.mi.fm.lo.mo.ModFileParser/LOADING]: Mod file C:\Users\Blue Lotus Coding\.gradle\caches\modules-2\files-2.1\net.minecraftforge\javafmllanguage\1.20.1-47.4.10\ccc533c7dd67e0983217197d7549c8b49e7ab453\javafmllanguage-1.20.1-47.4.10.jar is missing mods.toml file
[18:06:46] [main/DEBUG] [ne.mi.fm.lo.mo.ModFileParser/LOADING]: Considering mod file candidate C:\Users\Blue Lotus Coding\.gradle\caches\modules-2\files-2.1\net.minecraftforge\lowcodelanguage\1.20.1-47.4.10\e9a2879fe3612ea34b9728ec2633304a1e67d480\lowcodelanguage-1.20.1-47.4.10.jar
[18:06:46] [main/WARN] [ne.mi.fm.lo.mo.ModFileParser/LOADING]: Mod file C:\Users\Blue Lotus Coding\.gradle\caches\modules-2\files-2.1\net.minecraftforge\lowcodelanguage\1.20.1-47.4.10\e9a2879fe3612ea34b9728ec2633304a1e67d480\lowcodelanguage-1.20.1-47.4.10.jar is missing mods.toml file
[18:06:46] [main/DEBUG] [ne.mi.fm.lo.mo.ModFileParser/LOADING]: Considering mod file candidate C:\Users\Blue Lotus Coding\.gradle\caches\modules-2\files-2.1\net.minecraftforge\mclanguage\1.20.1-47.4.10\ec5cefbbc65c67302b8fac317010faab85fa14b9\mclanguage-1.20.1-47.4.10.jar
[18:06:46] [main/WARN] [ne.mi.fm.lo.mo.ModFileParser/LOADING]: Mod file C:\Users\Blue Lotus Coding\.gradle\caches\modules-2\files-2.1\net.minecraftforge\mclanguage\1.20.1-47.4.10\ec5cefbbc65c67302b8fac317010faab85fa14b9\mclanguage-1.20.1-47.4.10.jar is missing mods.toml file
[18:06:46] [main/DEBUG] [ne.mi.fm.lo.mo.ModFileParser/LOADING]: Considering mod file candidate C:\Users\Blue Lotus Coding\.gradle\caches\modules-2\files-2.1\net.minecraftforge\fmlcore\1.20.1-47.4.10\94dae566be650566ea9115a1414ab76bfcf5a804\fmlcore-1.20.1-47.4.10.jar
[18:06:46] [main/WARN] [ne.mi.fm.lo.mo.ModFileParser/LOADING]: Mod file C:\Users\Blue Lotus Coding\.gradle\caches\modules-2\files-2.1\net.minecraftforge\fmlcore\1.20.1-47.4.10\94dae566be650566ea9115a1414ab76bfcf5a804\fmlcore-1.20.1-47.4.10.jar is missing mods.toml file
[18:06:46] [main/DEBUG] [ne.mi.fm.lo.mo.ModFileParser/LOADING]: Considering mod file candidate C:\Blue_Lotus_Global_ICM\repos\Eidolon-Unchained\build\resources\main
[18:06:46] [main/DEBUG] [ne.mi.fm.lo.mo.ModFileInfo/LOADING]: Found valid mod file main with {eidolonunchained} mods - versions {2.0.0-alpha.1}
[18:06:46] [main/DEBUG] [ne.mi.fm.lo.mo.ModFileParser/LOADING]: Considering mod file candidate /
[18:06:46] [main/DEBUG] [ne.mi.fm.lo.mo.ModFileInfo/LOADING]: Found valid mod file  with {forge} mods - versions {47.4.10}
[18:06:46] [main/DEBUG] [ne.mi.fm.lo.mo.ModFileParser/LOADING]: Considering mod file candidate C:\Users\Blue Lotus Coding\.gradle\caches\forge_gradle\deobf_dependencies\curse\maven\eidolon-repraised-870250\8723993_mapped_official_1.20.1\eidolon-repraised-870250-8723993_mapped_official_1.20.1.jar
[18:06:46] [main/DEBUG] [ne.mi.fm.lo.mo.ModFileInfo/LOADING]: Found valid mod file eidolon-repraised-870250-8723993_mapped_official_1.20.1.jar with {eidolon} mods - versions {0.3.13}
[18:06:46] [main/DEBUG] [ne.mi.fm.lo.mo.ModFileParser/LOADING]: Considering mod file candidate C:\Users\Blue Lotus Coding\.gradle\caches\forge_gradle\deobf_dependencies\dev\latvian\mods\kubejs-forge\2001.6.5-build.26_mapped_official_1.20.1\kubejs-forge-2001.6.5-build.26_mapped_official_1.20.1.jar
[18:06:46] [main/DEBUG] [ne.mi.fm.lo.mo.ModFileInfo/LOADING]: Found valid mod file kubejs-forge-2001.6.5-build.26_mapped_official_1.20.1.jar with {kubejs} mods - versions {2001.6.5-build.26}
[18:06:46] [main/DEBUG] [ne.mi.fm.lo.mo.ModFileParser/LOADING]: Considering mod file candidate C:\Users\Blue Lotus Coding\.gradle\caches\forge_gradle\deobf_dependencies\dev\latvian\mods\rhino-forge\2001.2.3-build.10_mapped_official_1.20.1\rhino-forge-2001.2.3-build.10_mapped_official_1.20.1.jar
[18:06:46] [main/DEBUG] [ne.mi.fm.lo.mo.ModFileInfo/LOADING]: Found valid mod file rhino-forge-2001.2.3-build.10_mapped_official_1.20.1.jar with {rhino} mods - versions {2001.2.3-build.10}
[18:06:46] [main/DEBUG] [ne.mi.fm.lo.mo.ModFileParser/LOADING]: Considering mod file candidate C:\Users\Blue Lotus Coding\.gradle\caches\forge_gradle\deobf_dependencies\dev\architectury\architectury-forge\9.1.12_mapped_official_1.20.1\architectury-forge-9.1.12_mapped_official_1.20.1.jar
[18:06:46] [main/DEBUG] [ne.mi.fm.lo.mo.ModFileInfo/LOADING]: Found valid mod file architectury-forge-9.1.12_mapped_official_1.20.1.jar with {architectury} mods - versions {9.1.12}
[18:06:46] [main/DEBUG] [ne.mi.fm.lo.mo.ModFileParser/LOADING]: Considering mod file candidate C:\Users\Blue Lotus Coding\.gradle\caches\forge_gradle\deobf_dependencies\software\bernie\geckolib\geckolib-forge-1.20.1\4.8.4_mapped_official_1.20.1\geckolib-forge-1.20.1-4.8.4_mapped_official_1.20.1.jar
[18:06:46] [main/DEBUG] [ne.mi.fm.lo.mo.ModFileInfo/LOADING]: Found valid mod file geckolib-forge-1.20.1-4.8.4_mapped_official_1.20.1.jar with {geckolib} mods - versions {4.8.4}
[18:06:46] [main/DEBUG] [ne.mi.fm.lo.mo.ModFileParser/LOADING]: Considering mod file candidate C:\Users\Blue Lotus Coding\.gradle\caches\forge_gradle\deobf_dependencies\top\theillusivec4\curios\curios-forge\5.14.1+1.20.1_mapped_official_1.20.1\curios-forge-5.14.1+1.20.1_mapped_official_1.20.1.jar
[18:06:46] [main/DEBUG] [ne.mi.fm.lo.mo.ModFileInfo/LOADING]: Found valid mod file curios-forge-5.14.1+1.20.1_mapped_official_1.20.1.jar with {curios} mods - versions {5.14.1+1.20.1}
[18:06:46] [main/DEBUG] [ne.mi.fm.lo.mo.ModFileParser/LOADING]: Considering mod file candidate C:\Users\Blue Lotus Coding\.gradle\caches\forge_gradle\deobf_dependencies\curse\maven\eidolon-repraised-870250\8723993_mapped_official_1.20.1\eidolon-repraised-870250-8723993_mapped_official_1.20.1.jar
[18:06:46] [main/DEBUG] [ne.mi.fm.lo.mo.ModFileInfo/LOADING]: Found valid mod file eidolon-repraised-870250-8723993_mapped_official_1.20.1.jar with {eidolon} mods - versions {0.3.13}
[18:06:46] [main/DEBUG] [ne.mi.fm.lo.mo.ModFileParser/LOADING]: Considering mod file candidate C:\Users\Blue Lotus Coding\.gradle\caches\forge_gradle\deobf_dependencies\dev\latvian\mods\kubejs-forge\2001.6.5-build.26_mapped_official_1.20.1\kubejs-forge-2001.6.5-build.26_mapped_official_1.20.1.jar
[18:06:46] [main/DEBUG] [ne.mi.fm.lo.mo.ModFileInfo/LOADING]: Found valid mod file kubejs-forge-2001.6.5-build.26_mapped_official_1.20.1.jar with {kubejs} mods - versions {2001.6.5-build.26}
[18:06:46] [main/DEBUG] [ne.mi.fm.lo.mo.ModFileParser/LOADING]: Considering mod file candidate C:\Users\Blue Lotus Coding\.gradle\caches\forge_gradle\deobf_dependencies\dev\latvian\mods\rhino-forge\2001.2.3-build.10_mapped_official_1.20.1\rhino-forge-2001.2.3-build.10_mapped_official_1.20.1.jar
[18:06:46] [main/DEBUG] [ne.mi.fm.lo.mo.ModFileInfo/LOADING]: Found valid mod file rhino-forge-2001.2.3-build.10_mapped_official_1.20.1.jar with {rhino} mods - versions {2001.2.3-build.10}
[18:06:46] [main/DEBUG] [ne.mi.fm.lo.mo.ModFileParser/LOADING]: Considering mod file candidate C:\Users\Blue Lotus Coding\.gradle\caches\forge_gradle\deobf_dependencies\dev\architectury\architectury-forge\9.1.12_mapped_official_1.20.1\architectury-forge-9.1.12_mapped_official_1.20.1.jar
[18:06:46] [main/DEBUG] [ne.mi.fm.lo.mo.ModFileInfo/LOADING]: Found valid mod file architectury-forge-9.1.12_mapped_official_1.20.1.jar with {architectury} mods - versions {9.1.12}
[18:06:46] [main/DEBUG] [ne.mi.fm.lo.mo.ModFileParser/LOADING]: Considering mod file candidate C:\Users\Blue Lotus Coding\.gradle\caches\forge_gradle\deobf_dependencies\software\bernie\geckolib\geckolib-forge-1.20.1\4.8.4_mapped_official_1.20.1\geckolib-forge-1.20.1-4.8.4_mapped_official_1.20.1.jar
[18:06:46] [main/DEBUG] [ne.mi.fm.lo.mo.ModFileInfo/LOADING]: Found valid mod file geckolib-forge-1.20.1-4.8.4_mapped_official_1.20.1.jar with {geckolib} mods - versions {4.8.4}
[18:06:46] [main/DEBUG] [ne.mi.fm.lo.mo.ModFileParser/LOADING]: Considering mod file candidate C:\Users\Blue Lotus Coding\.gradle\caches\forge_gradle\deobf_dependencies\top\theillusivec4\curios\curios-forge\5.14.1+1.20.1_mapped_official_1.20.1\curios-forge-5.14.1+1.20.1_mapped_official_1.20.1.jar
[18:06:46] [main/DEBUG] [ne.mi.fm.lo.mo.ModFileInfo/LOADING]: Found valid mod file curios-forge-5.14.1+1.20.1_mapped_official_1.20.1.jar with {curios} mods - versions {5.14.1+1.20.1}
[18:06:46] [main/DEBUG] [ne.mi.fm.lo.UniqueModListBuilder/]: Found 2 mods for first modid rhino, selecting most recent based on version data
[18:06:46] [main/DEBUG] [ne.mi.fm.lo.UniqueModListBuilder/]: Selected file rhino-forge-2001.2.3-build.10_mapped_official_1.20.1.jar for modid rhino with version 2001.2.3-build.10
[18:06:46] [main/DEBUG] [ne.mi.fm.lo.UniqueModListBuilder/]: Found 2 mods for first modid kubejs, selecting most recent based on version data
[18:06:46] [main/DEBUG] [ne.mi.fm.lo.UniqueModListBuilder/]: Selected file kubejs-forge-2001.6.5-build.26_mapped_official_1.20.1.jar for modid kubejs with version 2001.6.5-build.26
[18:06:46] [main/DEBUG] [ne.mi.fm.lo.UniqueModListBuilder/]: Found 2 mods for first modid curios, selecting most recent based on version data
[18:06:46] [main/DEBUG] [ne.mi.fm.lo.UniqueModListBuilder/]: Selected file curios-forge-5.14.1+1.20.1_mapped_official_1.20.1.jar for modid curios with version 5.14.1+1.20.1
[18:06:46] [main/DEBUG] [ne.mi.fm.lo.UniqueModListBuilder/]: Found 2 mods for first modid geckolib, selecting most recent based on version data
[18:06:46] [main/DEBUG] [ne.mi.fm.lo.UniqueModListBuilder/]: Selected file geckolib-forge-1.20.1-4.8.4_mapped_official_1.20.1.jar for modid geckolib with version 4.8.4
[18:06:46] [main/DEBUG] [ne.mi.fm.lo.UniqueModListBuilder/]: Found 2 mods for first modid architectury, selecting most recent based on version data
[18:06:46] [main/DEBUG] [ne.mi.fm.lo.UniqueModListBuilder/]: Selected file architectury-forge-9.1.12_mapped_official_1.20.1.jar for modid architectury with version 9.1.12
[18:06:46] [main/DEBUG] [ne.mi.fm.lo.UniqueModListBuilder/]: Found 2 mods for first modid eidolon, selecting most recent based on version data
[18:06:46] [main/DEBUG] [ne.mi.fm.lo.UniqueModListBuilder/]: Selected file eidolon-repraised-870250-8723993_mapped_official_1.20.1.jar for modid eidolon with version 0.3.13
[18:06:46] [main/DEBUG] [ne.mi.fm.lo.mo.AbstractJarFileDependencyLocator/]: Failed to load resource META-INF\jarjar\metadata.json from forge-1.20.1-47.4.10_mapped_official_1.20.1.jar, it does not contain dependency information.
[18:06:46] [main/DEBUG] [ne.mi.fm.lo.mo.AbstractJarFileDependencyLocator/]: Failed to load resource META-INF\jarjar\metadata.json from rhino-forge-2001.2.3-build.10_mapped_official_1.20.1.jar, it does not contain dependency information.
[18:06:46] [main/DEBUG] [ne.mi.fm.lo.mo.AbstractJarFileDependencyLocator/]: Failed to load resource META-INF\jarjar\metadata.json from main, it does not contain dependency information.
[18:06:46] [main/DEBUG] [ne.mi.fm.lo.mo.AbstractJarFileDependencyLocator/]: Failed to load resource META-INF\jarjar\metadata.json from , it does not contain dependency information.
[18:06:46] [main/DEBUG] [ne.mi.fm.lo.mo.AbstractJarFileDependencyLocator/]: Failed to load resource META-INF\jarjar\metadata.json from curios-forge-5.14.1+1.20.1_mapped_official_1.20.1.jar, it does not contain dependency information.
[18:06:46] [main/DEBUG] [ne.mi.fm.lo.mo.AbstractJarFileDependencyLocator/]: Failed to load resource META-INF\jarjar\metadata.json from architectury-forge-9.1.12_mapped_official_1.20.1.jar, it does not contain dependency information.
[18:06:46] [main/DEBUG] [ne.mi.fm.lo.mo.AbstractJarFileDependencyLocator/]: Failed to load resource META-INF\jarjar\metadata.json from eidolon-repraised-870250-8723993_mapped_official_1.20.1.jar, it does not contain dependency information.
[18:06:46] [main/DEBUG] [ne.mi.fm.lo.mo.AbstractJarFileDependencyLocator/]: Failed to load resource META-INF\jarjar\metadata.json from mclanguage-1.20.1-47.4.10.jar, it does not contain dependency information.
[18:06:46] [main/DEBUG] [ne.mi.fm.lo.mo.AbstractJarFileDependencyLocator/]: Failed to load resource META-INF\jarjar\metadata.json from javafmllanguage-1.20.1-47.4.10.jar, it does not contain dependency information.
[18:06:46] [main/DEBUG] [ne.mi.fm.lo.mo.AbstractJarFileDependencyLocator/]: Failed to load resource META-INF\jarjar\metadata.json from fmlcore-1.20.1-47.4.10.jar, it does not contain dependency information.
[18:06:46] [main/DEBUG] [ne.mi.fm.lo.mo.AbstractJarFileDependencyLocator/]: Failed to load resource META-INF\jarjar\metadata.json from lowcodelanguage-1.20.1-47.4.10.jar, it does not contain dependency information.
[18:06:46] [main/DEBUG] [ne.mi.fm.lo.mo.ModFileParser/LOADING]: Considering mod file candidate 
[18:06:46] [main/DEBUG] [ne.mi.fm.lo.mo.ModFileInfo/LOADING]: Found valid mod file mixinextras-forge-0.2.0-rc.2.jar with {mixinextras} mods - versions {0.2.0-rc.2}
[18:06:46] [main/DEBUG] [ne.mi.fm.lo.mo.AbstractJarFileDependencyLocator/]: Failed to load resource META-INF\jarjar\metadata.json from mclib-20.jar, it does not contain dependency information.
[18:06:46] [main/DEBUG] [ne.mi.fm.lo.mo.AbstractJarFileDependencyLocator/]: Failed to load resource META-INF\jarjar\metadata.json from MixinExtras-0.2.0-rc.2.jar, it does not contain dependency information.
[18:06:46] [main/DEBUG] [ne.mi.fm.lo.mo.ModFileParser/LOADING]: Considering mod file candidate 
[18:06:46] [main/DEBUG] [ne.mi.fm.lo.mo.ModFileInfo/LOADING]: Found valid mod file mixinextras-forge-0.2.0-rc.2.jar with {mixinextras} mods - versions {0.2.0-rc.2}
[18:06:46] [main/INFO] [ne.mi.fm.lo.mo.JarInJarDependencyLocator/]: Found 3 dependencies adding them to mods collection
[18:06:46] [main/DEBUG] [ne.mi.fm.lo.mo.ModFileInfo/LOADING]: Found valid mod file forge-1.20.1-47.4.10_mapped_official_1.20.1.jar with {minecraft} mods - versions {1.20.1}
[18:06:46] [main/DEBUG] [ne.mi.fm.lo.mo.ModFile/LOADING]: Loading mod file C:\Users\Blue Lotus Coding\.gradle\caches\forge_gradle\minecraft_user_repo\net\minecraftforge\forge\1.20.1-47.4.10_mapped_official_1.20.1\forge-1.20.1-47.4.10_mapped_official_1.20.1.jar with languages [LanguageSpec[languageName=minecraft, acceptedVersions=1]]
[18:06:46] [main/DEBUG] [ne.mi.fm.lo.mo.ModFileParser/LOADING]: Considering mod file candidate C:\Blue_Lotus_Global_ICM\repos\Eidolon-Unchained\build\resources\main
[18:06:46] [main/DEBUG] [ne.mi.fm.lo.mo.ModFileInfo/LOADING]: Found valid mod file main with {eidolonunchained} mods - versions {2.0.0-alpha.1}
[18:06:46] [main/DEBUG] [ne.mi.fm.lo.mo.ModFile/LOADING]: Loading mod file C:\Blue_Lotus_Global_ICM\repos\Eidolon-Unchained\build\resources\main with languages [LanguageSpec[languageName=javafml, acceptedVersions=[47,)]]
[18:06:46] [main/DEBUG] [ne.mi.fm.lo.mo.ModFileParser/LOADING]: Considering mod file candidate C:\Users\Blue Lotus Coding\.gradle\caches\forge_gradle\deobf_dependencies\dev\latvian\mods\kubejs-forge\2001.6.5-build.26_mapped_official_1.20.1\kubejs-forge-2001.6.5-build.26_mapped_official_1.20.1.jar
[18:06:46] [main/DEBUG] [ne.mi.fm.lo.mo.ModFileInfo/LOADING]: Found valid mod file kubejs-forge-2001.6.5-build.26_mapped_official_1.20.1.jar with {kubejs} mods - versions {2001.6.5-build.26}
[18:06:46] [main/DEBUG] [ne.mi.fm.lo.mo.ModFile/LOADING]: Loading mod file C:\Users\Blue Lotus Coding\.gradle\caches\forge_gradle\deobf_dependencies\dev\latvian\mods\kubejs-forge\2001.6.5-build.26_mapped_official_1.20.1\kubejs-forge-2001.6.5-build.26_mapped_official_1.20.1.jar with languages [LanguageSpec[languageName=javafml, acceptedVersions=[47,)]]
[18:06:46] [main/DEBUG] [ne.mi.fm.lo.mo.ModFileParser/LOADING]: Considering mod file candidate C:\Users\Blue Lotus Coding\.gradle\caches\forge_gradle\deobf_dependencies\dev\latvian\mods\rhino-forge\2001.2.3-build.10_mapped_official_1.20.1\rhino-forge-2001.2.3-build.10_mapped_official_1.20.1.jar
[18:06:46] [main/DEBUG] [ne.mi.fm.lo.mo.ModFileInfo/LOADING]: Found valid mod file rhino-forge-2001.2.3-build.10_mapped_official_1.20.1.jar with {rhino} mods - versions {2001.2.3-build.10}
[18:06:46] [main/DEBUG] [ne.mi.fm.lo.mo.ModFile/LOADING]: Loading mod file C:\Users\Blue Lotus Coding\.gradle\caches\forge_gradle\deobf_dependencies\dev\latvian\mods\rhino-forge\2001.2.3-build.10_mapped_official_1.20.1\rhino-forge-2001.2.3-build.10_mapped_official_1.20.1.jar with languages [LanguageSpec[languageName=javafml, acceptedVersions=[38,)]]
[18:06:46] [main/DEBUG] [ne.mi.fm.lo.mo.ModFileParser/LOADING]: Considering mod file candidate /
[18:06:46] [main/DEBUG] [ne.mi.fm.lo.mo.ModFileInfo/LOADING]: Found valid mod file  with {forge} mods - versions {47.4.10}
[18:06:46] [main/DEBUG] [ne.mi.fm.lo.mo.ModFile/LOADING]: Loading mod file / with languages [LanguageSpec[languageName=javafml, acceptedVersions=[24,]]]
[18:06:46] [main/DEBUG] [ne.mi.fm.lo.mo.ModFileParser/LOADING]: Found coremod field_to_method with Javascript path coremods/field_to_method.js
[18:06:46] [main/DEBUG] [ne.mi.fm.lo.mo.ModFileParser/LOADING]: Found coremod field_to_instanceof with Javascript path coremods/field_to_instanceof.js
[18:06:46] [main/DEBUG] [ne.mi.fm.lo.mo.ModFileParser/LOADING]: Found coremod add_bouncer_method with Javascript path coremods/add_bouncer_method.js
[18:06:46] [main/DEBUG] [ne.mi.fm.lo.mo.ModFileParser/LOADING]: Found coremod method_redirector with Javascript path coremods/method_redirector.js
[18:06:46] [main/DEBUG] [ne.mi.fm.lo.mo.ModFile/LOADING]: Found coremod coremods/field_to_method.js
[18:06:46] [main/DEBUG] [ne.mi.fm.lo.mo.ModFile/LOADING]: Found coremod coremods/field_to_instanceof.js
[18:06:46] [main/DEBUG] [ne.mi.fm.lo.mo.ModFile/LOADING]: Found coremod coremods/add_bouncer_method.js
[18:06:46] [main/DEBUG] [ne.mi.fm.lo.mo.ModFile/LOADING]: Found coremod coremods/method_redirector.js
[18:06:46] [main/DEBUG] [ne.mi.fm.lo.mo.ModFileParser/LOADING]: Considering mod file candidate C:\Users\Blue Lotus Coding\.gradle\caches\forge_gradle\deobf_dependencies\top\theillusivec4\curios\curios-forge\5.14.1+1.20.1_mapped_official_1.20.1\curios-forge-5.14.1+1.20.1_mapped_official_1.20.1.jar
[18:06:46] [main/DEBUG] [ne.mi.fm.lo.mo.ModFileInfo/LOADING]: Found valid mod file curios-forge-5.14.1+1.20.1_mapped_official_1.20.1.jar with {curios} mods - versions {5.14.1+1.20.1}
[18:06:46] [main/DEBUG] [ne.mi.fm.lo.mo.ModFile/LOADING]: Loading mod file C:\Users\Blue Lotus Coding\.gradle\caches\forge_gradle\deobf_dependencies\top\theillusivec4\curios\curios-forge\5.14.1+1.20.1_mapped_official_1.20.1\curios-forge-5.14.1+1.20.1_mapped_official_1.20.1.jar with languages [LanguageSpec[languageName=javafml, acceptedVersions=[41,)]]
[18:06:46] [main/DEBUG] [ne.mi.fm.lo.mo.ModFileParser/LOADING]: Considering mod file candidate C:\Users\Blue Lotus Coding\.gradle\caches\forge_gradle\deobf_dependencies\software\bernie\geckolib\geckolib-forge-1.20.1\4.8.4_mapped_official_1.20.1\geckolib-forge-1.20.1-4.8.4_mapped_official_1.20.1.jar
[18:06:46] [main/DEBUG] [ne.mi.fm.lo.mo.ModFileInfo/LOADING]: Found valid mod file geckolib-forge-1.20.1-4.8.4_mapped_official_1.20.1.jar with {geckolib} mods - versions {4.8.4}
[18:06:46] [main/DEBUG] [ne.mi.fm.lo.mo.ModFile/LOADING]: Loading mod file C:\Users\Blue Lotus Coding\.gradle\caches\forge_gradle\deobf_dependencies\software\bernie\geckolib\geckolib-forge-1.20.1\4.8.4_mapped_official_1.20.1\geckolib-forge-1.20.1-4.8.4_mapped_official_1.20.1.jar with languages [LanguageSpec[languageName=javafml, acceptedVersions=[47,)]]
[18:06:46] [main/DEBUG] [ne.mi.fm.lo.mo.ModFileParser/LOADING]: Considering mod file candidate C:\Users\Blue Lotus Coding\.gradle\caches\forge_gradle\deobf_dependencies\curse\maven\eidolon-repraised-870250\8723993_mapped_official_1.20.1\eidolon-repraised-870250-8723993_mapped_official_1.20.1.jar
[18:06:46] [main/DEBUG] [ne.mi.fm.lo.mo.ModFileInfo/LOADING]: Found valid mod file eidolon-repraised-870250-8723993_mapped_official_1.20.1.jar with {eidolon} mods - versions {0.3.13}
[18:06:46] [main/DEBUG] [ne.mi.fm.lo.mo.ModFile/LOADING]: Loading mod file C:\Users\Blue Lotus Coding\.gradle\caches\forge_gradle\deobf_dependencies\curse\maven\eidolon-repraised-870250\8723993_mapped_official_1.20.1\eidolon-repraised-870250-8723993_mapped_official_1.20.1.jar with languages [LanguageSpec[languageName=javafml, acceptedVersions=[42,)]]
[18:06:46] [main/DEBUG] [ne.mi.fm.lo.mo.ModFileParser/LOADING]: Considering mod file candidate C:\Users\Blue Lotus Coding\.gradle\caches\forge_gradle\deobf_dependencies\dev\architectury\architectury-forge\9.1.12_mapped_official_1.20.1\architectury-forge-9.1.12_mapped_official_1.20.1.jar
[18:06:46] [main/DEBUG] [ne.mi.fm.lo.mo.ModFileInfo/LOADING]: Found valid mod file architectury-forge-9.1.12_mapped_official_1.20.1.jar with {architectury} mods - versions {9.1.12}
[18:06:46] [main/DEBUG] [ne.mi.fm.lo.mo.ModFile/LOADING]: Loading mod file C:\Users\Blue Lotus Coding\.gradle\caches\forge_gradle\deobf_dependencies\dev\architectury\architectury-forge\9.1.12_mapped_official_1.20.1\architectury-forge-9.1.12_mapped_official_1.20.1.jar with languages [LanguageSpec[languageName=javafml, acceptedVersions=[46,)]]
[18:06:46] [main/DEBUG] [ne.mi.fm.lo.mo.ModFile/LOADING]: Loading mod file  with languages []
[18:06:46] [main/DEBUG] [ne.mi.fm.lo.mo.ModFileParser/LOADING]: Considering mod file candidate 
[18:06:46] [main/DEBUG] [ne.mi.fm.lo.mo.ModFileInfo/LOADING]: Found valid mod file mixinextras-forge-0.2.0-rc.2.jar with {mixinextras} mods - versions {0.2.0-rc.2}
[18:06:46] [main/DEBUG] [ne.mi.fm.lo.mo.ModFile/LOADING]: Loading mod file  with languages [LanguageSpec[languageName=javafml, acceptedVersions=*]]
[18:06:46] [main/DEBUG] [ne.mi.fm.lo.mo.ModFile/LOADING]: Loading mod file  with languages []
[18:06:46] [main/DEBUG] [ne.mi.fm.lo.mo.ModFile/LOADING]: Loading mod file  with languages []
[18:06:46] [main/DEBUG] [ne.mi.fm.lo.mo.ModFileParser/LOADING]: Considering mod file candidate 
[18:06:46] [main/DEBUG] [ne.mi.fm.lo.mo.ModFileInfo/LOADING]: Found valid mod file mixinextras-forge-0.2.0-rc.2.jar with {mixinextras} mods - versions {0.2.0-rc.2}
[18:06:46] [main/DEBUG] [ne.mi.fm.lo.mo.ModFile/LOADING]: Loading mod file  with languages [LanguageSpec[languageName=javafml, acceptedVersions=*]]
[18:06:46] [main/DEBUG] [ne.mi.fm.lo.mo.ModFile/LOADING]: Loading mod file  with languages []
[18:06:46] [main/DEBUG] [cp.mo.mo.TransformationServiceDecorator/MODLAUNCHER]: End scan trigger - transformation service fml
[18:06:46] [main/DEBUG] [ne.mi.fm.lo.LanguageLoadingProvider/CORE]: Found 3 language providers
[18:06:46] [main/DEBUG] [ne.mi.fm.lo.LanguageLoadingProvider/CORE]: Found language provider minecraft, version 1.0
[18:06:46] [main/DEBUG] [ne.mi.fm.lo.LanguageLoadingProvider/CORE]: Found language provider lowcodefml, version 47
[18:06:46] [main/DEBUG] [ne.mi.fm.lo.LanguageLoadingProvider/CORE]: Found language provider javafml, version 47
[18:06:46] [main/DEBUG] [ne.mi.fm.lo.UniqueModListBuilder/]: Found 2 mods for first modid mclib, selecting most recent based on version data
[18:06:46] [main/DEBUG] [ne.mi.fm.lo.UniqueModListBuilder/]: Selected file mclib-20.jar for modid mclib with version 0.0NONE
[18:06:46] [main/DEBUG] [ne.mi.fm.lo.UniqueModListBuilder/]: Found 2 mods for first modid mixinextras, selecting most recent based on version data
[18:06:46] [main/DEBUG] [ne.mi.fm.lo.UniqueModListBuilder/]: Selected file mixinextras-forge-0.2.0-rc.2.jar for modid mixinextras with version 0.2.0-rc.2
[18:06:46] [main/DEBUG] [ne.mi.fm.lo.UniqueModListBuilder/]: Found 2 mods for first modid MixinExtras.rc._2, selecting most recent based on version data
[18:06:46] [main/DEBUG] [ne.mi.fm.lo.UniqueModListBuilder/]: Selected file MixinExtras-0.2.0-rc.2.jar for modid MixinExtras.rc._2 with version 0.0NONE
[18:06:46] [main/DEBUG] [ne.mi.fm.lo.ModSorter/]: Configured system mods: [minecraft, forge]
[18:06:46] [main/DEBUG] [ne.mi.fm.lo.ModSorter/]: Found system mod: minecraft
[18:06:46] [main/DEBUG] [ne.mi.fm.lo.ModSorter/]: Found system mod: forge
[18:06:46] [main/DEBUG] [ne.mi.fm.lo.ModSorter/LOADING]: Found 21 mod requirements (17 mandatory, 4 optional)
[18:06:46] [main/DEBUG] [ne.mi.fm.lo.ModSorter/LOADING]: Found 0 mod requirements missing (0 mandatory, 0 optional)
[18:06:47] [main/DEBUG] [ne.mi.fm.lo.MCPNamingService/CORE]: Loaded 33222 method mappings from methods.csv
[18:06:47] [main/DEBUG] [ne.mi.fm.lo.MCPNamingService/CORE]: Loaded 31003 field mappings from fields.csv
[18:06:47] [main/DEBUG] [cp.mo.mo.TransformationServicesHandler/MODLAUNCHER]: Transformation services loading transformers
[18:06:47] [main/DEBUG] [cp.mo.mo.TransformationServiceDecorator/MODLAUNCHER]: Initializing transformers for transformation service mixin
[18:06:47] [main/DEBUG] [cp.mo.mo.TransformationServiceDecorator/MODLAUNCHER]: Initialized transformers for transformation service mixin
[18:06:47] [main/DEBUG] [cp.mo.mo.TransformationServiceDecorator/MODLAUNCHER]: Initializing transformers for transformation service fml
[18:06:47] [main/DEBUG] [ne.mi.fm.lo.FMLServiceProvider/CORE]: Loading coremod transformers
[18:06:47] [main/DEBUG] [ne.mi.co.CoreModEngine/COREMOD]: Loading CoreMod from coremods/field_to_method.js
[18:06:47] [main/DEBUG] [ne.mi.co.CoreModEngine/COREMOD]: CoreMod loaded successfully
[18:06:47] [main/DEBUG] [ne.mi.co.CoreModEngine/COREMOD]: Loading CoreMod from coremods/field_to_instanceof.js
[18:06:47] [main/DEBUG] [ne.mi.co.CoreModEngine/COREMOD]: CoreMod loaded successfully
[18:06:47] [main/DEBUG] [ne.mi.co.CoreModEngine/COREMOD]: Loading CoreMod from coremods/add_bouncer_method.js
[18:06:47] [main/DEBUG] [ne.mi.co.CoreModEngine/COREMOD]: CoreMod loaded successfully
[18:06:47] [main/DEBUG] [ne.mi.co.CoreModEngine/COREMOD]: Loading CoreMod from coremods/method_redirector.js
[18:06:47] [main/DEBUG] [ne.mi.co.CoreModEngine/COREMOD]: CoreMod loaded successfully
[18:06:47] [main/DEBUG] [cp.mo.mo.TransformStore/MODLAUNCHER]: Adding transformer net.minecraftforge.coremod.transformer.CoreModClassTransformer@421def93 to Target : CLASS {Lnet/minecraft/world/level/biome/Biome;} {} {V}
[18:06:47] [main/DEBUG] [cp.mo.mo.TransformStore/MODLAUNCHER]: Adding transformer net.minecraftforge.coremod.transformer.CoreModClassTransformer@7e307087 to Target : CLASS {Lnet/minecraft/world/level/levelgen/structure/Structure;} {} {V}
[18:06:47] [main/DEBUG] [cp.mo.mo.TransformStore/MODLAUNCHER]: Adding transformer net.minecraftforge.coremod.transformer.CoreModClassTransformer@1220ef43 to Target : CLASS {Lnet/minecraft/world/effect/MobEffectInstance;} {} {V}
[18:06:47] [main/DEBUG] [cp.mo.mo.TransformStore/MODLAUNCHER]: Adding transformer net.minecraftforge.coremod.transformer.CoreModClassTransformer@1a8b81e8 to Target : CLASS {Lnet/minecraft/world/level/block/LiquidBlock;} {} {V}
[18:06:47] [main/DEBUG] [cp.mo.mo.TransformStore/MODLAUNCHER]: Adding transformer net.minecraftforge.coremod.transformer.CoreModClassTransformer@234cff57 to Target : CLASS {Lnet/minecraft/world/item/BucketItem;} {} {V}
[18:06:47] [main/DEBUG] [cp.mo.mo.TransformStore/MODLAUNCHER]: Adding transformer net.minecraftforge.coremod.transformer.CoreModClassTransformer@5e8507f1 to Target : CLASS {Lnet/minecraft/world/level/block/StairBlock;} {} {V}
[18:06:47] [main/DEBUG] [cp.mo.mo.TransformStore/MODLAUNCHER]: Adding transformer net.minecraftforge.coremod.transformer.CoreModClassTransformer@4bcaa195 to Target : CLASS {Lnet/minecraft/world/level/block/FlowerPotBlock;} {} {V}
[18:06:47] [main/DEBUG] [cp.mo.mo.TransformStore/MODLAUNCHER]: Adding transformer net.minecraftforge.coremod.transformer.CoreModClassTransformer@d08edc5 to Target : CLASS {Lnet/minecraft/world/item/ItemStack;} {} {V}
[18:06:47] [main/DEBUG] [cp.mo.mo.TransformStore/MODLAUNCHER]: Adding transformer net.minecraftforge.coremod.transformer.CoreModClassTransformer@49fa1d74 to Target : CLASS {Lnet/minecraft/network/play/client/CClientSettingsPacket;} {} {V}
[18:06:47] [main/DEBUG] [cp.mo.mo.TransformStore/MODLAUNCHER]: Adding transformer net.minecraftforge.coremod.transformer.CoreModClassTransformer@3f362135 to Target : CLASS {Lnet/minecraft/server/commands/RaidCommand;} {} {V}
[18:06:47] [main/DEBUG] [cp.mo.mo.TransformStore/MODLAUNCHER]: Adding transformer net.minecraftforge.coremod.transformer.CoreModClassTransformer@3f362135 to Target : CLASS {Lnet/minecraft/world/entity/npc/Villager;} {} {V}
[18:06:47] [main/DEBUG] [cp.mo.mo.TransformStore/MODLAUNCHER]: Adding transformer net.minecraftforge.coremod.transformer.CoreModClassTransformer@3f362135 to Target : CLASS {Lnet/minecraft/world/level/levelgen/structure/structures/OceanRuinPieces$OceanRuinPiece;} {} {V}
[18:06:47] [main/DEBUG] [cp.mo.mo.TransformStore/MODLAUNCHER]: Adding transformer net.minecraftforge.coremod.transformer.CoreModClassTransformer@3f362135 to Target : CLASS {Lnet/minecraft/world/entity/animal/frog/Tadpole;} {} {V}
[18:06:47] [main/DEBUG] [cp.mo.mo.TransformStore/MODLAUNCHER]: Adding transformer net.minecraftforge.coremod.transformer.CoreModClassTransformer@3f362135 to Target : CLASS {Lnet/minecraft/world/level/levelgen/structure/structures/SwampHutPiece;} {} {V}
[18:06:47] [main/DEBUG] [cp.mo.mo.TransformStore/MODLAUNCHER]: Adding transformer net.minecraftforge.coremod.transformer.CoreModClassTransformer@3f362135 to Target : CLASS {Lnet/minecraft/server/commands/SummonCommand;} {} {V}
[18:06:47] [main/DEBUG] [cp.mo.mo.TransformStore/MODLAUNCHER]: Adding transformer net.minecraftforge.coremod.transformer.CoreModClassTransformer@3f362135 to Target : CLASS {Lnet/minecraft/world/entity/animal/horse/SkeletonTrapGoal;} {} {V}
[18:06:47] [main/DEBUG] [cp.mo.mo.TransformStore/MODLAUNCHER]: Adding transformer net.minecraftforge.coremod.transformer.CoreModClassTransformer@3f362135 to Target : CLASS {Lnet/minecraft/world/level/levelgen/structure/structures/WoodlandMansionPieces$WoodlandMansionPiece;} {} {V}
[18:06:47] [main/DEBUG] [cp.mo.mo.TransformStore/MODLAUNCHER]: Adding transformer net.minecraftforge.coremod.transformer.CoreModClassTransformer@3f362135 to Target : CLASS {Lnet/minecraft/world/level/levelgen/structure/structures/OceanMonumentPieces$OceanMonumentPiece;} {} {V}
[18:06:47] [main/DEBUG] [cp.mo.mo.TransformStore/MODLAUNCHER]: Adding transformer net.minecraftforge.coremod.transformer.CoreModClassTransformer@3f362135 to Target : CLASS {Lnet/minecraft/world/level/levelgen/structure/templatesystem/StructureTemplate;} {} {V}
[18:06:47] [main/DEBUG] [cp.mo.mo.TransformStore/MODLAUNCHER]: Adding transformer net.minecraftforge.coremod.transformer.CoreModClassTransformer@3f362135 to Target : CLASS {Lnet/minecraft/world/entity/monster/ZombieVillager;} {} {V}
[18:06:47] [main/DEBUG] [cp.mo.mo.TransformStore/MODLAUNCHER]: Adding transformer net.minecraftforge.coremod.transformer.CoreModClassTransformer@3f362135 to Target : CLASS {Lnet/minecraft/world/level/NaturalSpawner;} {} {V}
[18:06:47] [main/DEBUG] [cp.mo.mo.TransformStore/MODLAUNCHER]: Adding transformer net.minecraftforge.coremod.transformer.CoreModClassTransformer@3f362135 to Target : CLASS {Lnet/minecraft/world/level/levelgen/PatrolSpawner;} {} {V}
[18:06:47] [main/DEBUG] [cp.mo.mo.TransformStore/MODLAUNCHER]: Adding transformer net.minecraftforge.coremod.transformer.CoreModClassTransformer@3f362135 to Target : CLASS {Lnet/minecraft/world/entity/monster/Strider;} {} {V}
[18:06:47] [main/DEBUG] [cp.mo.mo.TransformStore/MODLAUNCHER]: Adding transformer net.minecraftforge.coremod.transformer.CoreModClassTransformer@3f362135 to Target : CLASS {Lnet/minecraft/world/entity/npc/CatSpawner;} {} {V}
[18:06:47] [main/DEBUG] [cp.mo.mo.TransformStore/MODLAUNCHER]: Adding transformer net.minecraftforge.coremod.transformer.CoreModClassTransformer@3f362135 to Target : CLASS {Lnet/minecraft/world/entity/ai/village/VillageSiege;} {} {V}
[18:06:47] [main/DEBUG] [cp.mo.mo.TransformStore/MODLAUNCHER]: Adding transformer net.minecraftforge.coremod.transformer.CoreModClassTransformer@3f362135 to Target : CLASS {Lnet/minecraft/world/entity/monster/Zombie;} {} {V}
[18:06:47] [main/DEBUG] [cp.mo.mo.TransformStore/MODLAUNCHER]: Adding transformer net.minecraftforge.coremod.transformer.CoreModClassTransformer@3f362135 to Target : CLASS {Lnet/minecraft/world/entity/monster/Evoker$EvokerSummonSpellGoal;} {} {V}
[18:06:47] [main/DEBUG] [cp.mo.mo.TransformStore/MODLAUNCHER]: Adding transformer net.minecraftforge.coremod.transformer.CoreModClassTransformer@3f362135 to Target : CLASS {Lnet/minecraft/world/entity/monster/Spider;} {} {V}
[18:06:47] [main/DEBUG] [cp.mo.mo.TransformStore/MODLAUNCHER]: Adding transformer net.minecraftforge.coremod.transformer.CoreModClassTransformer@3f362135 to Target : CLASS {Lnet/minecraft/world/entity/EntityType;} {} {V}
[18:06:47] [main/DEBUG] [cp.mo.mo.TransformStore/MODLAUNCHER]: Adding transformer net.minecraftforge.coremod.transformer.CoreModClassTransformer@3f362135 to Target : CLASS {Lnet/minecraft/world/entity/raid/Raid;} {} {V}
[18:06:47] [main/DEBUG] [cp.mo.mo.TransformStore/MODLAUNCHER]: Adding transformer net.minecraftforge.coremod.transformer.CoreModClassTransformer@3f362135 to Target : CLASS {Lnet/minecraft/world/level/levelgen/PhantomSpawner;} {} {V}
[18:06:47] [main/DEBUG] [cp.mo.mo.TransformationServiceDecorator/MODLAUNCHER]: Initialized transformers for transformation service fml
[18:06:48] [main/DEBUG] [mixin/]: Processing prepare() for PlatformAgent[MixinPlatformAgentDefault:ModLauncher Root Container(ModLauncher:4f56a0a2)]
[18:06:48] [main/DEBUG] [mixin/]: Processing launch tasks for PlatformAgent[MixinPlatformAgentDefault:ModLauncher Root Container(ModLauncher:4f56a0a2)]
[18:06:48] [main/DEBUG] [mixin/]: Adding mixin platform agents for container SecureJarResource(minecraft)
[18:06:48] [main/DEBUG] [mixin/]: Instancing new MixinPlatformAgentMinecraftForge for SecureJarResource(minecraft)
[18:06:48] [main/DEBUG] [mixin/]: MixinPlatformAgentMinecraftForge rejected container SecureJarResource(minecraft)
[18:06:48] [main/DEBUG] [mixin/]: Instancing new MixinPlatformAgentDefault for SecureJarResource(minecraft)
[18:06:48] [main/DEBUG] [mixin/]: MixinPlatformAgentDefault accepted container SecureJarResource(minecraft)
[18:06:48] [main/DEBUG] [mixin/]: Processing prepare() for PlatformAgent[MixinPlatformAgentDefault:SecureJarResource(minecraft)]
[18:06:48] [main/DEBUG] [mixin/]: Adding mixin platform agents for container SecureJarResource(mixinextras)
[18:06:48] [main/DEBUG] [mixin/]: Instancing new MixinPlatformAgentMinecraftForge for SecureJarResource(mixinextras)
[18:06:48] [main/DEBUG] [mixin/]: MixinPlatformAgentMinecraftForge rejected container SecureJarResource(mixinextras)
[18:06:48] [main/DEBUG] [mixin/]: Instancing new MixinPlatformAgentDefault for SecureJarResource(mixinextras)
[18:06:48] [main/DEBUG] [mixin/]: MixinPlatformAgentDefault accepted container SecureJarResource(mixinextras)
[18:06:48] [main/DEBUG] [mixin/]: Processing prepare() for PlatformAgent[MixinPlatformAgentDefault:SecureJarResource(mixinextras)]
[18:06:48] [main/DEBUG] [mixin/]: Registering mixin config: mixinextras.init.mixins.json
[18:06:48] [main/DEBUG] [mixin/]: Adding mixin platform agents for container SecureJarResource(rhino)
[18:06:48] [main/DEBUG] [mixin/]: Instancing new MixinPlatformAgentMinecraftForge for SecureJarResource(rhino)
[18:06:48] [main/DEBUG] [mixin/]: MixinPlatformAgentMinecraftForge rejected container SecureJarResource(rhino)
[18:06:48] [main/DEBUG] [mixin/]: Instancing new MixinPlatformAgentDefault for SecureJarResource(rhino)
[18:06:48] [main/DEBUG] [mixin/]: MixinPlatformAgentDefault accepted container SecureJarResource(rhino)
[18:06:48] [main/DEBUG] [mixin/]: Processing prepare() for PlatformAgent[MixinPlatformAgentDefault:SecureJarResource(rhino)]
[18:06:48] [main/DEBUG] [mixin/]: Registering mixin config: rhino-common.mixins.json
[18:06:48] [main/DEBUG] [mixin/]: Compatibility level JAVA_17 specified by rhino-common.mixins.json is higher than the maximum level supported by this version of mixin (JAVA_13).
[18:06:48] [main/INFO] [mixin/]: Compatibility level set to JAVA_17
[18:06:48] [main/DEBUG] [mixin/]: Adding mixin platform agents for container SecureJarResource(forge)
[18:06:48] [main/DEBUG] [mixin/]: Instancing new MixinPlatformAgentMinecraftForge for SecureJarResource(forge)
[18:06:48] [main/DEBUG] [mixin/]: MixinPlatformAgentMinecraftForge rejected container SecureJarResource(forge)
[18:06:48] [main/DEBUG] [mixin/]: Instancing new MixinPlatformAgentDefault for SecureJarResource(forge)
[18:06:48] [main/DEBUG] [mixin/]: MixinPlatformAgentDefault accepted container SecureJarResource(forge)
[18:06:48] [main/DEBUG] [mixin/]: Processing prepare() for PlatformAgent[MixinPlatformAgentDefault:SecureJarResource(forge)]
[18:06:48] [main/DEBUG] [mixin/]: Adding mixin platform agents for container SecureJarResource(curios)
[18:06:48] [main/DEBUG] [mixin/]: Instancing new MixinPlatformAgentMinecraftForge for SecureJarResource(curios)
[18:06:48] [main/DEBUG] [mixin/]: MixinPlatformAgentMinecraftForge rejected container SecureJarResource(curios)
[18:06:48] [main/DEBUG] [mixin/]: Instancing new MixinPlatformAgentDefault for SecureJarResource(curios)
[18:06:48] [main/DEBUG] [mixin/]: MixinPlatformAgentDefault accepted container SecureJarResource(curios)
[18:06:48] [main/DEBUG] [mixin/]: Processing prepare() for PlatformAgent[MixinPlatformAgentDefault:SecureJarResource(curios)]
[18:06:48] [main/DEBUG] [mixin/]: Registering mixin config: curios.mixins.json
[18:06:48] [main/DEBUG] [mixin/]: Adding mixin platform agents for container SecureJarResource(geckolib)
[18:06:48] [main/DEBUG] [mixin/]: Instancing new MixinPlatformAgentMinecraftForge for SecureJarResource(geckolib)
[18:06:48] [main/DEBUG] [mixin/]: MixinPlatformAgentMinecraftForge rejected container SecureJarResource(geckolib)
[18:06:48] [main/DEBUG] [mixin/]: Instancing new MixinPlatformAgentDefault for SecureJarResource(geckolib)
[18:06:48] [main/DEBUG] [mixin/]: MixinPlatformAgentDefault accepted container SecureJarResource(geckolib)
[18:06:48] [main/DEBUG] [mixin/]: Processing prepare() for PlatformAgent[MixinPlatformAgentDefault:SecureJarResource(geckolib)]
[18:06:48] [main/DEBUG] [mixin/]: Registering mixin config: geckolib.mixins.json
[18:06:48] [main/DEBUG] [mixin/]: Adding mixin platform agents for container SecureJarResource(architectury)
[18:06:48] [main/DEBUG] [mixin/]: Instancing new MixinPlatformAgentMinecraftForge for SecureJarResource(architectury)
[18:06:48] [main/DEBUG] [mixin/]: MixinPlatformAgentMinecraftForge rejected container SecureJarResource(architectury)
[18:06:48] [main/DEBUG] [mixin/]: Instancing new MixinPlatformAgentDefault for SecureJarResource(architectury)
[18:06:48] [main/DEBUG] [mixin/]: MixinPlatformAgentDefault accepted container SecureJarResource(architectury)
[18:06:48] [main/DEBUG] [mixin/]: Processing prepare() for PlatformAgent[MixinPlatformAgentDefault:SecureJarResource(architectury)]
[18:06:48] [main/DEBUG] [mixin/]: Registering mixin config: architectury.mixins.json
[18:06:48] [main/DEBUG] [mixin/]: Compatibility level JAVA_16 specified by architectury.mixins.json is higher than the maximum level supported by this version of mixin (JAVA_13).
[18:06:48] [main/DEBUG] [mixin/]: Registering mixin config: architectury-common.mixins.json
[18:06:48] [main/DEBUG] [mixin/]: Compatibility level JAVA_16 specified by architectury-common.mixins.json is higher than the maximum level supported by this version of mixin (JAVA_13).
[18:06:48] [main/DEBUG] [mixin/]: Adding mixin platform agents for container SecureJarResource(kubejs)
[18:06:48] [main/DEBUG] [mixin/]: Instancing new MixinPlatformAgentMinecraftForge for SecureJarResource(kubejs)
[18:06:48] [main/DEBUG] [mixin/]: MixinPlatformAgentMinecraftForge rejected container SecureJarResource(kubejs)
[18:06:48] [main/DEBUG] [mixin/]: Instancing new MixinPlatformAgentDefault for SecureJarResource(kubejs)
[18:06:48] [main/DEBUG] [mixin/]: MixinPlatformAgentDefault accepted container SecureJarResource(kubejs)
[18:06:48] [main/DEBUG] [mixin/]: Processing prepare() for PlatformAgent[MixinPlatformAgentDefault:SecureJarResource(kubejs)]
[18:06:48] [main/DEBUG] [mixin/]: Registering mixin config: kubejs-forge.mixins.json
[18:06:48] [main/DEBUG] [mixin/]: Registering mixin config: kubejs-common.mixins.json
[18:06:48] [main/DEBUG] [mixin/]: Adding mixin platform agents for container SecureJarResource(eidolon)
[18:06:48] [main/DEBUG] [mixin/]: Instancing new MixinPlatformAgentMinecraftForge for SecureJarResource(eidolon)
[18:06:48] [main/DEBUG] [mixin/]: MixinPlatformAgentMinecraftForge rejected container SecureJarResource(eidolon)
[18:06:48] [main/DEBUG] [mixin/]: Instancing new MixinPlatformAgentDefault for SecureJarResource(eidolon)
[18:06:48] [main/DEBUG] [mixin/]: MixinPlatformAgentDefault accepted container SecureJarResource(eidolon)
[18:06:48] [main/DEBUG] [mixin/]: Processing prepare() for PlatformAgent[MixinPlatformAgentDefault:SecureJarResource(eidolon)]
[18:06:48] [main/DEBUG] [mixin/]: Registering mixin config: eidolon.mixins.json
[18:06:48] [main/DEBUG] [mixin/]: Adding mixin platform agents for container SecureJarResource(eidolonunchained)
[18:06:48] [main/DEBUG] [mixin/]: Instancing new MixinPlatformAgentMinecraftForge for SecureJarResource(eidolonunchained)
[18:06:48] [main/DEBUG] [mixin/]: MixinPlatformAgentMinecraftForge rejected container SecureJarResource(eidolonunchained)
[18:06:48] [main/DEBUG] [mixin/]: Instancing new MixinPlatformAgentDefault for SecureJarResource(eidolonunchained)
[18:06:48] [main/DEBUG] [mixin/]: MixinPlatformAgentDefault accepted container SecureJarResource(eidolonunchained)
[18:06:48] [main/DEBUG] [mixin/]: Processing prepare() for PlatformAgent[MixinPlatformAgentDefault:SecureJarResource(eidolonunchained)]
[18:06:48] [main/DEBUG] [mixin/]: Adding mixin platform agents for container SecureJarResource(mclib)
[18:06:48] [main/DEBUG] [mixin/]: Instancing new MixinPlatformAgentMinecraftForge for SecureJarResource(mclib)
[18:06:48] [main/DEBUG] [mixin/]: MixinPlatformAgentMinecraftForge rejected container SecureJarResource(mclib)
[18:06:48] [main/DEBUG] [mixin/]: Instancing new MixinPlatformAgentDefault for SecureJarResource(mclib)
[18:06:48] [main/DEBUG] [mixin/]: MixinPlatformAgentDefault accepted container SecureJarResource(mclib)
[18:06:48] [main/DEBUG] [mixin/]: Processing prepare() for PlatformAgent[MixinPlatformAgentDefault:SecureJarResource(mclib)]
[18:06:48] [main/DEBUG] [mixin/]: Adding mixin platform agents for container SecureJarResource(MixinExtras.rc._2)
[18:06:48] [main/DEBUG] [mixin/]: Instancing new MixinPlatformAgentMinecraftForge for SecureJarResource(MixinExtras.rc._2)
[18:06:48] [main/DEBUG] [mixin/]: MixinPlatformAgentMinecraftForge rejected container SecureJarResource(MixinExtras.rc._2)
[18:06:48] [main/DEBUG] [mixin/]: Instancing new MixinPlatformAgentDefault for SecureJarResource(MixinExtras.rc._2)
[18:06:48] [main/DEBUG] [mixin/]: MixinPlatformAgentDefault accepted container SecureJarResource(MixinExtras.rc._2)
[18:06:48] [main/DEBUG] [mixin/]: Processing prepare() for PlatformAgent[MixinPlatformAgentDefault:SecureJarResource(MixinExtras.rc._2)]
[18:06:48] [main/DEBUG] [mixin/]: inject() running with 13 agents
[18:06:48] [main/DEBUG] [mixin/]: Processing inject() for PlatformAgent[MixinPlatformAgentDefault:ModLauncher Root Container(ModLauncher:4f56a0a2)]
[18:06:48] [main/DEBUG] [mixin/]: Processing inject() for PlatformAgent[MixinPlatformAgentDefault:SecureJarResource(minecraft)]
[18:06:48] [main/DEBUG] [mixin/]: Processing inject() for PlatformAgent[MixinPlatformAgentDefault:SecureJarResource(mixinextras)]
[18:06:48] [main/DEBUG] [mixin/]: Processing inject() for PlatformAgent[MixinPlatformAgentDefault:SecureJarResource(rhino)]
[18:06:48] [main/DEBUG] [mixin/]: Processing inject() for PlatformAgent[MixinPlatformAgentDefault:SecureJarResource(forge)]
[18:06:48] [main/DEBUG] [mixin/]: Processing inject() for PlatformAgent[MixinPlatformAgentDefault:SecureJarResource(curios)]
[18:06:48] [main/DEBUG] [mixin/]: Processing inject() for PlatformAgent[MixinPlatformAgentDefault:SecureJarResource(geckolib)]
[18:06:48] [main/DEBUG] [mixin/]: Processing inject() for PlatformAgent[MixinPlatformAgentDefault:SecureJarResource(architectury)]
[18:06:48] [main/DEBUG] [mixin/]: Processing inject() for PlatformAgent[MixinPlatformAgentDefault:SecureJarResource(kubejs)]
[18:06:48] [main/DEBUG] [mixin/]: Processing inject() for PlatformAgent[MixinPlatformAgentDefault:SecureJarResource(eidolon)]
[18:06:48] [main/DEBUG] [mixin/]: Processing inject() for PlatformAgent[MixinPlatformAgentDefault:SecureJarResource(eidolonunchained)]
[18:06:48] [main/DEBUG] [mixin/]: Processing inject() for PlatformAgent[MixinPlatformAgentDefault:SecureJarResource(mclib)]
[18:06:48] [main/DEBUG] [mixin/]: Processing inject() for PlatformAgent[MixinPlatformAgentDefault:SecureJarResource(MixinExtras.rc._2)]
[18:06:48] [main/INFO] [cp.mo.mo.LaunchServiceHandler/MODLAUNCHER]: Launching target 'forgeserveruserdev' with arguments [--gameDir, ., --nogui]
[18:06:49] [main/DEBUG] [mixin/]: Error cleaning class output directory: .mixin.out
[18:06:49] [main/DEBUG] [mixin/]: Preparing mixins for MixinEnvironment[DEFAULT]
[18:06:49] [main/DEBUG] [mixin/]: Selecting config mixinextras.init.mixins.json
[18:06:49] [main/DEBUG] [MixinExtras|Service/]: com.llamalad7.mixinextras.service.MixinExtrasServiceImpl(version=0.2.0-rc.2) is taking over from null
[18:06:49] [main/DEBUG] [mixin/]: Registering new injector for @Inject with org.spongepowered.asm.mixin.injection.struct.CallbackInjectionInfo
[18:06:49] [main/DEBUG] [mixin/]: Registering new injector for @ModifyArg with org.spongepowered.asm.mixin.injection.struct.ModifyArgInjectionInfo
[18:06:49] [main/DEBUG] [mixin/]: Registering new injector for @ModifyArgs with org.spongepowered.asm.mixin.injection.struct.ModifyArgsInjectionInfo
[18:06:49] [main/DEBUG] [mixin/]: Registering new injector for @Redirect with org.spongepowered.asm.mixin.injection.struct.RedirectInjectionInfo
[18:06:49] [main/DEBUG] [mixin/]: Registering new injector for @ModifyVariable with org.spongepowered.asm.mixin.injection.struct.ModifyVariableInjectionInfo
[18:06:49] [main/DEBUG] [mixin/]: Registering new injector for @ModifyConstant with org.spongepowered.asm.mixin.injection.struct.ModifyConstantInjectionInfo
[18:06:49] [main/DEBUG] [mixin/]: Selecting config rhino-common.mixins.json
[18:06:49] [main/INFO] [mixin/]: Remapping refMap rhino-common-refmap.json using C:\Blue_Lotus_Global_ICM\repos\Eidolon-Unchained/build/createSrgToMcp/output.srg
[18:06:49] [main/DEBUG] [mixin/]: Selecting config curios.mixins.json
[18:06:49] [main/INFO] [mixin/]: Remapping refMap curios.refmap.json using C:\Blue_Lotus_Global_ICM\repos\Eidolon-Unchained/build/createSrgToMcp/output.srg
[18:06:49] [main/DEBUG] [mixin/]: Selecting config geckolib.mixins.json
[18:06:49] [main/INFO] [mixin/]: Remapping refMap geckolib.refmap.json using C:\Blue_Lotus_Global_ICM\repos\Eidolon-Unchained/build/createSrgToMcp/output.srg
[18:06:49] [main/DEBUG] [mixin/]: Selecting config architectury.mixins.json
[18:06:49] [main/INFO] [mixin/]: Remapping refMap architectury-forge-refmap.json using C:\Blue_Lotus_Global_ICM\repos\Eidolon-Unchained/build/createSrgToMcp/output.srg
[18:06:49] [main/DEBUG] [mixin/]: Selecting config architectury-common.mixins.json
[18:06:49] [main/INFO] [mixin/]: Remapping refMap architectury-common-refmap.json using C:\Blue_Lotus_Global_ICM\repos\Eidolon-Unchained/build/createSrgToMcp/output.srg
[18:06:49] [main/DEBUG] [mixin/]: Selecting config kubejs-forge.mixins.json
[18:06:49] [main/INFO] [mixin/]: Remapping refMap kubejs-forge-refmap.json using C:\Blue_Lotus_Global_ICM\repos\Eidolon-Unchained/build/createSrgToMcp/output.srg
[18:06:49] [main/DEBUG] [mixin/]: Selecting config kubejs-common.mixins.json
[18:06:49] [main/INFO] [mixin/]: Remapping refMap kubejs-common-refmap.json using C:\Blue_Lotus_Global_ICM\repos\Eidolon-Unchained/build/createSrgToMcp/output.srg
[18:06:49] [main/DEBUG] [mixin/]: Selecting config eidolon.mixins.json
[18:06:49] [main/INFO] [mixin/]: Remapping refMap eidolon.refmap.json using C:\Blue_Lotus_Global_ICM\repos\Eidolon-Unchained/build/createSrgToMcp/output.srg
[18:06:49] [main/DEBUG] [mixin/]: Preparing mixinextras.init.mixins.json (0)
[18:06:49] [main/DEBUG] [mixin/]: Preparing rhino-common.mixins.json (8)
[18:06:49] [main/DEBUG] [mixin/]: Preparing curios.mixins.json (13)
[18:06:50] [main/DEBUG] [mixin/]: Preparing geckolib.mixins.json (1)
[18:06:50] [main/DEBUG] [mixin/]: Preparing architectury.mixins.json (8)
[18:06:50] [main/DEBUG] [mixin/]: Preparing architectury-common.mixins.json (10)
[18:06:50] [main/DEBUG] [ne.mi.co.tr.CoreModBaseTransformer/COREMOD]: Transforming net/minecraft/world/item/BucketItem
[18:06:50] [main/DEBUG] [ne.mi.co.tr.CoreModBaseTransformer/COREMOD]: Transforming net/minecraft/world/entity/EntityType
[18:06:50] [main/DEBUG] [ne.mi.co.tr.CoreModBaseTransformer/COREMOD]: Transforming net/minecraft/world/level/block/LiquidBlock
[18:06:50] [main/DEBUG] [mixin/]: Preparing kubejs-forge.mixins.json (7)
[18:06:50] [main/DEBUG] [mixin/]: Preparing kubejs-common.mixins.json (56)
[18:06:50] [main/DEBUG] [mixin/]: @Mixin target net/minecraft/world/item/crafting/Ingredient$TagValue is public in kubejs-common.mixins.json:IngredientTagValueMixin and should be specified in value
[18:06:50] [main/DEBUG] [ne.mi.co.tr.CoreModBaseTransformer/COREMOD]: Transforming net/minecraft/world/item/ItemStack
[18:06:50] [main/DEBUG] [mixin/]: Preparing eidolon.mixins.json (10)
[18:06:50] [main/DEBUG] [mixin/]: Inner class dev/latvian/mods/kubejs/core/mixin/common/GameRulesMixin$1 in dev/latvian/mods/kubejs/core/mixin/common/GameRulesMixin on net/minecraft/world/level/GameRules gets unique name net/minecraft/world/level/GameRules$Anonymous$e940be95c410411b8927698d841ec798
[18:06:50] [main/DEBUG] [mixin/]: Prepared 92 mixins in 1.727 sec (18.8ms avg) (0ms load, 0ms transform, 0ms plugin)
[18:06:50] [main/INFO] [MixinExtras|Service/]: Initializing MixinExtras via com.llamalad7.mixinextras.service.MixinExtrasServiceImpl(version=0.2.0-rc.2).
[18:06:50] [main/DEBUG] [mixin/]: Mixing MinecraftServerMixin from kubejs-common.mixins.json into net.minecraft.server.MinecraftServer
[18:06:50] [main/DEBUG] [mixin/]: Renaming synthetic method lambda$kjs$endResourceReload$1()V to mdc7d460$lambda$kjs$endResourceReload$1$0 in kubejs-common.mixins.json:MinecraftServerMixin
[18:06:50] [main/DEBUG] [mixin/]: Renaming synthetic method lambda$kjs$init$0()V to mdc7d460$lambda$kjs$init$0$1 in kubejs-common.mixins.json:MinecraftServerMixin
[18:06:51] [main/DEBUG] [mixin/]: Mixing inject_resources.MinecraftServerMixin from kubejs-common.mixins.json into net.minecraft.server.MinecraftServer
[18:06:51] [main/DEBUG] [ne.mi.co.tr.CoreModBaseTransformer/COREMOD]: Transforming net/minecraft/world/level/levelgen/PhantomSpawner
[18:06:51] [main/DEBUG] [ne.mi.co.tr.CoreModBaseTransformer/COREMOD]: Transforming net/minecraft/world/level/levelgen/PatrolSpawner
[18:06:51] [main/DEBUG] [ne.mi.co.tr.CoreModBaseTransformer/COREMOD]: Transforming net/minecraft/world/entity/npc/CatSpawner
[18:06:51] [main/DEBUG] [ne.mi.co.tr.CoreModBaseTransformer/COREMOD]: Transforming net/minecraft/world/entity/ai/village/VillageSiege
[18:06:51] [main/DEBUG] [io.ne.ut.in.lo.InternalLoggerFactory/]: Using SLF4J as the default logging framework
[18:06:51] [main/DEBUG] [io.ne.ut.ResourceLeakDetector/]: -Dio.netty.leakDetection.level: simple
[18:06:51] [main/DEBUG] [io.ne.ut.ResourceLeakDetector/]: -Dio.netty.leakDetection.targetRecords: 4
[18:06:51] [main/DEBUG] [mixin/]: Mixing components.MutableComponentMixin from kubejs-common.mixins.json into net.minecraft.network.chat.MutableComponent
[18:06:51] [main/DEBUG] [mixin/]: Mixing TextColorMixin from rhino-common.mixins.json into net.minecraft.network.chat.TextColor
[18:06:51] [main/DEBUG] [mixin/]: Mixing ChatFormattingMixin from rhino-common.mixins.json into net.minecraft.ChatFormatting
[18:06:51] [main/DEBUG] [mixin/]: Mixing ResourceLocationMixin from rhino-common.mixins.json into net.minecraft.resources.ResourceLocation
[18:06:51] [main/DEBUG] [os.ut.FileUtil/]: No oshi.properties file found from ClassLoader cpw.mods.modlauncher.TransformingClassLoader@4548d254
[18:06:51] [main/DEBUG] [os.ut.FileUtil/]: No oshi.architecture.properties file found from ClassLoader cpw.mods.modlauncher.TransformingClassLoader@4548d254
[18:06:52] [main/DEBUG] [mixin/]: Mixing UtilMixin from kubejs-common.mixins.json into net.minecraft.Util
[18:06:52] [main/DEBUG] [mixin/]: Mixing ResourceKeyMixin from rhino-common.mixins.json into net.minecraft.resources.ResourceKey
[18:06:52] [main/DEBUG] [mixin/]: Mixing inject.MixinGameEvent from architectury-common.mixins.json into net.minecraft.world.level.gameevent.GameEvent
[18:06:52] [main/DEBUG] [mixin/]: Mixing inject.MixinBlock from architectury-common.mixins.json into net.minecraft.world.level.block.Block
[18:06:52] [main/DEBUG] [mixin/]: Mixing BlockMixin from kubejs-common.mixins.json into net.minecraft.world.level.block.Block
[18:06:52] [main/DEBUG] [mixin/]: Mixing BlockBehaviourMixin from kubejs-common.mixins.json into net.minecraft.world.level.block.state.BlockBehaviour
[18:06:52] [main/DEBUG] [mixin/]: Mixing BlockStateBaseMixin from kubejs-common.mixins.json into net.minecraft.world.level.block.state.BlockBehaviour$BlockStateBase
[18:06:52] [main/DEBUG] [mixin/]: Mixing LevelMixin from kubejs-common.mixins.json into net.minecraft.world.level.Level
[18:06:52] [main/DEBUG] [mixin/]: Mixing ServerLevelMixin from kubejs-common.mixins.json into net.minecraft.server.level.ServerLevel
[18:06:52] [main/DEBUG] [mixin/]: Mixing AccessorEntity from curios.mixins.json into net.minecraft.world.entity.Entity
[18:06:52] [main/DEBUG] [mixin/]: Mixing EntityMixin from kubejs-forge.mixins.json into net.minecraft.world.entity.Entity
[18:06:52] [main/DEBUG] [mixin/]: Mixing EntityMixin from kubejs-common.mixins.json into net.minecraft.world.entity.Entity
[18:06:52] [main/DEBUG] [mixin/]: Mixing EntityMixin from eidolon.mixins.json into net.minecraft.world.entity.Entity
[18:06:52] [main/DEBUG] [mixin/]: Mixing MixinLivingEntity from curios.mixins.json into net.minecraft.world.entity.LivingEntity
[18:06:52] [main/DEBUG] [mixin/]: Mixing LivingEntityMixin from kubejs-common.mixins.json into net.minecraft.world.entity.LivingEntity
[18:06:52] [main/DEBUG] [mixin/]: Mixing LivingEntityMixin from eidolon.mixins.json into net.minecraft.world.entity.LivingEntity
[18:06:52] [main/DEBUG] [mixin/]: Mixing ItemEntityMixin from kubejs-common.mixins.json into net.minecraft.world.entity.item.ItemEntity
[18:06:52] [main/DEBUG] [mixin/]: Mixing PlayerMixin from eidolon.mixins.json into net.minecraft.world.entity.player.Player
[18:06:52] [main/DEBUG] [mixin/]: Mixing PlayerMixin from kubejs-common.mixins.json into net.minecraft.world.entity.player.Player
[18:06:53] [main/DEBUG] [mixin/]: Mixing inject.MixinFluid from architectury-common.mixins.json into net.minecraft.world.level.material.Fluid
[18:06:53] [main/DEBUG] [mixin/]: Mixing inject.MixinItem from architectury-common.mixins.json into net.minecraft.world.item.Item
[18:06:53] [main/DEBUG] [mixin/]: Mixing ItemMixin from kubejs-common.mixins.json into net.minecraft.world.item.Item
[18:06:53] [main/DEBUG] [ne.mi.co.tr.CoreModBaseTransformer/COREMOD]: Transforming net/minecraft/world/entity/EntityType
[18:06:53] [main/DEBUG] [mixin/]: Mixing inject.MixinEntityType from architectury-common.mixins.json into net.minecraft.world.entity.EntityType
[18:06:53] [main/DEBUG] [mixin/]: Mixing BlockEntityTypeAccessor from eidolon.mixins.json into net.minecraft.world.level.block.entity.BlockEntityType
[18:06:53] [main/DEBUG] [mixin/]: Mixing CreativeModeTabMixin from kubejs-common.mixins.json into net.minecraft.world.item.CreativeModeTab
[18:06:53] [main/DEBUG] [mixin/]: Mixing DirectionMixin from rhino-common.mixins.json into net.minecraft.core.Direction
[18:06:53] [main/DEBUG] [ne.mi.co.tr.CoreModBaseTransformer/COREMOD]: Transforming net/minecraft/world/level/block/LiquidBlock
[18:06:53] [main/DEBUG] [mixin/]: Mixing inject.MixinLiquidBlock from architectury-common.mixins.json into net.minecraft.world.level.block.LiquidBlock
[18:06:53] [main/DEBUG] [ne.mi.co.tr.CoreModBaseTransformer/COREMOD]: Transforming net/minecraft/world/level/block/StairBlock
[18:06:53] [main/DEBUG] [ne.mi.co.tr.CoreModBaseTransformer/COREMOD]: Transforming net/minecraft/world/level/block/FlowerPotBlock
[18:06:53] [main/DEBUG] [mixin/]: Mixing MixinPowderSnowBlock from curios.mixins.json into net.minecraft.world.level.block.PowderSnowBlock
[18:06:54] [main/DEBUG] [mixin/]: Mixing DyeColorMixin from rhino-common.mixins.json into net.minecraft.world.item.DyeColor
[18:06:54] [main/DEBUG] [mixin/]: Mixing MixinFallingBlockEntity from architectury.mixins.json into net.minecraft.world.entity.item.FallingBlockEntity
[18:06:54] [main/DEBUG] [mixin/]: Mixing ContainerMixin from kubejs-common.mixins.json into net.minecraft.world.Container
[18:06:54] [main/DEBUG] [mixin/]: Mixing AbstractContainerMenuMixin from eidolon.mixins.json into net.minecraft.world.inventory.AbstractContainerMenu
[18:06:54] [main/DEBUG] [mixin/]: Mixing ProjectileMixin from eidolon.mixins.json into net.minecraft.world.entity.projectile.Projectile
[18:06:54] [main/DEBUG] [ne.mi.co.tr.CoreModBaseTransformer/COREMOD]: Transforming net/minecraft/world/item/ItemStack
[18:06:54] [main/DEBUG] [mixin/]: Mixing ItemStackMixin from kubejs-common.mixins.json into net.minecraft.world.item.ItemStack
[18:06:55] [main/DEBUG] [mixin/]: Mixing MixinLightningBolt from architectury-common.mixins.json into net.minecraft.world.entity.LightningBolt
[18:06:55] [main/DEBUG] [ne.mi.co.tr.CoreModBaseTransformer/COREMOD]: Transforming net/minecraft/world/entity/animal/frog/Tadpole
[18:06:55] [main/DEBUG] [mixin/]: Mixing tools.ArmorItemMixin from kubejs-common.mixins.json into net.minecraft.world.item.ArmorItem
[18:06:55] [main/DEBUG] [mixin/]: Mixing tools.SwordItemMixin from kubejs-common.mixins.json into net.minecraft.world.item.SwordItem
[18:06:55] [main/DEBUG] [mixin/]: Mixing tools.DiggerItemMixin from kubejs-common.mixins.json into net.minecraft.world.item.DiggerItem
[18:06:55] [main/DEBUG] [ne.mi.co.tr.CoreModBaseTransformer/COREMOD]: Transforming net/minecraft/world/item/BucketItem
[18:06:55] [main/DEBUG] [mixin/]: Mixing inject.MixinBucketItem from architectury-common.mixins.json into net.minecraft.world.item.BucketItem
[18:06:55] [main/DEBUG] [mixin/]: Mixing MixinShearsItem from curios.mixins.json into net.minecraft.world.item.ShearsItem
[18:06:55] [main/DEBUG] [mixin/]: Mixing tools.TridentItemMixin from kubejs-common.mixins.json into net.minecraft.world.item.TridentItem
[18:06:55] [main/DEBUG] [mixin/]: Mixing inject.MixinItemProperties from architectury-common.mixins.json into net.minecraft.world.item.Item$Properties
[18:06:56] [main/DEBUG] [mixin/]: Mixing StringTagMixin from rhino-common.mixins.json into net.minecraft.nbt.StringTag
[18:06:56] [main/DEBUG] [ne.mi.co.tr.CoreModBaseTransformer/COREMOD]: Transforming net/minecraft/world/entity/monster/Spider
[18:06:57] [main/DEBUG] [ne.mi.co.tr.CoreModBaseTransformer/COREMOD]: Transforming net/minecraft/world/entity/monster/Zombie
[18:06:57] [main/DEBUG] [ne.mi.co.tr.CoreModBaseTransformer/COREMOD]: Transforming net/minecraft/world/entity/monster/ZombieVillager
[18:06:57] [main/DEBUG] [ne.mi.co.tr.CoreModBaseTransformer/COREMOD]: Transforming net/minecraft/world/entity/monster/Evoker$EvokerSummonSpellGoal
[18:06:57] [main/DEBUG] [mixin/]: Mixing FireworkRocketEntityMixin from kubejs-common.mixins.json into net.minecraft.world.entity.projectile.FireworkRocketEntity
[18:06:57] [main/DEBUG] [mixin/]: Mixing ItemFrameEntityMixin from kubejs-common.mixins.json into net.minecraft.world.entity.decoration.ItemFrame
[18:06:57] [main/DEBUG] [mixin/]: Mixing CraftingContainerMixin from kubejs-common.mixins.json into net.minecraft.world.inventory.CraftingContainer
[18:06:57] [main/DEBUG] [ne.mi.co.tr.CoreModBaseTransformer/COREMOD]: Transforming net/minecraft/world/entity/animal/horse/SkeletonTrapGoal
[18:06:57] [main/DEBUG] [ne.mi.co.tr.CoreModBaseTransformer/COREMOD]: Transforming net/minecraft/world/entity/monster/Strider
[18:06:57] [main/DEBUG] [mixin/]: Mixing ServerPlayerMixin from kubejs-common.mixins.json into net.minecraft.server.level.ServerPlayer
[18:06:57] [main/DEBUG] [ne.mi.co.tr.CoreModBaseTransformer/COREMOD]: Transforming net/minecraft/world/entity/npc/Villager
[18:06:58] [main/DEBUG] [mixin/]: Mixing IngredientMixin from kubejs-common.mixins.json into net.minecraft.world.item.crafting.Ingredient
[18:06:58] [main/DEBUG] [mixin/]: Mixing inject.MixinFoodPropertiesBuilder from architectury-common.mixins.json into net.minecraft.world.food.FoodProperties$Builder
[18:06:58] [main/DEBUG] [ne.mi.co.tr.CoreModBaseTransformer/COREMOD]: Transforming net/minecraft/world/effect/MobEffectInstance
[18:06:58] [main/DEBUG] [mixin/]: Mixing PotionBrewingMixin from eidolon.mixins.json into net.minecraft.world.item.alchemy.PotionBrewing
[18:06:58] [main/DEBUG] [mixin/]: Renaming @Invoker method callAddMix(Lnet/minecraft/world/item/alchemy/Potion;Lnet/minecraft/world/item/Item;Lnet/minecraft/world/item/alchemy/Potion;)V to callAddMix_$md$c7d460$0 in eidolon.mixins.json:PotionBrewingMixin
[18:06:58] [main/DEBUG] [mixin/]: Mixing NumericTagMixin from rhino-common.mixins.json into net.minecraft.nbt.NumericTag
[18:06:58] [main/DEBUG] [mixin/]: Mixing IItemHandlerMixin from kubejs-forge.mixins.json into net.minecraftforge.items.IItemHandler
[18:06:58] [main/DEBUG] [mixin/]: Mixing MixinInventory from curios.mixins.json into net.minecraft.world.entity.player.Inventory
[18:06:58] [main/DEBUG] [mixin/]: Mixing RecipeMixin from kubejs-common.mixins.json into net.minecraft.world.item.crafting.Recipe
[18:06:58] [main/DEBUG] [mixin/]: Mixing MixinApplyBonusCount from curios.mixins.json into net.minecraft.world.level.storage.loot.functions.ApplyBonusCount
[18:06:59] [main/DEBUG] [ne.mi.co.tr.CoreModBaseTransformer/COREMOD]: Transforming net/minecraft/world/level/levelgen/structure/Structure
[18:06:59] [main/DEBUG] [ne.mi.co.tr.CoreModBaseTransformer/COREMOD]: Transforming net/minecraft/world/level/levelgen/structure/structures/OceanRuinPieces$OceanRuinPiece
[18:06:59] [main/DEBUG] [ne.mi.co.tr.CoreModBaseTransformer/COREMOD]: Transforming net/minecraft/world/level/levelgen/structure/structures/SwampHutPiece
[18:06:59] [main/DEBUG] [ne.mi.co.tr.CoreModBaseTransformer/COREMOD]: Transforming net/minecraft/world/level/levelgen/structure/structures/OceanMonumentPieces$OceanMonumentPiece
[18:06:59] [main/DEBUG] [ne.mi.co.tr.CoreModBaseTransformer/COREMOD]: Transforming net/minecraft/world/level/levelgen/structure/structures/WoodlandMansionPieces$WoodlandMansionPiece
[18:06:59] [main/DEBUG] [ne.mi.co.tr.CoreModBaseTransformer/COREMOD]: Transforming net/minecraft/world/level/biome/Biome
[18:06:59] [main/DEBUG] [ne.mi.re.GameData/REGISTRIES]: Creating vanilla freeze snapshot
[18:06:59] [main/DEBUG] [ne.mi.re.ForgeRegistry/REGISTRIES]: Registry minecraft:block Sync: VANILLA -> ACTIVE
[18:06:59] [main/DEBUG] [ne.mi.re.ForgeRegistry/REGISTRIES]: Registry minecraft:fluid Sync: VANILLA -> ACTIVE
[18:06:59] [main/DEBUG] [ne.mi.re.ForgeRegistry/REGISTRIES]: Registry minecraft:item Sync: VANILLA -> ACTIVE
[18:06:59] [main/DEBUG] [ne.mi.re.ForgeRegistry/REGISTRIES]: Registry minecraft:mob_effect Sync: VANILLA -> ACTIVE
[18:06:59] [main/DEBUG] [ne.mi.re.ForgeRegistry/REGISTRIES]: Registry minecraft:sound_event Sync: VANILLA -> ACTIVE
[18:06:59] [main/DEBUG] [ne.mi.re.ForgeRegistry/REGISTRIES]: Registry minecraft:potion Sync: VANILLA -> ACTIVE
[18:06:59] [main/DEBUG] [ne.mi.re.ForgeRegistry/REGISTRIES]: Registry minecraft:enchantment Sync: VANILLA -> ACTIVE
[18:06:59] [main/DEBUG] [ne.mi.re.ForgeRegistry/REGISTRIES]: Registry minecraft:entity_type Sync: VANILLA -> ACTIVE
[18:06:59] [main/DEBUG] [ne.mi.re.ForgeRegistry/REGISTRIES]: Registry minecraft:block_entity_type Sync: VANILLA -> ACTIVE
[18:06:59] [main/DEBUG] [ne.mi.re.ForgeRegistry/REGISTRIES]: Registry minecraft:particle_type Sync: VANILLA -> ACTIVE
[18:06:59] [main/DEBUG] [ne.mi.re.ForgeRegistry/REGISTRIES]: Registry minecraft:menu Sync: VANILLA -> ACTIVE
[18:06:59] [main/DEBUG] [ne.mi.re.ForgeRegistry/REGISTRIES]: Registry minecraft:painting_variant Sync: VANILLA -> ACTIVE
[18:06:59] [main/DEBUG] [ne.mi.re.ForgeRegistry/REGISTRIES]: Registry minecraft:recipe_type Sync: VANILLA -> ACTIVE
[18:06:59] [main/DEBUG] [ne.mi.re.ForgeRegistry/REGISTRIES]: Registry minecraft:recipe_serializer Sync: VANILLA -> ACTIVE
[18:06:59] [main/DEBUG] [ne.mi.re.ForgeRegistry/REGISTRIES]: Registry minecraft:attribute Sync: VANILLA -> ACTIVE
[18:06:59] [main/DEBUG] [ne.mi.re.ForgeRegistry/REGISTRIES]: Registry minecraft:stat_type Sync: VANILLA -> ACTIVE
[18:06:59] [main/DEBUG] [ne.mi.re.ForgeRegistry/REGISTRIES]: Registry minecraft:command_argument_type Sync: VANILLA -> ACTIVE
[18:06:59] [main/DEBUG] [ne.mi.re.ForgeRegistry/REGISTRIES]: Registry minecraft:villager_profession Sync: VANILLA -> ACTIVE
[18:06:59] [main/DEBUG] [ne.mi.re.ForgeRegistry/REGISTRIES]: Registry minecraft:point_of_interest_type Sync: VANILLA -> ACTIVE
[18:06:59] [main/DEBUG] [ne.mi.re.ForgeRegistry/REGISTRIES]: Registry minecraft:memory_module_type Sync: VANILLA -> ACTIVE
[18:06:59] [main/DEBUG] [ne.mi.re.ForgeRegistry/REGISTRIES]: Registry minecraft:sensor_type Sync: VANILLA -> ACTIVE
[18:06:59] [main/DEBUG] [ne.mi.re.ForgeRegistry/REGISTRIES]: Registry minecraft:schedule Sync: VANILLA -> ACTIVE
[18:06:59] [main/DEBUG] [ne.mi.re.ForgeRegistry/REGISTRIES]: Registry minecraft:activity Sync: VANILLA -> ACTIVE
[18:06:59] [main/DEBUG] [ne.mi.re.ForgeRegistry/REGISTRIES]: Registry minecraft:worldgen/carver Sync: VANILLA -> ACTIVE
[18:06:59] [main/DEBUG] [ne.mi.re.ForgeRegistry/REGISTRIES]: Registry minecraft:worldgen/feature Sync: VANILLA -> ACTIVE
[18:06:59] [main/DEBUG] [ne.mi.re.ForgeRegistry/REGISTRIES]: Registry minecraft:chunk_status Sync: VANILLA -> ACTIVE
[18:06:59] [main/DEBUG] [ne.mi.re.ForgeRegistry/REGISTRIES]: Registry minecraft:worldgen/block_state_provider_type Sync: VANILLA -> ACTIVE
[18:06:59] [main/DEBUG] [ne.mi.re.ForgeRegistry/REGISTRIES]: Registry minecraft:worldgen/foliage_placer_type Sync: VANILLA -> ACTIVE
[18:06:59] [main/DEBUG] [ne.mi.re.ForgeRegistry/REGISTRIES]: Registry minecraft:worldgen/tree_decorator_type Sync: VANILLA -> ACTIVE
[18:06:59] [main/DEBUG] [ne.mi.re.ForgeRegistry/REGISTRIES]: Registry minecraft:worldgen/biome Sync: VANILLA -> ACTIVE
[18:06:59] [main/DEBUG] [ne.mi.re.GameData/REGISTRIES]: Vanilla freeze snapshot created
[18:06:59] [main/DEBUG] [io.ne.ut.in.PlatformDependent0/]: -Dio.netty.noUnsafe: false
[18:06:59] [main/DEBUG] [io.ne.ut.in.PlatformDependent0/]: Java version: 17
[18:06:59] [main/DEBUG] [io.ne.ut.in.PlatformDependent0/]: sun.misc.Unsafe.theUnsafe: available
[18:06:59] [main/DEBUG] [io.ne.ut.in.PlatformDependent0/]: sun.misc.Unsafe.copyMemory: available
[18:06:59] [main/DEBUG] [io.ne.ut.in.PlatformDependent0/]: sun.misc.Unsafe.storeFence: available
[18:06:59] [main/DEBUG] [io.ne.ut.in.PlatformDependent0/]: java.nio.Buffer.address: available
[18:06:59] [main/DEBUG] [io.ne.ut.in.PlatformDependent0/]: direct buffer constructor: unavailable
java.lang.UnsupportedOperationException: Reflective setAccessible(true) disabled
	at io.netty.util.internal.ReflectionUtil.trySetAccessible(ReflectionUtil.java:31) ~[netty-common-4.1.82.Final.jar:4.1.82.Final] {}
	at io.netty.util.internal.PlatformDependent0$5.run(PlatformDependent0.java:288) ~[netty-common-4.1.82.Final.jar:4.1.82.Final] {}
	at java.security.AccessController.doPrivileged(AccessController.java:318) ~[?:?] {}
	at io.netty.util.internal.PlatformDependent0.<clinit>(PlatformDependent0.java:282) ~[netty-common-4.1.82.Final.jar:4.1.82.Final] {}
	at io.netty.util.internal.PlatformDependent.isAndroid(PlatformDependent.java:333) ~[netty-common-4.1.82.Final.jar:4.1.82.Final] {}
	at io.netty.util.internal.PlatformDependent.<clinit>(PlatformDependent.java:88) ~[netty-common-4.1.82.Final.jar:4.1.82.Final] {}
	at io.netty.util.ConstantPool.<init>(ConstantPool.java:34) ~[netty-common-4.1.82.Final.jar:4.1.82.Final] {}
	at io.netty.util.AttributeKey$1.<init>(AttributeKey.java:27) ~[netty-common-4.1.82.Final.jar:4.1.82.Final] {}
	at io.netty.util.AttributeKey.<clinit>(AttributeKey.java:27) ~[netty-common-4.1.82.Final.jar:4.1.82.Final] {}
	at net.minecraftforge.network.NetworkConstants.<clinit>(NetworkConstants.java:34) ~[forge-1.20.1-47.4.10_mapped_official_1.20.1.jar:?] {re:classloading}
	at net.minecraftforge.network.NetworkHooks.init(NetworkHooks.java:52) ~[forge-1.20.1-47.4.10_mapped_official_1.20.1.jar:?] {re:classloading}
	at net.minecraft.server.Bootstrap.bootStrap(Bootstrap.java:62) ~[forge-1.20.1-47.4.10_mapped_official_1.20.1.jar:?] {re:classloading}
	at net.minecraft.server.Main.main(Main.java:121) ~[forge-1.20.1-47.4.10_mapped_official_1.20.1.jar:?] {re:classloading}
	at jdk.internal.reflect.NativeMethodAccessorImpl.invoke0(Native Method) ~[?:?] {}
	at jdk.internal.reflect.NativeMethodAccessorImpl.invoke(NativeMethodAccessorImpl.java:77) ~[?:?] {}
	at jdk.internal.reflect.DelegatingMethodAccessorImpl.invoke(DelegatingMethodAccessorImpl.java:43) ~[?:?] {}
	at java.lang.reflect.Method.invoke(Method.java:569) ~[?:?] {}
	at net.minecraftforge.fml.loading.targets.CommonLaunchHandler.runTarget(CommonLaunchHandler.java:111) ~[fmlloader-1.20.1-47.4.10.jar:?] {}
	at net.minecraftforge.fml.loading.targets.CommonLaunchHandler.serverService(CommonLaunchHandler.java:103) ~[fmlloader-1.20.1-47.4.10.jar:?] {}
	at net.minecraftforge.fml.loading.targets.ForgeServerUserdevLaunchHandler.devService(ForgeServerUserdevLaunchHandler.java:16) ~[fmlloader-1.20.1-47.4.10.jar:?] {}
	at net.minecraftforge.fml.loading.targets.CommonDevLaunchHandler.lambda$makeService$7(CommonDevLaunchHandler.java:135) ~[fmlloader-1.20.1-47.4.10.jar:?] {}
	at cpw.mods.modlauncher.LaunchServiceHandlerDecorator.launch(LaunchServiceHandlerDecorator.java:30) ~[modlauncher-10.0.9.jar:?] {}
	at cpw.mods.modlauncher.LaunchServiceHandler.launch(LaunchServiceHandler.java:53) ~[modlauncher-10.0.9.jar:?] {}
	at cpw.mods.modlauncher.LaunchServiceHandler.launch(LaunchServiceHandler.java:71) ~[modlauncher-10.0.9.jar:?] {}
	at cpw.mods.modlauncher.Launcher.run(Launcher.java:108) ~[modlauncher-10.0.9.jar:?] {}
	at cpw.mods.modlauncher.Launcher.main(Launcher.java:78) ~[modlauncher-10.0.9.jar:?] {}
	at cpw.mods.modlauncher.BootstrapLaunchConsumer.accept(BootstrapLaunchConsumer.java:26) ~[modlauncher-10.0.9.jar:?] {}
	at cpw.mods.modlauncher.BootstrapLaunchConsumer.accept(BootstrapLaunchConsumer.java:23) ~[modlauncher-10.0.9.jar:?] {}
	at cpw.mods.bootstraplauncher.BootstrapLauncher.main(BootstrapLauncher.java:141) ~[bootstraplauncher-1.1.2.jar:?] {}
[18:06:59] [main/DEBUG] [io.ne.ut.in.PlatformDependent0/]: java.nio.Bits.unaligned: available, true
[18:06:59] [main/DEBUG] [io.ne.ut.in.PlatformDependent0/]: jdk.internal.misc.Unsafe.allocateUninitializedArray(int): unavailable
java.lang.IllegalAccessException: class io.netty.util.internal.PlatformDependent0$7 (in module io.netty.common) cannot access class jdk.internal.misc.Unsafe (in module java.base) because module java.base does not export jdk.internal.misc to module io.netty.common
	at jdk.internal.reflect.Reflection.newIllegalAccessException(Reflection.java:392) ~[?:?] {}
	at java.lang.reflect.AccessibleObject.checkAccess(AccessibleObject.java:674) ~[?:?] {}
	at java.lang.reflect.Method.invoke(Method.java:561) ~[?:?] {}
	at io.netty.util.internal.PlatformDependent0$7.run(PlatformDependent0.java:410) ~[netty-common-4.1.82.Final.jar:4.1.82.Final] {}
	at java.security.AccessController.doPrivileged(AccessController.java:318) ~[?:?] {}
	at io.netty.util.internal.PlatformDependent0.<clinit>(PlatformDependent0.java:401) ~[netty-common-4.1.82.Final.jar:4.1.82.Final] {}
	at io.netty.util.internal.PlatformDependent.isAndroid(PlatformDependent.java:333) ~[netty-common-4.1.82.Final.jar:4.1.82.Final] {}
	at io.netty.util.internal.PlatformDependent.<clinit>(PlatformDependent.java:88) ~[netty-common-4.1.82.Final.jar:4.1.82.Final] {}
	at io.netty.util.ConstantPool.<init>(ConstantPool.java:34) ~[netty-common-4.1.82.Final.jar:4.1.82.Final] {}
	at io.netty.util.AttributeKey$1.<init>(AttributeKey.java:27) ~[netty-common-4.1.82.Final.jar:4.1.82.Final] {}
	at io.netty.util.AttributeKey.<clinit>(AttributeKey.java:27) ~[netty-common-4.1.82.Final.jar:4.1.82.Final] {}
	at net.minecraftforge.network.NetworkConstants.<clinit>(NetworkConstants.java:34) ~[forge-1.20.1-47.4.10_mapped_official_1.20.1.jar:?] {re:classloading}
	at net.minecraftforge.network.NetworkHooks.init(NetworkHooks.java:52) ~[forge-1.20.1-47.4.10_mapped_official_1.20.1.jar:?] {re:classloading}
	at net.minecraft.server.Bootstrap.bootStrap(Bootstrap.java:62) ~[forge-1.20.1-47.4.10_mapped_official_1.20.1.jar:?] {re:classloading}
	at net.minecraft.server.Main.main(Main.java:121) ~[forge-1.20.1-47.4.10_mapped_official_1.20.1.jar:?] {re:classloading}
	at jdk.internal.reflect.NativeMethodAccessorImpl.invoke0(Native Method) ~[?:?] {}
	at jdk.internal.reflect.NativeMethodAccessorImpl.invoke(NativeMethodAccessorImpl.java:77) ~[?:?] {}
	at jdk.internal.reflect.DelegatingMethodAccessorImpl.invoke(DelegatingMethodAccessorImpl.java:43) ~[?:?] {}
	at java.lang.reflect.Method.invoke(Method.java:569) ~[?:?] {}
	at net.minecraftforge.fml.loading.targets.CommonLaunchHandler.runTarget(CommonLaunchHandler.java:111) ~[fmlloader-1.20.1-47.4.10.jar:?] {}
	at net.minecraftforge.fml.loading.targets.CommonLaunchHandler.serverService(CommonLaunchHandler.java:103) ~[fmlloader-1.20.1-47.4.10.jar:?] {}
	at net.minecraftforge.fml.loading.targets.ForgeServerUserdevLaunchHandler.devService(ForgeServerUserdevLaunchHandler.java:16) ~[fmlloader-1.20.1-47.4.10.jar:?] {}
	at net.minecraftforge.fml.loading.targets.CommonDevLaunchHandler.lambda$makeService$7(CommonDevLaunchHandler.java:135) ~[fmlloader-1.20.1-47.4.10.jar:?] {}
	at cpw.mods.modlauncher.LaunchServiceHandlerDecorator.launch(LaunchServiceHandlerDecorator.java:30) ~[modlauncher-10.0.9.jar:?] {}
	at cpw.mods.modlauncher.LaunchServiceHandler.launch(LaunchServiceHandler.java:53) ~[modlauncher-10.0.9.jar:?] {}
	at cpw.mods.modlauncher.LaunchServiceHandler.launch(LaunchServiceHandler.java:71) ~[modlauncher-10.0.9.jar:?] {}
	at cpw.mods.modlauncher.Launcher.run(Launcher.java:108) ~[modlauncher-10.0.9.jar:?] {}
	at cpw.mods.modlauncher.Launcher.main(Launcher.java:78) ~[modlauncher-10.0.9.jar:?] {}
	at cpw.mods.modlauncher.BootstrapLaunchConsumer.accept(BootstrapLaunchConsumer.java:26) ~[modlauncher-10.0.9.jar:?] {}
	at cpw.mods.modlauncher.BootstrapLaunchConsumer.accept(BootstrapLaunchConsumer.java:23) ~[modlauncher-10.0.9.jar:?] {}
	at cpw.mods.bootstraplauncher.BootstrapLauncher.main(BootstrapLauncher.java:141) ~[bootstraplauncher-1.1.2.jar:?] {}
[18:06:59] [main/DEBUG] [io.ne.ut.in.PlatformDependent0/]: java.nio.DirectByteBuffer.<init>(long, int): unavailable
[18:06:59] [main/DEBUG] [io.ne.ut.in.PlatformDependent/]: sun.misc.Unsafe: available
[18:06:59] [main/DEBUG] [io.ne.ut.in.PlatformDependent/]: maxDirectMemory: 6408896512 bytes (maybe)
[18:06:59] [main/DEBUG] [io.ne.ut.in.PlatformDependent/]: -Dio.netty.tmpdir: C:\Users\BLUELO~1\AppData\Local\Temp (java.io.tmpdir)
[18:06:59] [main/DEBUG] [io.ne.ut.in.PlatformDependent/]: -Dio.netty.bitMode: 64 (sun.arch.data.model)
[18:06:59] [main/DEBUG] [io.ne.ut.in.PlatformDependent/]: Platform: Windows
[18:06:59] [main/DEBUG] [io.ne.ut.in.PlatformDependent/]: -Dio.netty.maxDirectMemory: -1 bytes
[18:06:59] [main/DEBUG] [io.ne.ut.in.PlatformDependent/]: -Dio.netty.uninitializedArrayAllocationThreshold: -1
[18:06:59] [main/DEBUG] [io.ne.ut.in.CleanerJava9/]: java.nio.ByteBuffer.cleaner(): available
[18:06:59] [main/DEBUG] [io.ne.ut.in.PlatformDependent/]: -Dio.netty.noPreferDirect: false
[18:06:59] [main/DEBUG] [ne.mi.ne.NetworkHooks/]: Loading Network data for FML net version: FML3
[18:06:59] [main/DEBUG] [ne.mi.co.ForgeI18n/CORE]: Loading I18N data entries: 6434
[18:07:00] [main/DEBUG] [ne.mi.fm.ModWorkManager/LOADING]: Using 4 threads for parallel mod-loading
[18:07:00] [main/DEBUG] [ne.mi.fm.ja.FMLJavaModLanguageProvider/LOADING]: Loading FMLModContainer from classloader cpw.mods.modlauncher.TransformingClassLoader@4548d254 - got cpw.mods.cl.ModuleClassLoader@76075d65
[18:07:00] [main/DEBUG] [ne.mi.fm.ja.FMLModContainer/LOADING]: Creating FMLModContainer instance for com.llamalad7.mixinextras.platform.forge.MixinExtrasMod
[18:07:00] [main/DEBUG] [ne.mi.fm.ja.FMLJavaModLanguageProvider/LOADING]: Loading FMLModContainer from classloader cpw.mods.modlauncher.TransformingClassLoader@4548d254 - got cpw.mods.cl.ModuleClassLoader@76075d65
[18:07:00] [main/DEBUG] [ne.mi.fm.ja.FMLModContainer/LOADING]: Creating FMLModContainer instance for dev.latvian.mods.rhino.mod.forge.RhinoModForge
[18:07:00] [main/DEBUG] [ne.mi.fm.ja.FMLJavaModLanguageProvider/LOADING]: Loading FMLModContainer from classloader cpw.mods.modlauncher.TransformingClassLoader@4548d254 - got cpw.mods.cl.ModuleClassLoader@76075d65
[18:07:00] [main/DEBUG] [ne.mi.fm.ja.FMLModContainer/LOADING]: Creating FMLModContainer instance for net.minecraftforge.common.ForgeMod
[18:07:00] [main/DEBUG] [ne.mi.fm.ja.FMLJavaModLanguageProvider/LOADING]: Loading FMLModContainer from classloader cpw.mods.modlauncher.TransformingClassLoader@4548d254 - got cpw.mods.cl.ModuleClassLoader@76075d65
[18:07:00] [main/DEBUG] [ne.mi.fm.ja.FMLModContainer/LOADING]: Creating FMLModContainer instance for top.theillusivec4.curios.Curios
[18:07:00] [main/DEBUG] [ne.mi.fm.ja.FMLJavaModLanguageProvider/LOADING]: Loading FMLModContainer from classloader cpw.mods.modlauncher.TransformingClassLoader@4548d254 - got cpw.mods.cl.ModuleClassLoader@76075d65
[18:07:00] [main/DEBUG] [ne.mi.fm.ja.FMLModContainer/LOADING]: Creating FMLModContainer instance for software.bernie.example.GeckoLibMod
[18:07:00] [main/DEBUG] [ne.mi.fm.ja.FMLJavaModLanguageProvider/LOADING]: Loading FMLModContainer from classloader cpw.mods.modlauncher.TransformingClassLoader@4548d254 - got cpw.mods.cl.ModuleClassLoader@76075d65
[18:07:00] [main/DEBUG] [ne.mi.fm.ja.FMLModContainer/LOADING]: Creating FMLModContainer instance for dev.architectury.forge.ArchitecturyForge
[18:07:00] [main/DEBUG] [ne.mi.fm.ja.FMLJavaModLanguageProvider/LOADING]: Loading FMLModContainer from classloader cpw.mods.modlauncher.TransformingClassLoader@4548d254 - got cpw.mods.cl.ModuleClassLoader@76075d65
[18:07:00] [main/DEBUG] [ne.mi.fm.ja.FMLModContainer/LOADING]: Creating FMLModContainer instance for dev.latvian.mods.kubejs.forge.KubeJSForge
[18:07:00] [main/DEBUG] [ne.mi.fm.ja.FMLJavaModLanguageProvider/LOADING]: Loading FMLModContainer from classloader cpw.mods.modlauncher.TransformingClassLoader@4548d254 - got cpw.mods.cl.ModuleClassLoader@76075d65
[18:07:00] [main/DEBUG] [ne.mi.fm.ja.FMLModContainer/LOADING]: Creating FMLModContainer instance for elucent.eidolon.Eidolon
[18:07:00] [main/DEBUG] [ne.mi.fm.ja.FMLJavaModLanguageProvider/LOADING]: Loading FMLModContainer from classloader cpw.mods.modlauncher.TransformingClassLoader@4548d254 - got cpw.mods.cl.ModuleClassLoader@76075d65
[18:07:00] [main/DEBUG] [ne.mi.fm.ja.FMLModContainer/LOADING]: Creating FMLModContainer instance for com.bluelotuscoding.eidolonunchained.EidolonUnchained
[18:07:00] [modloading-worker-0/DEBUG] [ne.mi.fm.ja.AutomaticEventSubscriber/LOADING]: Attempting to inject @EventBusSubscriber classes into the eventbus for mixinextras
[18:07:00] [modloading-worker-0/DEBUG] [ne.mi.fm.ja.AutomaticEventSubscriber/LOADING]: Attempting to inject @EventBusSubscriber classes into the eventbus for rhino
[18:07:00] [modloading-worker-0/DEBUG] [ne.mi.ve.fo.ForgeVersion/CORE]: Forge Version package package net.minecraftforge.versions.forge, Forge, version 47.4 from cpw.mods.modlauncher.TransformingClassLoader@4548d254
[18:07:00] [modloading-worker-0/DEBUG] [ne.mi.ve.fo.ForgeVersion/CORE]: Found Forge version 47.4.10
[18:07:00] [modloading-worker-0/DEBUG] [ne.mi.ve.fo.ForgeVersion/CORE]: Found Forge spec 47.4
[18:07:00] [modloading-worker-0/DEBUG] [ne.mi.ve.fo.ForgeVersion/CORE]: Found Forge group net.minecraftforge
[18:07:00] [modloading-worker-0/DEBUG] [ne.mi.ve.mc.MCPVersion/CORE]: MCP Version package package net.minecraftforge.versions.mcp, Minecraft, version 1.20.1 from cpw.mods.modlauncher.TransformingClassLoader@4548d254
[18:07:00] [modloading-worker-0/DEBUG] [ne.mi.ve.mc.MCPVersion/CORE]: Found MC version information 1.20.1
[18:07:00] [modloading-worker-0/DEBUG] [ne.mi.ve.mc.MCPVersion/CORE]: Found MCP version information 20230612.114412
[18:07:00] [modloading-worker-0/INFO] [ne.mi.co.ForgeMod/FORGEMOD]: Forge mod loading, version 47.4.10, for MC 1.20.1 with MCP 20230612.114412
[18:07:00] [modloading-worker-0/INFO] [ne.mi.co.MinecraftForge/FORGE]: MinecraftForge v47.4.10 Initialized
[18:07:00] [modloading-worker-0/DEBUG] [mixin/]: Mixing ReloadableServerResourcesMixin from kubejs-common.mixins.json into net.minecraft.server.ReloadableServerResources
[18:07:00] [modloading-worker-0/DEBUG] [ne.mi.fm.co.ConfigTracker/CONFIG]: Config file curios-client.toml for curios tracking
[18:07:00] [modloading-worker-0/DEBUG] [ne.mi.fm.co.ConfigTracker/CONFIG]: Config file forge-client.toml for forge tracking
[18:07:00] [modloading-worker-0/DEBUG] [ne.mi.fm.co.ConfigTracker/CONFIG]: Config file forge-server.toml for forge tracking
[18:07:00] [modloading-worker-0/DEBUG] [ne.mi.fm.ModLoadingContext/]: Attempted to register an empty config for type COMMON on mod forge
[18:07:00] [modloading-worker-0/DEBUG] [mixin/]: Mixing MixinLevelEvent from architectury.mixins.json into net.minecraftforge.event.level.LevelEvent
[18:07:00] [modloading-worker-0/DEBUG] [ne.mi.fm.co.ConfigTracker/CONFIG]: Config file curios-common.toml for curios tracking
[18:07:00] [modloading-worker-0/DEBUG] [ne.mi.fm.co.ConfigTracker/CONFIG]: Config file curios-server.toml for curios tracking
[18:07:00] [modloading-worker-0/DEBUG] [ne.mi.fm.ja.AutomaticEventSubscriber/LOADING]: Attempting to inject @EventBusSubscriber classes into the eventbus for curios
[18:07:00] [modloading-worker-0/DEBUG] [mixin/]: Mixing DamageSourceMixin from kubejs-common.mixins.json into net.minecraft.world.damagesource.DamageSource
[18:07:00] [modloading-worker-0/DEBUG] [ne.mi.fm.ja.AutomaticEventSubscriber/LOADING]: Attempting to inject @EventBusSubscriber classes into the eventbus for forge
[18:07:00] [modloading-worker-0/DEBUG] [ne.mi.fm.ja.AutomaticEventSubscriber/LOADING]: Auto-subscribing net.minecraftforge.common.ForgeSpawnEggItem$CommonHandler to MOD
[18:07:00] [modloading-worker-0/DEBUG] [ne.mi.fm.co.ConfigTracker/CONFIG]: Config file eidolon-client.toml for eidolon tracking
[18:07:00] [modloading-worker-0/DEBUG] [ne.mi.fm.co.ConfigTracker/CONFIG]: Config file eidolon-common.toml for eidolon tracking
[18:07:00] [modloading-worker-0/INFO] [KubeJS/]: Loaded common.properties
[18:07:00] [modloading-worker-0/INFO] [KubeJS/]: Loaded dev.properties
[18:07:00] [modloading-worker-0/DEBUG] [ne.mi.fm.ja.AutomaticEventSubscriber/LOADING]: Attempting to inject @EventBusSubscriber classes into the eventbus for geckolib
[18:07:00] [modloading-worker-0/DEBUG] [ne.mi.fm.ja.AutomaticEventSubscriber/LOADING]: Auto-subscribing software.bernie.example.GeckoLibMod to FORGE
[18:07:00] [modloading-worker-0/DEBUG] [ne.mi.fm.ja.AutomaticEventSubscriber/LOADING]: Auto-subscribing software.bernie.example.CommonListener to MOD
[18:07:00] [modloading-worker-0/DEBUG] [ne.mi.fm.ja.AutomaticEventSubscriber/LOADING]: Attempting to inject @EventBusSubscriber classes into the eventbus for architectury
[18:07:00] [modloading-worker-0/DEBUG] [ne.mi.fm.ja.AutomaticEventSubscriber/LOADING]: Auto-subscribing dev.architectury.networking.forge.NetworkManagerImpl to FORGE
[18:07:00] [modloading-worker-0/INFO] [KubeJS Startup/]: Capturing errors for startup scripts enabled
[18:07:00] [modloading-worker-0/INFO] [KubeJS/]: Looking for KubeJS plugins...
[18:07:00] [modloading-worker-0/INFO] [KubeJS/]: Found plugin source kubejs
[18:07:00] [modloading-worker-0/DEBUG] [ne.mi.fm.co.ConfigTracker/CONFIG]: Config file eidolonunchained-common.toml for eidolonunchained tracking
[18:07:00] [modloading-worker-0/INFO] [de.ar.ne.fo.NetworkManagerImpl/]: Registering C2S receiver with id architectury:sync_ids
[18:07:00] [modloading-worker-0/INFO] [co.bl.ei.EidolonUnchained/]: Eidolon Unchained 2.0.0-alpha.1 loading (Eidolon 0.3.13, KubeJS 2001.6.5-build.26, GeckoLib 4.8.4)
[18:07:00] [modloading-worker-0/DEBUG] [ne.mi.fm.ja.AutomaticEventSubscriber/LOADING]: Attempting to inject @EventBusSubscriber classes into the eventbus for eidolonunchained
[18:07:00] [modloading-worker-0/DEBUG] [ne.mi.fm.ja.AutomaticEventSubscriber/LOADING]: Auto-subscribing com.bluelotuscoding.eidolonunchained.kubejs.EUEvents to FORGE
[18:07:00] [modloading-worker-0/DEBUG] [ne.mi.fm.ja.AutomaticEventSubscriber/LOADING]: Auto-subscribing dev.architectury.registry.forge.ReloadListenerRegistryImpl to FORGE
[18:07:00] [modloading-worker-0/DEBUG] [ne.mi.fm.ja.AutomaticEventSubscriber/LOADING]: Auto-subscribing dev.architectury.registry.level.entity.trade.forge.TradeRegistryImpl to FORGE
[18:07:00] [modloading-worker-0/DEBUG] [mixin/]: Mixing EventHandlerBridgeMixin from kubejs-common.mixins.json into dev.latvian.mods.kubejs.event.EventHandler
[18:07:00] [modloading-worker-0/WARN] [KubeJS/]: Plugin dev.latvian.mods.kubejs.forge.BuiltinKubeJSForgeClientPlugin does not load on server side, skipping
[18:07:00] [modloading-worker-0/WARN] [KubeJS/]: Plugin dev.latvian.mods.kubejs.integration.forge.gamestages.GameStagesIntegration does not have required mod gamestages loaded, skipping
[18:07:00] [modloading-worker-0/INFO] [KubeJS/]: Found plugin source eidolonunchained
[18:07:00] [modloading-worker-0/DEBUG] [mixin/]: Mixing EventHandlerInvoker from kubejs-common.mixins.json into dev.latvian.mods.kubejs.event.EventHandler
[18:07:00] [modloading-worker-0/INFO] [KubeJS/]: Done in 48.51 ms
[18:07:00] [modloading-worker-0/DEBUG] [mixin/]: Mixing CropBlockMixin from kubejs-forge.mixins.json into dev.latvian.mods.kubejs.block.custom.BasicCropBlockJS
[18:07:00] [modloading-worker-0/INFO] [co.bl.ei.EidolonUnchained/]: KubeJS plugin registered: event group 'EidolonUnchainedEvents'
[18:07:00] [modloading-worker-0/INFO] [Rhino Script Remapper/]: Loading Rhino Minecraft remapper...
[18:07:00] [modloading-worker-0/INFO] [de.la.mo.rh.mo.ut.RhinoProperties/]: Rhino properties loaded.
[18:07:00] [modloading-worker-0/INFO] [Rhino Script Remapper/]: Loading mappings for 1.20.1
[18:07:00] [modloading-worker-0/DEBUG] [ne.mi.fm.ja.AutomaticEventSubscriber/LOADING]: Attempting to inject @EventBusSubscriber classes into the eventbus for eidolon
[18:07:00] [modloading-worker-0/DEBUG] [ne.mi.fm.ja.AutomaticEventSubscriber/LOADING]: Auto-subscribing elucent.eidolon.registries.EidolonAttributes to MOD
[18:07:00] [modloading-worker-0/DEBUG] [ne.mi.fm.ja.AutomaticEventSubscriber/LOADING]: Auto-subscribing elucent.eidolon.datagen.Datagen to MOD
[18:07:01] [modloading-worker-0/INFO] [Rhino Script Remapper/]: Done in 0.294 s
[18:07:01] [modloading-worker-0/DEBUG] [mixin/]: Mixing components.ClickEventMixin from kubejs-common.mixins.json into net.minecraft.network.chat.ClickEvent
[18:07:01] [modloading-worker-0/DEBUG] [mixin/]: Renaming synthetic method lambda$toJsonJS$0(Lcom/google/gson/JsonObject;)V to mdc7d460$lambda$toJsonJS$0$0 in kubejs-common.mixins.json:components.ClickEventMixin
[18:07:01] [modloading-worker-0/DEBUG] [mixin/]: Mixing DifferenceIngredientMixin from kubejs-forge.mixins.json into net.minecraftforge.common.crafting.DifferenceIngredient
[18:07:01] [modloading-worker-0/DEBUG] [mixin/]: Mixing TrivialIngredientsMixin from kubejs-forge.mixins.json into net.minecraftforge.common.crafting.PartialNBTIngredient
[18:07:01] [modloading-worker-0/DEBUG] [mixin/]: Mixing TrivialIngredientsMixin from kubejs-forge.mixins.json into net.minecraftforge.common.crafting.StrictNBTIngredient
[18:07:01] [modloading-worker-0/INFO] [KubeJS Startup/]: Loaded script startup_scripts:eu_smoke.js in 0.067 s
[18:07:01] [modloading-worker-0/INFO] [KubeJS Startup/]: Loaded 1/1 KubeJS startup scripts in 0.703 s with 0 errors and 0 warnings
[18:07:01] [modloading-worker-0/INFO] [de.ar.ne.fo.NetworkManagerImpl/]: Registering C2S receiver with id kubejs:send_data_from_client
[18:07:01] [modloading-worker-0/INFO] [de.ar.ne.fo.NetworkManagerImpl/]: Registering C2S receiver with id kubejs:first_click
[18:07:01] [modloading-worker-0/DEBUG] [mixin/]: Mixing IngredientsWithChildrenMixin from kubejs-forge.mixins.json into net.minecraftforge.common.crafting.CompoundIngredient
[18:07:01] [modloading-worker-0/DEBUG] [ne.mi.fm.ja.AutomaticEventSubscriber/LOADING]: Attempting to inject @EventBusSubscriber classes into the eventbus for kubejs
[18:07:01] [main/DEBUG] [ne.mi.re.ObjectHolderRegistry/REGISTRIES]: Processing ObjectHolder annotations
[18:07:01] [main/DEBUG] [ne.mi.re.ObjectHolderRegistry/REGISTRIES]: Found 4274 ObjectHolder annotations
[18:07:01] [main/DEBUG] [ne.mi.co.ca.CapabilityManager/CAPABILITIES]: Attempting to automatically register: Lnet/minecraftforge/energy/IEnergyStorage;
[18:07:01] [main/DEBUG] [ne.mi.co.ca.CapabilityManager/CAPABILITIES]: Attempting to automatically register: Lnet/minecraftforge/fluids/capability/IFluidHandler;
[18:07:01] [main/DEBUG] [ne.mi.co.ca.CapabilityManager/CAPABILITIES]: Attempting to automatically register: Lnet/minecraftforge/fluids/capability/IFluidHandlerItem;
[18:07:01] [main/DEBUG] [ne.mi.co.ca.CapabilityManager/CAPABILITIES]: Attempting to automatically register: Lnet/minecraftforge/items/IItemHandler;
[18:07:01] [main/DEBUG] [ne.mi.re.GameData/REGISTRIES]: Unfreezing vanilla registries
[18:07:01] [main/INFO] [KubeJS/]: Skipping minecraft:sound_event registry
[18:07:01] [main/DEBUG] [ne.mi.re.GameData/REGISTRIES]: Applying holder lookups: minecraft:sound_event
[18:07:01] [main/DEBUG] [ne.mi.re.GameData/REGISTRIES]: Holder lookups applied: minecraft:sound_event
[18:07:01] [main/INFO] [KubeJS/]: Skipping minecraft:fluid registry
[18:07:01] [main/DEBUG] [ne.mi.re.GameData/REGISTRIES]: Applying holder lookups: minecraft:fluid
[18:07:01] [main/DEBUG] [ne.mi.re.GameData/REGISTRIES]: Holder lookups applied: minecraft:fluid
[18:07:01] [main/INFO] [KubeJS/]: Skipping minecraft:block registry
[18:07:02] [main/DEBUG] [ne.mi.re.GameData/REGISTRIES]: Applying holder lookups: minecraft:block
[18:07:02] [main/DEBUG] [ne.mi.re.GameData/REGISTRIES]: Holder lookups applied: minecraft:block
[18:07:02] [main/INFO] [KubeJS/]: Skipping minecraft:attribute registry
[18:07:02] [main/DEBUG] [ne.mi.re.GameData/REGISTRIES]: Applying holder lookups: minecraft:attribute
[18:07:02] [main/DEBUG] [ne.mi.re.GameData/REGISTRIES]: Holder lookups applied: minecraft:attribute
[18:07:02] [main/INFO] [KubeJS/]: Skipping minecraft:mob_effect registry
[18:07:02] [main/DEBUG] [ne.mi.re.GameData/REGISTRIES]: Applying holder lookups: minecraft:mob_effect
[18:07:02] [main/DEBUG] [ne.mi.re.GameData/REGISTRIES]: Holder lookups applied: minecraft:mob_effect
[18:07:02] [main/INFO] [KubeJS/]: Skipping minecraft:particle_type registry
[18:07:02] [main/DEBUG] [ne.mi.re.GameData/REGISTRIES]: Applying holder lookups: minecraft:particle_type
[18:07:02] [main/DEBUG] [ne.mi.re.GameData/REGISTRIES]: Holder lookups applied: minecraft:particle_type
[18:07:02] [main/DEBUG] [so.be.ge.GeckoLib/]: Registered SyncedAnimatable for class software.bernie.example.item.JackInTheBoxItem
[18:07:02] [main/INFO] [KubeJS/]: Skipping minecraft:item registry
[18:07:02] [main/DEBUG] [ne.mi.re.GameData/REGISTRIES]: Applying holder lookups: minecraft:item
[18:07:02] [main/DEBUG] [ne.mi.re.GameData/REGISTRIES]: Holder lookups applied: minecraft:item
[18:07:02] [main/INFO] [KubeJS/]: Skipping minecraft:entity_type registry
[18:07:02] [main/DEBUG] [ne.mi.re.GameData/REGISTRIES]: Applying holder lookups: minecraft:entity_type
[18:07:02] [main/DEBUG] [ne.mi.re.GameData/REGISTRIES]: Holder lookups applied: minecraft:entity_type
[18:07:02] [main/INFO] [KubeJS/]: Skipping minecraft:sensor_type registry
[18:07:02] [main/DEBUG] [ne.mi.re.GameData/REGISTRIES]: Applying holder lookups: minecraft:sensor_type
[18:07:02] [main/DEBUG] [ne.mi.re.GameData/REGISTRIES]: Holder lookups applied: minecraft:sensor_type
[18:07:02] [main/INFO] [KubeJS/]: Skipping minecraft:memory_module_type registry
[18:07:02] [main/DEBUG] [ne.mi.re.GameData/REGISTRIES]: Applying holder lookups: minecraft:memory_module_type
[18:07:02] [main/DEBUG] [ne.mi.re.GameData/REGISTRIES]: Holder lookups applied: minecraft:memory_module_type
[18:07:02] [main/INFO] [KubeJS/]: Skipping minecraft:potion registry
[18:07:02] [main/DEBUG] [ne.mi.re.GameData/REGISTRIES]: Applying holder lookups: minecraft:potion
[18:07:02] [main/DEBUG] [ne.mi.re.GameData/REGISTRIES]: Holder lookups applied: minecraft:potion
[18:07:02] [main/INFO] [KubeJS/]: Skipping minecraft:game_event registry
[18:07:02] [main/DEBUG] [ne.mi.re.GameData/REGISTRIES]: Applying holder lookups: minecraft:game_event
[18:07:02] [main/DEBUG] [ne.mi.re.GameData/REGISTRIES]: Holder lookups applied: minecraft:game_event
[18:07:02] [main/INFO] [KubeJS/]: Skipping minecraft:enchantment registry
[18:07:02] [main/DEBUG] [ne.mi.re.GameData/REGISTRIES]: Applying holder lookups: minecraft:enchantment
[18:07:02] [main/DEBUG] [ne.mi.re.GameData/REGISTRIES]: Holder lookups applied: minecraft:enchantment
[18:07:02] [main/INFO] [KubeJS/]: Skipping minecraft:block_entity_type registry
[18:07:02] [main/DEBUG] [ne.mi.re.GameData/REGISTRIES]: Applying holder lookups: minecraft:block_entity_type
[18:07:02] [main/DEBUG] [ne.mi.re.GameData/REGISTRIES]: Holder lookups applied: minecraft:block_entity_type
[18:07:02] [main/INFO] [KubeJS/]: Skipping minecraft:painting_variant registry
[18:07:02] [main/DEBUG] [ne.mi.re.GameData/REGISTRIES]: Applying holder lookups: minecraft:painting_variant
[18:07:02] [main/DEBUG] [ne.mi.re.GameData/REGISTRIES]: Holder lookups applied: minecraft:painting_variant
[18:07:02] [main/INFO] [KubeJS/]: Skipping minecraft:stat_type registry
[18:07:02] [main/DEBUG] [ne.mi.re.GameData/REGISTRIES]: Applying holder lookups: minecraft:stat_type
[18:07:02] [main/DEBUG] [ne.mi.re.GameData/REGISTRIES]: Holder lookups applied: minecraft:stat_type
[18:07:02] [main/INFO] [KubeJS/]: Skipping minecraft:custom_stat registry
[18:07:02] [main/DEBUG] [ne.mi.re.GameData/REGISTRIES]: Applying holder lookups: minecraft:custom_stat
[18:07:02] [main/DEBUG] [ne.mi.re.GameData/REGISTRIES]: Holder lookups applied: minecraft:custom_stat
[18:07:02] [main/INFO] [KubeJS/]: Skipping minecraft:chunk_status registry
[18:07:02] [main/DEBUG] [ne.mi.re.GameData/REGISTRIES]: Applying holder lookups: minecraft:chunk_status
[18:07:02] [main/DEBUG] [ne.mi.re.GameData/REGISTRIES]: Holder lookups applied: minecraft:chunk_status
[18:07:02] [main/INFO] [KubeJS/]: Skipping minecraft:rule_test registry
[18:07:02] [main/DEBUG] [ne.mi.re.GameData/REGISTRIES]: Applying holder lookups: minecraft:rule_test
[18:07:02] [main/DEBUG] [ne.mi.re.GameData/REGISTRIES]: Holder lookups applied: minecraft:rule_test
[18:07:02] [main/INFO] [KubeJS/]: Skipping minecraft:rule_block_entity_modifier registry
[18:07:02] [main/DEBUG] [ne.mi.re.GameData/REGISTRIES]: Applying holder lookups: minecraft:rule_block_entity_modifier
[18:07:02] [main/DEBUG] [ne.mi.re.GameData/REGISTRIES]: Holder lookups applied: minecraft:rule_block_entity_modifier
[18:07:02] [main/INFO] [KubeJS/]: Skipping minecraft:pos_rule_test registry
[18:07:02] [main/DEBUG] [ne.mi.re.GameData/REGISTRIES]: Applying holder lookups: minecraft:pos_rule_test
[18:07:02] [main/DEBUG] [ne.mi.re.GameData/REGISTRIES]: Holder lookups applied: minecraft:pos_rule_test
[18:07:02] [main/INFO] [KubeJS/]: Skipping minecraft:menu registry
[18:07:02] [main/DEBUG] [ne.mi.re.GameData/REGISTRIES]: Applying holder lookups: minecraft:menu
[18:07:02] [main/DEBUG] [ne.mi.re.GameData/REGISTRIES]: Holder lookups applied: minecraft:menu
[18:07:02] [main/INFO] [KubeJS/]: Skipping minecraft:recipe_type registry
[18:07:02] [main/DEBUG] [ne.mi.re.GameData/REGISTRIES]: Applying holder lookups: minecraft:recipe_type
[18:07:02] [main/DEBUG] [ne.mi.re.GameData/REGISTRIES]: Holder lookups applied: minecraft:recipe_type
[18:07:02] [main/DEBUG] [mixin/]: Mixing IngredientsWithChildrenMixin from kubejs-forge.mixins.json into net.minecraftforge.common.crafting.IntersectionIngredient
[18:07:02] [main/INFO] [KubeJS/]: Skipping minecraft:recipe_serializer registry
[18:07:02] [main/DEBUG] [ne.mi.re.GameData/REGISTRIES]: Applying holder lookups: minecraft:recipe_serializer
[18:07:02] [main/DEBUG] [ne.mi.re.GameData/REGISTRIES]: Holder lookups applied: minecraft:recipe_serializer
[18:07:02] [main/INFO] [KubeJS/]: Skipping minecraft:position_source_type registry
[18:07:02] [main/DEBUG] [ne.mi.re.GameData/REGISTRIES]: Applying holder lookups: minecraft:position_source_type
[18:07:02] [main/DEBUG] [ne.mi.re.GameData/REGISTRIES]: Holder lookups applied: minecraft:position_source_type
[18:07:02] [main/INFO] [KubeJS/]: Skipping minecraft:command_argument_type registry
[18:07:02] [main/DEBUG] [ne.mi.re.GameData/REGISTRIES]: Applying holder lookups: minecraft:command_argument_type
[18:07:02] [main/DEBUG] [ne.mi.re.GameData/REGISTRIES]: Holder lookups applied: minecraft:command_argument_type
[18:07:02] [main/INFO] [KubeJS/]: Skipping minecraft:villager_type registry
[18:07:02] [main/DEBUG] [ne.mi.re.GameData/REGISTRIES]: Applying holder lookups: minecraft:villager_type
[18:07:02] [main/DEBUG] [ne.mi.re.GameData/REGISTRIES]: Holder lookups applied: minecraft:villager_type
[18:07:02] [main/INFO] [KubeJS/]: Skipping minecraft:villager_profession registry
[18:07:02] [main/DEBUG] [ne.mi.re.GameData/REGISTRIES]: Applying holder lookups: minecraft:villager_profession
[18:07:02] [main/DEBUG] [ne.mi.re.GameData/REGISTRIES]: Holder lookups applied: minecraft:villager_profession
[18:07:02] [main/INFO] [KubeJS/]: Skipping minecraft:point_of_interest_type registry
[18:07:02] [main/DEBUG] [ne.mi.re.GameData/REGISTRIES]: Applying holder lookups: minecraft:point_of_interest_type
[18:07:02] [main/DEBUG] [ne.mi.re.GameData/REGISTRIES]: Holder lookups applied: minecraft:point_of_interest_type
[18:07:02] [main/INFO] [KubeJS/]: Skipping minecraft:schedule registry
[18:07:02] [main/DEBUG] [ne.mi.re.GameData/REGISTRIES]: Applying holder lookups: minecraft:schedule
[18:07:02] [main/DEBUG] [ne.mi.re.GameData/REGISTRIES]: Holder lookups applied: minecraft:schedule
[18:07:02] [main/INFO] [KubeJS/]: Skipping minecraft:activity registry
[18:07:02] [main/DEBUG] [ne.mi.re.GameData/REGISTRIES]: Applying holder lookups: minecraft:activity
[18:07:02] [main/DEBUG] [ne.mi.re.GameData/REGISTRIES]: Holder lookups applied: minecraft:activity
[18:07:02] [main/INFO] [KubeJS/]: Skipping minecraft:loot_pool_entry_type registry
[18:07:02] [main/DEBUG] [ne.mi.re.GameData/REGISTRIES]: Applying holder lookups: minecraft:loot_pool_entry_type
[18:07:02] [main/DEBUG] [ne.mi.re.GameData/REGISTRIES]: Holder lookups applied: minecraft:loot_pool_entry_type
[18:07:02] [main/INFO] [KubeJS/]: Skipping minecraft:loot_function_type registry
[18:07:02] [main/DEBUG] [ne.mi.re.GameData/REGISTRIES]: Applying holder lookups: minecraft:loot_function_type
[18:07:02] [main/DEBUG] [ne.mi.re.GameData/REGISTRIES]: Holder lookups applied: minecraft:loot_function_type
[18:07:02] [main/INFO] [KubeJS/]: Skipping minecraft:loot_condition_type registry
[18:07:02] [main/DEBUG] [ne.mi.re.GameData/REGISTRIES]: Applying holder lookups: minecraft:loot_condition_type
[18:07:02] [main/DEBUG] [ne.mi.re.GameData/REGISTRIES]: Holder lookups applied: minecraft:loot_condition_type
[18:07:02] [main/INFO] [KubeJS/]: Skipping minecraft:loot_number_provider_type registry
[18:07:02] [main/DEBUG] [ne.mi.re.GameData/REGISTRIES]: Applying holder lookups: minecraft:loot_number_provider_type
[18:07:02] [main/DEBUG] [ne.mi.re.GameData/REGISTRIES]: Holder lookups applied: minecraft:loot_number_provider_type
[18:07:02] [main/INFO] [KubeJS/]: Skipping minecraft:loot_nbt_provider_type registry
[18:07:02] [main/DEBUG] [ne.mi.re.GameData/REGISTRIES]: Applying holder lookups: minecraft:loot_nbt_provider_type
[18:07:02] [main/DEBUG] [ne.mi.re.GameData/REGISTRIES]: Holder lookups applied: minecraft:loot_nbt_provider_type
[18:07:02] [main/INFO] [KubeJS/]: Skipping minecraft:loot_score_provider_type registry
[18:07:02] [main/DEBUG] [ne.mi.re.GameData/REGISTRIES]: Applying holder lookups: minecraft:loot_score_provider_type
[18:07:02] [main/DEBUG] [ne.mi.re.GameData/REGISTRIES]: Holder lookups applied: minecraft:loot_score_provider_type
[18:07:02] [main/INFO] [KubeJS/]: Skipping minecraft:float_provider_type registry
[18:07:02] [main/DEBUG] [ne.mi.re.GameData/REGISTRIES]: Applying holder lookups: minecraft:float_provider_type
[18:07:02] [main/DEBUG] [ne.mi.re.GameData/REGISTRIES]: Holder lookups applied: minecraft:float_provider_type
[18:07:02] [main/INFO] [KubeJS/]: Skipping minecraft:int_provider_type registry
[18:07:02] [main/DEBUG] [ne.mi.re.GameData/REGISTRIES]: Applying holder lookups: minecraft:int_provider_type
[18:07:02] [main/DEBUG] [ne.mi.re.GameData/REGISTRIES]: Holder lookups applied: minecraft:int_provider_type
[18:07:02] [main/INFO] [KubeJS/]: Skipping minecraft:height_provider_type registry
[18:07:02] [main/DEBUG] [ne.mi.re.GameData/REGISTRIES]: Applying holder lookups: minecraft:height_provider_type
[18:07:02] [main/DEBUG] [ne.mi.re.GameData/REGISTRIES]: Holder lookups applied: minecraft:height_provider_type
[18:07:02] [main/INFO] [KubeJS/]: Skipping minecraft:block_predicate_type registry
[18:07:02] [main/DEBUG] [ne.mi.re.GameData/REGISTRIES]: Applying holder lookups: minecraft:block_predicate_type
[18:07:02] [main/DEBUG] [ne.mi.re.GameData/REGISTRIES]: Holder lookups applied: minecraft:block_predicate_type
[18:07:02] [main/INFO] [KubeJS/]: Skipping minecraft:worldgen/carver registry
[18:07:02] [main/DEBUG] [ne.mi.re.GameData/REGISTRIES]: Applying holder lookups: minecraft:worldgen/carver
[18:07:02] [main/DEBUG] [ne.mi.re.GameData/REGISTRIES]: Holder lookups applied: minecraft:worldgen/carver
[18:07:02] [main/INFO] [KubeJS/]: Skipping minecraft:worldgen/feature registry
[18:07:02] [main/DEBUG] [ne.mi.re.GameData/REGISTRIES]: Applying holder lookups: minecraft:worldgen/feature
[18:07:02] [main/DEBUG] [ne.mi.re.GameData/REGISTRIES]: Holder lookups applied: minecraft:worldgen/feature
[18:07:02] [main/INFO] [KubeJS/]: Skipping minecraft:worldgen/structure_processor registry
[18:07:02] [main/DEBUG] [ne.mi.re.GameData/REGISTRIES]: Applying holder lookups: minecraft:worldgen/structure_processor
[18:07:02] [main/DEBUG] [ne.mi.re.GameData/REGISTRIES]: Holder lookups applied: minecraft:worldgen/structure_processor
[18:07:02] [main/INFO] [KubeJS/]: Skipping minecraft:worldgen/structure_placement registry
[18:07:02] [main/DEBUG] [ne.mi.re.GameData/REGISTRIES]: Applying holder lookups: minecraft:worldgen/structure_placement
[18:07:02] [main/DEBUG] [ne.mi.re.GameData/REGISTRIES]: Holder lookups applied: minecraft:worldgen/structure_placement
[18:07:02] [main/INFO] [KubeJS/]: Skipping minecraft:worldgen/structure_piece registry
[18:07:02] [main/DEBUG] [ne.mi.re.GameData/REGISTRIES]: Applying holder lookups: minecraft:worldgen/structure_piece
[18:07:02] [main/DEBUG] [ne.mi.re.GameData/REGISTRIES]: Holder lookups applied: minecraft:worldgen/structure_piece
[18:07:02] [main/INFO] [KubeJS/]: Skipping minecraft:worldgen/structure_type registry
[18:07:02] [main/DEBUG] [ne.mi.re.GameData/REGISTRIES]: Applying holder lookups: minecraft:worldgen/structure_type
[18:07:02] [main/DEBUG] [ne.mi.re.GameData/REGISTRIES]: Holder lookups applied: minecraft:worldgen/structure_type
[18:07:02] [main/INFO] [KubeJS/]: Skipping minecraft:worldgen/placement_modifier_type registry
[18:07:02] [main/DEBUG] [ne.mi.re.GameData/REGISTRIES]: Applying holder lookups: minecraft:worldgen/placement_modifier_type
[18:07:02] [main/DEBUG] [ne.mi.re.GameData/REGISTRIES]: Holder lookups applied: minecraft:worldgen/placement_modifier_type
[18:07:02] [main/INFO] [KubeJS/]: Skipping minecraft:worldgen/block_state_provider_type registry
[18:07:02] [main/DEBUG] [ne.mi.re.GameData/REGISTRIES]: Applying holder lookups: minecraft:worldgen/block_state_provider_type
[18:07:02] [main/DEBUG] [ne.mi.re.GameData/REGISTRIES]: Holder lookups applied: minecraft:worldgen/block_state_provider_type
[18:07:02] [main/INFO] [KubeJS/]: Skipping minecraft:worldgen/foliage_placer_type registry
[18:07:02] [main/DEBUG] [ne.mi.re.GameData/REGISTRIES]: Applying holder lookups: minecraft:worldgen/foliage_placer_type
[18:07:02] [main/DEBUG] [ne.mi.re.GameData/REGISTRIES]: Holder lookups applied: minecraft:worldgen/foliage_placer_type
[18:07:02] [main/INFO] [KubeJS/]: Skipping minecraft:worldgen/trunk_placer_type registry
[18:07:02] [main/DEBUG] [ne.mi.re.GameData/REGISTRIES]: Applying holder lookups: minecraft:worldgen/trunk_placer_type
[18:07:02] [main/DEBUG] [ne.mi.re.GameData/REGISTRIES]: Holder lookups applied: minecraft:worldgen/trunk_placer_type
[18:07:02] [main/INFO] [KubeJS/]: Skipping minecraft:worldgen/root_placer_type registry
[18:07:02] [main/DEBUG] [ne.mi.re.GameData/REGISTRIES]: Applying holder lookups: minecraft:worldgen/root_placer_type
[18:07:02] [main/DEBUG] [ne.mi.re.GameData/REGISTRIES]: Holder lookups applied: minecraft:worldgen/root_placer_type
[18:07:02] [main/INFO] [KubeJS/]: Skipping minecraft:worldgen/tree_decorator_type registry
[18:07:02] [main/DEBUG] [ne.mi.re.GameData/REGISTRIES]: Applying holder lookups: minecraft:worldgen/tree_decorator_type
[18:07:02] [main/DEBUG] [ne.mi.re.GameData/REGISTRIES]: Holder lookups applied: minecraft:worldgen/tree_decorator_type
[18:07:02] [main/INFO] [KubeJS/]: Skipping minecraft:worldgen/feature_size_type registry
[18:07:02] [main/DEBUG] [ne.mi.re.GameData/REGISTRIES]: Applying holder lookups: minecraft:worldgen/feature_size_type
[18:07:02] [main/DEBUG] [ne.mi.re.GameData/REGISTRIES]: Holder lookups applied: minecraft:worldgen/feature_size_type
[18:07:02] [main/INFO] [KubeJS/]: Skipping minecraft:worldgen/biome_source registry
[18:07:02] [main/DEBUG] [ne.mi.re.GameData/REGISTRIES]: Applying holder lookups: minecraft:worldgen/biome_source
[18:07:02] [main/DEBUG] [ne.mi.re.GameData/REGISTRIES]: Holder lookups applied: minecraft:worldgen/biome_source
[18:07:02] [main/INFO] [KubeJS/]: Skipping minecraft:worldgen/chunk_generator registry
[18:07:02] [main/DEBUG] [ne.mi.re.GameData/REGISTRIES]: Applying holder lookups: minecraft:worldgen/chunk_generator
[18:07:02] [main/DEBUG] [ne.mi.re.GameData/REGISTRIES]: Holder lookups applied: minecraft:worldgen/chunk_generator
[18:07:02] [main/INFO] [KubeJS/]: Skipping minecraft:worldgen/material_condition registry
[18:07:02] [main/DEBUG] [ne.mi.re.GameData/REGISTRIES]: Applying holder lookups: minecraft:worldgen/material_condition
[18:07:02] [main/DEBUG] [ne.mi.re.GameData/REGISTRIES]: Holder lookups applied: minecraft:worldgen/material_condition
[18:07:02] [main/INFO] [KubeJS/]: Skipping minecraft:worldgen/material_rule registry
[18:07:02] [main/DEBUG] [ne.mi.re.GameData/REGISTRIES]: Applying holder lookups: minecraft:worldgen/material_rule
[18:07:02] [main/DEBUG] [ne.mi.re.GameData/REGISTRIES]: Holder lookups applied: minecraft:worldgen/material_rule
[18:07:02] [main/INFO] [KubeJS/]: Skipping minecraft:worldgen/density_function_type registry
[18:07:02] [main/DEBUG] [ne.mi.re.GameData/REGISTRIES]: Applying holder lookups: minecraft:worldgen/density_function_type
[18:07:02] [main/DEBUG] [ne.mi.re.GameData/REGISTRIES]: Holder lookups applied: minecraft:worldgen/density_function_type
[18:07:02] [main/INFO] [KubeJS/]: Skipping minecraft:worldgen/structure_pool_element registry
[18:07:02] [main/DEBUG] [ne.mi.re.GameData/REGISTRIES]: Applying holder lookups: minecraft:worldgen/structure_pool_element
[18:07:02] [main/DEBUG] [ne.mi.re.GameData/REGISTRIES]: Holder lookups applied: minecraft:worldgen/structure_pool_element
[18:07:02] [main/INFO] [KubeJS/]: Skipping minecraft:cat_variant registry
[18:07:02] [main/DEBUG] [ne.mi.re.GameData/REGISTRIES]: Applying holder lookups: minecraft:cat_variant
[18:07:02] [main/DEBUG] [ne.mi.re.GameData/REGISTRIES]: Holder lookups applied: minecraft:cat_variant
[18:07:02] [main/INFO] [KubeJS/]: Skipping minecraft:frog_variant registry
[18:07:02] [main/DEBUG] [ne.mi.re.GameData/REGISTRIES]: Applying holder lookups: minecraft:frog_variant
[18:07:02] [main/DEBUG] [ne.mi.re.GameData/REGISTRIES]: Holder lookups applied: minecraft:frog_variant
[18:07:02] [main/INFO] [KubeJS/]: Skipping minecraft:banner_pattern registry
[18:07:02] [main/DEBUG] [ne.mi.re.GameData/REGISTRIES]: Applying holder lookups: minecraft:banner_pattern
[18:07:02] [main/DEBUG] [ne.mi.re.GameData/REGISTRIES]: Holder lookups applied: minecraft:banner_pattern
[18:07:02] [main/INFO] [KubeJS/]: Skipping minecraft:instrument registry
[18:07:02] [main/DEBUG] [ne.mi.re.GameData/REGISTRIES]: Applying holder lookups: minecraft:instrument
[18:07:02] [main/DEBUG] [ne.mi.re.GameData/REGISTRIES]: Holder lookups applied: minecraft:instrument
[18:07:02] [main/INFO] [KubeJS/]: Skipping minecraft:decorated_pot_patterns registry
[18:07:02] [main/DEBUG] [ne.mi.re.GameData/REGISTRIES]: Applying holder lookups: minecraft:decorated_pot_patterns
[18:07:02] [main/DEBUG] [ne.mi.re.GameData/REGISTRIES]: Holder lookups applied: minecraft:decorated_pot_patterns
[18:07:02] [main/INFO] [KubeJS/]: Skipping minecraft:creative_mode_tab registry
[18:07:02] [main/DEBUG] [ne.mi.re.GameData/REGISTRIES]: Applying holder lookups: minecraft:creative_mode_tab
[18:07:02] [main/DEBUG] [ne.mi.re.GameData/REGISTRIES]: Holder lookups applied: minecraft:creative_mode_tab
[18:07:02] [main/INFO] [KubeJS/]: Skipping forge:biome_modifier_serializers registry
[18:07:02] [main/DEBUG] [ne.mi.re.GameData/REGISTRIES]: Applying holder lookups: forge:biome_modifier_serializers
[18:07:02] [main/DEBUG] [ne.mi.re.GameData/REGISTRIES]: Holder lookups applied: forge:biome_modifier_serializers
[18:07:02] [main/INFO] [KubeJS/]: Skipping forge:display_contexts registry
[18:07:02] [main/DEBUG] [ne.mi.re.GameData/REGISTRIES]: Applying holder lookups: forge:display_contexts
[18:07:02] [main/DEBUG] [ne.mi.re.GameData/REGISTRIES]: Holder lookups applied: forge:display_contexts
[18:07:02] [main/INFO] [KubeJS/]: Skipping forge:entity_data_serializers registry
[18:07:02] [main/DEBUG] [ne.mi.re.GameData/REGISTRIES]: Applying holder lookups: forge:entity_data_serializers
[18:07:02] [main/DEBUG] [ne.mi.re.GameData/REGISTRIES]: Holder lookups applied: forge:entity_data_serializers
[18:07:02] [main/INFO] [KubeJS/]: Skipping forge:fluid_type registry
[18:07:02] [main/DEBUG] [ne.mi.re.GameData/REGISTRIES]: Applying holder lookups: forge:fluid_type
[18:07:02] [main/DEBUG] [ne.mi.re.GameData/REGISTRIES]: Holder lookups applied: forge:fluid_type
[18:07:02] [main/INFO] [KubeJS/]: Skipping forge:global_loot_modifier_serializers registry
[18:07:02] [main/DEBUG] [ne.mi.re.GameData/REGISTRIES]: Applying holder lookups: forge:global_loot_modifier_serializers
[18:07:02] [main/DEBUG] [ne.mi.re.GameData/REGISTRIES]: Holder lookups applied: forge:global_loot_modifier_serializers
[18:07:02] [main/INFO] [KubeJS/]: Skipping forge:holder_set_type registry
[18:07:02] [main/DEBUG] [ne.mi.re.GameData/REGISTRIES]: Applying holder lookups: forge:holder_set_type
[18:07:02] [main/DEBUG] [ne.mi.re.GameData/REGISTRIES]: Holder lookups applied: forge:holder_set_type
[18:07:02] [main/INFO] [KubeJS/]: Skipping forge:structure_modifier_serializers registry
[18:07:02] [main/DEBUG] [ne.mi.re.GameData/REGISTRIES]: Applying holder lookups: forge:structure_modifier_serializers
[18:07:02] [main/DEBUG] [ne.mi.re.GameData/REGISTRIES]: Holder lookups applied: forge:structure_modifier_serializers
[18:07:02] [main/INFO] [KubeJS/]: Skipping minecraft:worldgen/biome registry
[18:07:02] [main/DEBUG] [ne.mi.re.GameData/REGISTRIES]: Applying holder lookups: minecraft:worldgen/biome
[18:07:02] [main/DEBUG] [ne.mi.re.GameData/REGISTRIES]: Holder lookups applied: minecraft:worldgen/biome
[18:07:02] [main/DEBUG] [ne.mi.fm.co.ConfigTracker/CONFIG]: Loading configs type COMMON
[18:07:02] [main/DEBUG] [ne.mi.fm.co.ConfigFileTypeHandler/CONFIG]: Built TOML config for C:\Blue_Lotus_Global_ICM\repos\Eidolon-Unchained\run\config\curios-common.toml
[18:07:02] [main/DEBUG] [ne.mi.fm.co.ConfigFileTypeHandler/CONFIG]: Loaded TOML config file C:\Blue_Lotus_Global_ICM\repos\Eidolon-Unchained\run\config\curios-common.toml
[18:07:02] [main/DEBUG] [ne.mi.fm.co.ConfigFileTypeHandler/CONFIG]: Watching TOML config file C:\Blue_Lotus_Global_ICM\repos\Eidolon-Unchained\run\config\curios-common.toml for changes
[18:07:02] [main/WARN] [ne.mi.co.ForgeConfigSpec/CORE]: Configuration file C:\Blue_Lotus_Global_ICM\repos\Eidolon-Unchained\run\config\curios-common.toml is not correct. Correcting
[18:07:02] [main/DEBUG] [ne.mi.co.ForgeConfigSpec/CORE]: List on key slots is deemed to need correction. It is null, not a list, or an empty list. Modders, consider defineListAllowEmpty?
[18:07:02] [main/WARN] [ne.mi.co.ForgeConfigSpec/CORE]: Incorrect key slots was corrected from null to its default, []. 
[18:07:02] [main/DEBUG] [ne.mi.co.ForgeConfigSpec/CORE]: The comment on key slots does not match the spec. This may create a backup.
[18:07:02] [main/DEBUG] [ne.mi.fm.co.ConfigFileTypeHandler/CONFIG]: Built TOML config for C:\Blue_Lotus_Global_ICM\repos\Eidolon-Unchained\run\config\eidolon-common.toml
[18:07:02] [main/DEBUG] [ne.mi.fm.co.ConfigFileTypeHandler/CONFIG]: Loaded TOML config file C:\Blue_Lotus_Global_ICM\repos\Eidolon-Unchained\run\config\eidolon-common.toml
[18:07:02] [main/DEBUG] [ne.mi.fm.co.ConfigFileTypeHandler/CONFIG]: Watching TOML config file C:\Blue_Lotus_Global_ICM\repos\Eidolon-Unchained\run\config\eidolon-common.toml for changes
[18:07:02] [main/WARN] [ne.mi.co.ForgeConfigSpec/CORE]: Configuration file C:\Blue_Lotus_Global_ICM\repos\Eidolon-Unchained\run\config\eidolon-common.toml is not correct. Correcting
[18:07:02] [main/WARN] [ne.mi.co.ForgeConfigSpec/CORE]: Incorrect key generic was corrected from null to its default, SimpleCommentedConfig:{}. 
[18:07:02] [main/WARN] [ne.mi.co.ForgeConfigSpec/CORE]: Incorrect key generic.crucibleStepDuration was corrected from null to its default, 100. 
[18:07:02] [main/DEBUG] [ne.mi.co.ForgeConfigSpec/CORE]: The comment on key generic.crucibleStepDuration does not match the spec. This may create a backup.
[18:07:02] [main/WARN] [ne.mi.co.ForgeConfigSpec/CORE]: Incorrect key generic.turnBasedCrucible was corrected from null to its default, false. 
[18:07:02] [main/DEBUG] [ne.mi.co.ForgeConfigSpec/CORE]: The comment on key generic.turnBasedCrucible does not match the spec. This may create a backup.
[18:07:02] [main/WARN] [ne.mi.co.ForgeConfigSpec/CORE]: Incorrect key generic.crucibleBackoff was corrected from null to its default, 40. 
[18:07:02] [main/DEBUG] [ne.mi.co.ForgeConfigSpec/CORE]: The comment on key generic.crucibleBackoff does not match the spec. This may create a backup.
[18:07:02] [main/WARN] [ne.mi.co.ForgeConfigSpec/CORE]: Incorrect key generic.maxEtherealHealth was corrected from null to its default, 60. 
[18:07:02] [main/DEBUG] [ne.mi.co.ForgeConfigSpec/CORE]: The comment on key generic.maxEtherealHealth does not match the spec. This may create a backup.
[18:07:02] [main/DEBUG] [ne.mi.co.ForgeConfigSpec/CORE]: The comment on key generic does not match the spec. This may create a backup.
[18:07:02] [main/WARN] [ne.mi.co.ForgeConfigSpec/CORE]: Incorrect key soulEnchanter was corrected from null to its default, SimpleCommentedConfig:{}. 
[18:07:02] [main/WARN] [ne.mi.co.ForgeConfigSpec/CORE]: Incorrect key soulEnchanter.soulEnchanterMaximumUses was corrected from null to its default, -1. 
[18:07:02] [main/DEBUG] [ne.mi.co.ForgeConfigSpec/CORE]: The comment on key soulEnchanter.soulEnchanterMaximumUses does not match the spec. This may create a backup.
[18:07:02] [main/WARN] [ne.mi.co.ForgeConfigSpec/CORE]: Incorrect key soulEnchanter.soulEnchanterMaximumEnchantments was corrected from null to its default, -1. 
[18:07:02] [main/DEBUG] [ne.mi.co.ForgeConfigSpec/CORE]: The comment on key soulEnchanter.soulEnchanterMaximumEnchantments does not match the spec. This may create a backup.
[18:07:02] [main/DEBUG] [ne.mi.co.ForgeConfigSpec/CORE]: The comment on key soulEnchanter does not match the spec. This may create a backup.
[18:07:02] [main/DEBUG] [ne.mi.fm.co.ConfigFileTypeHandler/CONFIG]: Built TOML config for C:\Blue_Lotus_Global_ICM\repos\Eidolon-Unchained\run\config\eidolonunchained-common.toml
[18:07:02] [main/DEBUG] [ne.mi.fm.co.ConfigFileTypeHandler/CONFIG]: Loaded TOML config file C:\Blue_Lotus_Global_ICM\repos\Eidolon-Unchained\run\config\eidolonunchained-common.toml
[18:07:02] [main/DEBUG] [ne.mi.fm.co.ConfigFileTypeHandler/CONFIG]: Watching TOML config file C:\Blue_Lotus_Global_ICM\repos\Eidolon-Unchained\run\config\eidolonunchained-common.toml for changes
[18:07:02] [main/WARN] [ne.mi.co.ForgeConfigSpec/CORE]: Configuration file C:\Blue_Lotus_Global_ICM\repos\Eidolon-Unchained\run\config\eidolonunchained-common.toml is not correct. Correcting
[18:07:02] [main/WARN] [ne.mi.co.ForgeConfigSpec/CORE]: Incorrect key diagnostics was corrected from null to its default, SimpleCommentedConfig:{}. 
[18:07:02] [main/WARN] [ne.mi.co.ForgeConfigSpec/CORE]: Incorrect key diagnostics.validateEidolonApi was corrected from null to its default, true. 
[18:07:02] [main/DEBUG] [ne.mi.co.ForgeConfigSpec/CORE]: The comment on key diagnostics.validateEidolonApi does not match the spec. This may create a backup.
[18:07:02] [main/WARN] [ne.mi.co.ForgeConfigSpec/CORE]: Incorrect key diagnostics.logScriptEvents was corrected from null to its default, true. 
[18:07:02] [main/DEBUG] [ne.mi.co.ForgeConfigSpec/CORE]: The comment on key diagnostics.logScriptEvents does not match the spec. This may create a backup.
[18:07:02] [modloading-worker-0/DEBUG] [mixin/]: Mixing MixinSlotAttribute from curios.mixins.json into top.theillusivec4.curios.api.SlotAttribute
[18:07:02] [modloading-worker-0/DEBUG] [mixin/]: Mixing MixinCuriosApi from curios.mixins.json into top.theillusivec4.curios.api.CuriosApi
[18:07:02] [modloading-worker-0/DEBUG] [mixin/]: Mixing PlayerListMixin from kubejs-common.mixins.json into net.minecraft.server.players.PlayerList
[18:07:02] [Forge Version Check/INFO] [ne.mi.fm.VersionChecker/]: [forge] Starting version check at https://files.minecraftforge.net/net/minecraftforge/forge/promotions_slim.json
[18:07:03] [main/DEBUG] [ne.mi.fm.DeferredWorkQueue/LOADING]: Dispatching synchronous work for work queue COMMON_SETUP: 3 jobs
[18:07:03] [main/INFO] [co.bl.ei.EidolonUnchained/]: Eidolon API validation (20/20 surfaces ok, Eidolon 0.3.13)
  ok       elucent.eidolon.common.deity.Deities
  ok       elucent.eidolon.api.deity.Deity
  ok       elucent.eidolon.api.deity.ReputationEvent
  ok       elucent.eidolon.capability.IReputation
  ok       elucent.eidolon.registries.Signs
  ok       elucent.eidolon.api.spells.Sign
  ok       elucent.eidolon.registries.Runes
  ok       elucent.eidolon.api.spells.Rune
  ok       elucent.eidolon.api.spells.SignSequence
  ok       elucent.eidolon.registries.Spells
  ok       elucent.eidolon.api.spells.Spell
  ok       elucent.eidolon.api.spells.SpellCastEvent
  ok       elucent.eidolon.capability.ISoul
  ok       elucent.eidolon.util.KnowledgeUtil
  ok       elucent.eidolon.capability.Facts
  ok       elucent.eidolon.api.research.Research
  ok       elucent.eidolon.codex.CodexEvents
  ok       elucent.eidolon.registries.Registry
  ok       elucent.eidolon.common.block.EffigyBlock
  ok       elucent.eidolon.network.AttemptCastPacket
[18:07:03] [main/DEBUG] [ne.mi.fm.co.ConfigTracker/CONFIG]: Config file eidolon/dark_prayer.toml for eidolon tracking
[18:07:03] [main/DEBUG] [ne.mi.fm.co.ConfigTracker/CONFIG]: Config file eidolon/darklight_chant.toml for eidolon tracking
[18:07:03] [main/DEBUG] [ne.mi.fm.co.ConfigTracker/CONFIG]: Config file eidolon/dark_animal_sacrifice.toml for eidolon tracking
[18:07:03] [main/DEBUG] [ne.mi.fm.co.ConfigTracker/CONFIG]: Config file eidolon/dark_touch.toml for eidolon tracking
[18:07:03] [main/DEBUG] [ne.mi.fm.co.ConfigTracker/CONFIG]: Config file eidolon/frost_touch.toml for eidolon tracking
[18:07:03] [main/DEBUG] [ne.mi.fm.co.ConfigTracker/CONFIG]: Config file eidolon/dark_villager_sacrifice.toml for eidolon tracking
[18:07:03] [main/DEBUG] [ne.mi.fm.co.ConfigTracker/CONFIG]: Config file eidolon/zombify_villager.toml for eidolon tracking
[18:07:03] [main/DEBUG] [ne.mi.fm.co.ConfigTracker/CONFIG]: Config file eidolon/enthrall_spell.toml for eidolon tracking
[18:07:03] [main/DEBUG] [ne.mi.fm.co.ConfigTracker/CONFIG]: Config file eidolon/light_prayer.toml for eidolon tracking
[18:07:03] [main/DEBUG] [ne.mi.fm.co.ConfigTracker/CONFIG]: Config file eidolon/fire_chant.toml for eidolon tracking
[18:07:03] [main/DEBUG] [ne.mi.fm.co.ConfigTracker/CONFIG]: Config file eidolon/light_chant.toml for eidolon tracking
[18:07:03] [main/DEBUG] [ne.mi.fm.co.ConfigTracker/CONFIG]: Config file eidolon/holy_touch.toml for eidolon tracking
[18:07:03] [main/DEBUG] [ne.mi.fm.co.ConfigTracker/CONFIG]: Config file eidolon/lay_on_hands.toml for eidolon tracking
[18:07:03] [main/DEBUG] [ne.mi.fm.co.ConfigTracker/CONFIG]: Config file eidolon/cure_zombie.toml for eidolon tracking
[18:07:03] [main/DEBUG] [ne.mi.fm.co.ConfigTracker/CONFIG]: Config file eidolon/smite_chant.toml for eidolon tracking
[18:07:03] [main/DEBUG] [ne.mi.fm.co.ConfigTracker/CONFIG]: Config file eidolon/sunder_armor.toml for eidolon tracking
[18:07:03] [main/DEBUG] [ne.mi.fm.co.ConfigTracker/CONFIG]: Config file eidolon/reinforce_armor.toml for eidolon tracking
[18:07:03] [main/DEBUG] [ne.mi.fm.co.ConfigTracker/CONFIG]: Config file eidolon/create_water.toml for eidolon tracking
[18:07:03] [main/DEBUG] [ne.mi.fm.co.ConfigTracker/CONFIG]: Config file eidolon/undead_lure.toml for eidolon tracking
[18:07:03] [main/DEBUG] [ne.mi.fm.co.ConfigTracker/CONFIG]: Config file eidolon/basic_incense.toml for eidolon tracking
[18:07:03] [main/DEBUG] [ne.mi.fm.DeferredWorkQueue/LOADING]: Synchronous work queue completed in 256.9 ms
[18:07:03] [modloading-worker-0/INFO] [co.bl.ei.EidolonUnchained/]: Firing EidolonUnchainedEvents.init (startup scripts)
[18:07:03] [modloading-worker-0/INFO] [KubeJS Startup/]: eu_smoke.js#4: [EU smoke] startup ok: EU 2.0.0-alpha.1, Eidolon 0.3.13
[18:07:03] [modloading-worker-0/INFO] [KubeJS Startup/]: Capturing errors for startup scripts disabled
[18:07:03] [main/DEBUG] [ne.mi.re.GameData/REGISTRIES]: Freezing registries
[18:07:03] [main/DEBUG] [ne.mi.re.ForgeRegistry/REGISTRIES]: Registry minecraft:block Sync: FROZEN -> ACTIVE
[18:07:03] [main/DEBUG] [ne.mi.re.ForgeRegistry/REGISTRIES]: Registry minecraft:fluid Sync: FROZEN -> ACTIVE
[18:07:03] [main/DEBUG] [ne.mi.re.ForgeRegistry/REGISTRIES]: Registry minecraft:item Sync: FROZEN -> ACTIVE
[18:07:03] [main/DEBUG] [ne.mi.re.ForgeRegistry/REGISTRIES]: Registry minecraft:mob_effect Sync: FROZEN -> ACTIVE
[18:07:03] [main/DEBUG] [ne.mi.re.ForgeRegistry/REGISTRIES]: Registry minecraft:sound_event Sync: FROZEN -> ACTIVE
[18:07:03] [main/DEBUG] [ne.mi.re.ForgeRegistry/REGISTRIES]: Registry minecraft:potion Sync: FROZEN -> ACTIVE
[18:07:03] [main/DEBUG] [ne.mi.re.ForgeRegistry/REGISTRIES]: Registry minecraft:enchantment Sync: FROZEN -> ACTIVE
[18:07:03] [main/DEBUG] [ne.mi.re.ForgeRegistry/REGISTRIES]: Registry minecraft:entity_type Sync: FROZEN -> ACTIVE
[18:07:03] [main/DEBUG] [ne.mi.re.ForgeRegistry/REGISTRIES]: Registry minecraft:block_entity_type Sync: FROZEN -> ACTIVE
[18:07:03] [main/DEBUG] [ne.mi.re.ForgeRegistry/REGISTRIES]: Registry minecraft:particle_type Sync: FROZEN -> ACTIVE
[18:07:03] [main/DEBUG] [ne.mi.re.ForgeRegistry/REGISTRIES]: Registry minecraft:menu Sync: FROZEN -> ACTIVE
[18:07:03] [main/DEBUG] [ne.mi.re.ForgeRegistry/REGISTRIES]: Registry minecraft:painting_variant Sync: FROZEN -> ACTIVE
[18:07:03] [main/DEBUG] [ne.mi.re.ForgeRegistry/REGISTRIES]: Registry minecraft:recipe_type Sync: FROZEN -> ACTIVE
[18:07:03] [main/DEBUG] [ne.mi.re.ForgeRegistry/REGISTRIES]: Registry minecraft:recipe_serializer Sync: FROZEN -> ACTIVE
[18:07:03] [main/DEBUG] [ne.mi.re.ForgeRegistry/REGISTRIES]: Registry minecraft:attribute Sync: FROZEN -> ACTIVE
[18:07:03] [main/DEBUG] [ne.mi.re.ForgeRegistry/REGISTRIES]: Registry minecraft:stat_type Sync: FROZEN -> ACTIVE
[18:07:03] [main/DEBUG] [ne.mi.re.ForgeRegistry/REGISTRIES]: Registry minecraft:command_argument_type Sync: FROZEN -> ACTIVE
[18:07:03] [main/DEBUG] [ne.mi.re.ForgeRegistry/REGISTRIES]: Registry minecraft:villager_profession Sync: FROZEN -> ACTIVE
[18:07:03] [main/DEBUG] [ne.mi.re.ForgeRegistry/REGISTRIES]: Registry minecraft:point_of_interest_type Sync: FROZEN -> ACTIVE
[18:07:03] [main/DEBUG] [ne.mi.re.ForgeRegistry/REGISTRIES]: Registry minecraft:memory_module_type Sync: FROZEN -> ACTIVE
[18:07:03] [main/DEBUG] [ne.mi.re.ForgeRegistry/REGISTRIES]: Registry minecraft:sensor_type Sync: FROZEN -> ACTIVE
[18:07:03] [main/DEBUG] [ne.mi.re.ForgeRegistry/REGISTRIES]: Registry minecraft:schedule Sync: FROZEN -> ACTIVE
[18:07:03] [main/DEBUG] [ne.mi.re.ForgeRegistry/REGISTRIES]: Registry minecraft:activity Sync: FROZEN -> ACTIVE
[18:07:03] [main/DEBUG] [ne.mi.re.ForgeRegistry/REGISTRIES]: Registry minecraft:worldgen/carver Sync: FROZEN -> ACTIVE
[18:07:03] [main/DEBUG] [ne.mi.re.ForgeRegistry/REGISTRIES]: Registry minecraft:worldgen/feature Sync: FROZEN -> ACTIVE
[18:07:03] [main/DEBUG] [ne.mi.re.ForgeRegistry/REGISTRIES]: Registry minecraft:chunk_status Sync: FROZEN -> ACTIVE
[18:07:03] [main/DEBUG] [ne.mi.re.ForgeRegistry/REGISTRIES]: Registry minecraft:worldgen/block_state_provider_type Sync: FROZEN -> ACTIVE
[18:07:03] [main/DEBUG] [ne.mi.re.ForgeRegistry/REGISTRIES]: Registry minecraft:worldgen/foliage_placer_type Sync: FROZEN -> ACTIVE
[18:07:03] [main/DEBUG] [ne.mi.re.ForgeRegistry/REGISTRIES]: Registry minecraft:worldgen/tree_decorator_type Sync: FROZEN -> ACTIVE
[18:07:03] [main/DEBUG] [ne.mi.re.ForgeRegistry/REGISTRIES]: Registry minecraft:worldgen/biome Sync: FROZEN -> ACTIVE
[18:07:03] [main/DEBUG] [ne.mi.re.ForgeRegistry/REGISTRIES]: Registry forge:entity_data_serializers Sync: FROZEN -> ACTIVE
[18:07:03] [main/DEBUG] [ne.mi.re.ForgeRegistry/REGISTRIES]: Registry forge:global_loot_modifier_serializers Sync: FROZEN -> ACTIVE
[18:07:03] [main/DEBUG] [ne.mi.re.ForgeRegistry/REGISTRIES]: Registry forge:biome_modifier_serializers Sync: FROZEN -> ACTIVE
[18:07:03] [main/DEBUG] [ne.mi.re.ForgeRegistry/REGISTRIES]: Registry forge:fluid_type Sync: FROZEN -> ACTIVE
[18:07:03] [main/DEBUG] [ne.mi.re.ForgeRegistry/REGISTRIES]: Registry forge:structure_modifier_serializers Sync: FROZEN -> ACTIVE
[18:07:03] [main/DEBUG] [ne.mi.re.ForgeRegistry/REGISTRIES]: Registry forge:holder_set_type Sync: FROZEN -> ACTIVE
[18:07:03] [main/DEBUG] [ne.mi.re.ForgeRegistry/REGISTRIES]: Registry forge:display_contexts Sync: FROZEN -> ACTIVE
[18:07:03] [Forge Version Check/DEBUG] [ne.mi.fm.VersionChecker/]: [forge] Received version check data:
{
  "homepage": "https://files.minecraftforge.net/net/minecraftforge/forge/",
  "promos": {
    "1.1-latest": "1.3.4.29",
    "1.2.3-latest": "1.4.1.64",
    "1.2.4-latest": "2.0.0.68",
    "1.2.5-latest": "3.4.9.171",
    "1.3.2-latest": "4.3.5.318",
    "1.4.0-latest": "5.0.0.326",
    "1.4.1-latest": "6.0.0.329",
    "1.4.2-latest": "6.0.1.355",
    "1.4.3-latest": "6.2.1.358",
    "1.4.4-latest": "6.3.0.378",
    "1.4.5-latest": "6.4.2.448",
    "1.4.6-latest": "6.5.0.489",
    "1.4.7-latest": "6.6.2.534",
    "1.5-latest": "7.7.0.598",
    "1.5.1-latest": "7.7.2.682",
    "1.5.2-latest": "7.8.1.738",
    "1.5.2-recommended": "7.8.1.738",
    "1.6.1-latest": "8.9.0.775",
    "1.6.2-latest": "9.10.1.871",
    "1.6.2-recommended": "9.10.1.871",
    "1.6.3-latest": "9.11.0.878",
    "1.6.4-latest": "9.11.1.1345",
    "1.6.4-recommended": "9.11.1.1345",
    "1.7.2-latest": "10.12.2.1161",
    "1.7.2-recommended": "10.12.2.1161",
    "1.7.10-latest": "10.13.4.1614",
    "1.7.10-recommended": "10.13.4.1614",
    "1.8-latest": "11.14.4.1577",
    "1.8-recommended": "11.14.4.1563",
    "1.8.8-latest": "11.15.0.1655",
    "1.8.9-latest": "11.15.1.2318",
    "1.8.9-recommended": "11.15.1.2318",
    "1.9-latest": "12.16.1.1938",
    "1.9-recommended": "12.16.1.1887",
    "1.9.4-latest": "12.17.0.2317",
    "1.9.4-recommended": "12.17.0.2317",
    "1.10-latest": "12.18.0.2000",
    "1.10.2-latest": "12.18.3.2511",
    "1.10.2-recommended": "12.18.3.2511",
    "1.11-latest": "13.19.1.2199",
    "1.11-recommended": "13.19.1.2189",
    "1.11.2-latest": "13.20.1.2588",
    "1.11.2-recommended": "13.20.1.2588",
    "1.12-latest": "14.21.1.2443",
    "1.12-recommended": "14.21.1.2387",
    "1.12.1-latest": "14.22.1.2485",
    "1.12.1-recommended": "14.22.1.2478",
    "1.12.2-latest": "14.23.5.2864",
    "1.12.2-recommended": "14.23.5.2859",
    "1.13.2-latest": "25.0.223",
    "1.14.2-latest": "26.0.63",
    "1.14.3-latest": "27.0.60",
    "1.14.4-latest": "28.2.30",
    "1.14.4-recommended": "28.2.26",
    "1.15-latest": "29.0.4",
    "1.15.1-latest": "30.0.51",
    "1.15.2-latest": "31.2.62",
    "1.15.2-recommended": "31.2.57",
    "1.16.1-latest": "32.0.108",
    "1.16.2-latest": "33.0.61",
    "1.16.3-latest": "34.1.42",
    "1.16.3-recommended": "34.1.0",
    "1.16.4-latest": "35.1.37",
    "1.16.4-recommended": "35.1.4",
    "1.16.5-latest": "36.2.42",
    "1.16.5-recommended": "36.2.34",
    "1.17.1-latest": "37.1.1",
    "1.17.1-recommended": "37.1.1",
    "1.18-latest": "38.0.17",
    "1.18.1-latest": "39.1.2",
    "1.18.1-recommended": "39.1.0",
    "1.18.2-recommended": "40.3.0",
    "1.18.2-latest": "40.3.12",
    "1.19-latest": "41.1.0",
    "1.19-recommended": "41.1.0",
    "1.19.1-latest": "42.0.9",
    "1.19.2-recommended": "43.5.0",
    "1.19.2-latest": "43.5.2",
    "1.19.3-latest": "44.1.23",
    "1.19.3-recommended": "44.1.0",
    "1.19.4-recommended": "45.4.0",
    "1.19.4-latest": "45.4.5",
    "1.20-latest": "46.0.14",
    "1.20.1-recommended": "47.4.10",
    "1.20.1-latest": "47.4.23",
    "1.20.2-latest": "48.1.0",
    "1.20.2-recommended": "48.1.0",
    "1.20.3-latest": "49.0.2",
    "1.20.4-latest": "49.2.8",
    "1.20.4-recommended": "49.2.0",
    "1.20.6-latest": "50.2.10",
    "1.20.6-recommended": "50.2.0",
    "1.21-latest": "51.0.33",
    "1.21.1-latest": "52.1.16",
    "1.21.1-recommended": "52.1.0",
    "1.21.3-latest": "53.1.12",
    "1.21.3-recommended": "53.1.0",
    "1.21.4-latest": "54.1.18",
    "1.21.4-recommended": "54.1.14",
    "1.21.5-latest": "55.1.14",
    "1.21.5-recommended": "55.1.0",
    "1.21.6-latest": "56.0.9",
    "1.21.7-latest": "57.0.3",
    "1.21.8-latest": "58.1.22",
    "1.21.8-recommended": "58.1.0",
    "1.21.9-latest": "59.0.5",
    "1.21.10-latest": "60.1.15",
    "1.21.10-recommended": "60.1.0",
    "1.21.11-latest": "61.2.1",
    "1.21.11-recommended": "61.2.0",
    "26.1-latest": "62.0.9",
    "26.1.1-latest": "63.0.2",
    "26.1.2-latest": "64.1.3",
    "26.1.2-recommended": "64.1.0",
    "26.2-latest": "65.1.3",
    "26.2-recommended": "65.1.0",
    "26.3-latest": "66.0.8"
  }
}
[18:07:03] [Forge Version Check/INFO] [ne.mi.fm.VersionChecker/]: [forge] Found status: UP_TO_DATE Current: 47.4.10 Target: null
[18:07:04] [main/DEBUG] [ne.mi.re.GameData/REGISTRIES]: All registries frozen
[18:07:04] [main/ERROR] [minecraft/Settings]: Failed to load properties from file: server.properties
java.nio.file.NoSuchFileException: server.properties
	at sun.nio.fs.WindowsException.translateToIOException(WindowsException.java:85) ~[?:?] {}
	at sun.nio.fs.WindowsException.rethrowAsIOException(WindowsException.java:103) ~[?:?] {}
	at sun.nio.fs.WindowsException.rethrowAsIOException(WindowsException.java:108) ~[?:?] {}
	at sun.nio.fs.WindowsFileSystemProvider.newByteChannel(WindowsFileSystemProvider.java:236) ~[?:?] {}
	at java.nio.file.Files.newByteChannel(Files.java:380) ~[?:?] {}
	at java.nio.file.Files.newByteChannel(Files.java:432) ~[?:?] {}
	at java.nio.file.spi.FileSystemProvider.newInputStream(FileSystemProvider.java:422) ~[?:?] {}
	at java.nio.file.Files.newInputStream(Files.java:160) ~[?:?] {}
	at net.minecraft.server.dedicated.Settings.loadFromFile(Settings.java:36) ~[forge-1.20.1-47.4.10_mapped_official_1.20.1.jar:?] {re:classloading}
	at net.minecraft.server.dedicated.DedicatedServerProperties.fromFile(DedicatedServerProperties.java:137) ~[forge-1.20.1-47.4.10_mapped_official_1.20.1.jar:?] {re:classloading}
	at net.minecraft.server.dedicated.DedicatedServerSettings.<init>(DedicatedServerSettings.java:12) ~[forge-1.20.1-47.4.10_mapped_official_1.20.1.jar:?] {re:classloading}
	at net.minecraft.server.Main.main(Main.java:126) ~[forge-1.20.1-47.4.10_mapped_official_1.20.1.jar:?] {re:classloading}
	at jdk.internal.reflect.NativeMethodAccessorImpl.invoke0(Native Method) ~[?:?] {}
	at jdk.internal.reflect.NativeMethodAccessorImpl.invoke(NativeMethodAccessorImpl.java:77) ~[?:?] {}
	at jdk.internal.reflect.DelegatingMethodAccessorImpl.invoke(DelegatingMethodAccessorImpl.java:43) ~[?:?] {}
	at java.lang.reflect.Method.invoke(Method.java:569) ~[?:?] {}
	at net.minecraftforge.fml.loading.targets.CommonLaunchHandler.runTarget(CommonLaunchHandler.java:111) ~[fmlloader-1.20.1-47.4.10.jar:?] {}
	at net.minecraftforge.fml.loading.targets.CommonLaunchHandler.serverService(CommonLaunchHandler.java:103) ~[fmlloader-1.20.1-47.4.10.jar:?] {}
	at net.minecraftforge.fml.loading.targets.ForgeServerUserdevLaunchHandler.devService(ForgeServerUserdevLaunchHandler.java:16) ~[fmlloader-1.20.1-47.4.10.jar:?] {}
	at net.minecraftforge.fml.loading.targets.CommonDevLaunchHandler.lambda$makeService$7(CommonDevLaunchHandler.java:135) ~[fmlloader-1.20.1-47.4.10.jar:?] {}
	at cpw.mods.modlauncher.LaunchServiceHandlerDecorator.launch(LaunchServiceHandlerDecorator.java:30) ~[modlauncher-10.0.9.jar:?] {}
	at cpw.mods.modlauncher.LaunchServiceHandler.launch(LaunchServiceHandler.java:53) ~[modlauncher-10.0.9.jar:?] {}
	at cpw.mods.modlauncher.LaunchServiceHandler.launch(LaunchServiceHandler.java:71) ~[modlauncher-10.0.9.jar:?] {}
	at cpw.mods.modlauncher.Launcher.run(Launcher.java:108) ~[modlauncher-10.0.9.jar:?] {}
	at cpw.mods.modlauncher.Launcher.main(Launcher.java:78) ~[modlauncher-10.0.9.jar:?] {}
	at cpw.mods.modlauncher.BootstrapLaunchConsumer.accept(BootstrapLaunchConsumer.java:26) ~[modlauncher-10.0.9.jar:?] {}
	at cpw.mods.modlauncher.BootstrapLaunchConsumer.accept(BootstrapLaunchConsumer.java:23) ~[modlauncher-10.0.9.jar:?] {}
	at cpw.mods.bootstraplauncher.BootstrapLauncher.main(BootstrapLauncher.java:141) ~[bootstraplauncher-1.1.2.jar:?] {}
[18:07:04] [main/INFO] [mojang/YggdrasilAuthenticationService]: Environment: authHost='https://authserver.mojang.com', accountsHost='https://api.mojang.com', sessionHost='https://sessionserver.mojang.com', servicesHost='https://api.minecraftservices.com', name='PROD'
[18:07:05] [main/WARN] [minecraft/VanillaPackResourcesBuilder]: Assets URL 'union:/C:/Users/Blue%20Lotus%20Coding/.gradle/caches/forge_gradle/minecraft_user_repo/net/minecraftforge/forge/1.20.1-47.4.10_mapped_official_1.20.1/forge-1.20.1-47.4.10_mapped_official_1.20.1.jar%23191!/assets/.mcassetsroot' uses unexpected schema
[18:07:05] [main/WARN] [minecraft/VanillaPackResourcesBuilder]: Assets URL 'union:/C:/Users/Blue%20Lotus%20Coding/.gradle/caches/forge_gradle/minecraft_user_repo/net/minecraftforge/forge/1.20.1-47.4.10_mapped_official_1.20.1/forge-1.20.1-47.4.10_mapped_official_1.20.1.jar%23191!/data/.mcassetsroot' uses unexpected schema
[18:07:05] [main/DEBUG] [mixin/]: Mixing inject_resources.WorldLoaderPackConfigMixin from kubejs-common.mixins.json into net.minecraft.server.WorldLoader$PackConfig
[18:07:05] [main/DEBUG] [mixin/]: Mixing GameRulesMixin from kubejs-common.mixins.json into net.minecraft.world.level.GameRules
[18:07:05] [main/DEBUG] [ne.mi.se.ServerLifecycleHooks/CORE]: Generating PackInfo named mod:mixinextras for mod file 
[18:07:05] [main/DEBUG] [ne.mi.se.ServerLifecycleHooks/CORE]: Generating PackInfo named mod:rhino for mod file C:\Users\Blue Lotus Coding\.gradle\caches\forge_gradle\deobf_dependencies\dev\latvian\mods\rhino-forge\2001.2.3-build.10_mapped_official_1.20.1\rhino-forge-2001.2.3-build.10_mapped_official_1.20.1.jar
[18:07:05] [main/DEBUG] [ne.mi.se.ServerLifecycleHooks/CORE]: Generating PackInfo named mod:forge for mod file /
[18:07:05] [main/DEBUG] [ne.mi.se.ServerLifecycleHooks/CORE]: Generating PackInfo named mod:curios for mod file C:\Users\Blue Lotus Coding\.gradle\caches\forge_gradle\deobf_dependencies\top\theillusivec4\curios\curios-forge\5.14.1+1.20.1_mapped_official_1.20.1\curios-forge-5.14.1+1.20.1_mapped_official_1.20.1.jar
[18:07:05] [main/DEBUG] [ne.mi.se.ServerLifecycleHooks/CORE]: Generating PackInfo named mod:geckolib for mod file C:\Users\Blue Lotus Coding\.gradle\caches\forge_gradle\deobf_dependencies\software\bernie\geckolib\geckolib-forge-1.20.1\4.8.4_mapped_official_1.20.1\geckolib-forge-1.20.1-4.8.4_mapped_official_1.20.1.jar
[18:07:05] [main/DEBUG] [ne.mi.se.ServerLifecycleHooks/CORE]: Generating PackInfo named mod:architectury for mod file C:\Users\Blue Lotus Coding\.gradle\caches\forge_gradle\deobf_dependencies\dev\architectury\architectury-forge\9.1.12_mapped_official_1.20.1\architectury-forge-9.1.12_mapped_official_1.20.1.jar
[18:07:05] [main/DEBUG] [ne.mi.se.ServerLifecycleHooks/CORE]: Generating PackInfo named mod:kubejs for mod file C:\Users\Blue Lotus Coding\.gradle\caches\forge_gradle\deobf_dependencies\dev\latvian\mods\kubejs-forge\2001.6.5-build.26_mapped_official_1.20.1\kubejs-forge-2001.6.5-build.26_mapped_official_1.20.1.jar
[18:07:05] [main/DEBUG] [ne.mi.se.ServerLifecycleHooks/CORE]: Generating PackInfo named mod:eidolon for mod file C:\Users\Blue Lotus Coding\.gradle\caches\forge_gradle\deobf_dependencies\curse\maven\eidolon-repraised-870250\8723993_mapped_official_1.20.1\eidolon-repraised-870250-8723993_mapped_official_1.20.1.jar
[18:07:05] [main/DEBUG] [ne.mi.se.ServerLifecycleHooks/CORE]: Generating PackInfo named mod:eidolonunchained for mod file C:\Blue_Lotus_Global_ICM\repos\Eidolon-Unchained\build\resources\main
[18:07:05] [main/INFO] [KubeJS/]: Generated SERVER_DATA data (1 files)
[18:07:05] [main/INFO] [KubeJS Server/]: Capturing errors for server scripts enabled
[18:07:05] [main/INFO] [KubeJS Server/]: Loaded script server_scripts:eu_smoke.js in 0.001 s
[18:07:05] [main/INFO] [KubeJS Server/]: Loaded 1/1 KubeJS server scripts in 0.046 s with 0 errors and 0 warnings
[18:07:05] [main/INFO] [KubeJS Server/]: Scripts loaded
[18:07:06] [main/DEBUG] [mixin/]: Mixing MixinLootDataManager from architectury.mixins.json into net.minecraft.world.level.storage.loot.LootDataManager
[18:07:06] [main/DEBUG] [mixin/]: Mixing LootTablesMixin from kubejs-common.mixins.json into net.minecraft.world.level.storage.loot.LootDataManager
[18:07:06] [main/DEBUG] [mixin/]: Mixing TagManagerMixin from kubejs-common.mixins.json into net.minecraft.tags.TagManager
[18:07:06] [main/DEBUG] [mixin/]: Mixing CommandSourceStackMixin from kubejs-common.mixins.json into net.minecraft.commands.CommandSourceStack
[18:07:06] [main/DEBUG] [mixin/]: Renaming synthetic method lambda$kjs$sendSuccess$0(Lnet/minecraft/network/chat/Component;)Lnet/minecraft/network/chat/Component; to mdc7d460$lambda$kjs$sendSuccess$0$0 in kubejs-common.mixins.json:CommandSourceStackMixin
[18:07:06] [main/DEBUG] [ne.mi.co.tr.CoreModBaseTransformer/COREMOD]: Transforming net/minecraft/server/commands/SummonCommand
[18:07:06] [main/DEBUG] [mixin/]: Mixing TagLoaderMixin from kubejs-common.mixins.json into net.minecraft.tags.TagLoader
[18:07:06] [main/DEBUG] [mixin/]: Mixing RecipeManagerAccessor from kubejs-forge.mixins.json into net.minecraft.world.item.crafting.RecipeManager
[18:07:06] [main/DEBUG] [mixin/]: Mixing RecipeManagerMixin from kubejs-common.mixins.json into net.minecraft.world.item.crafting.RecipeManager
[18:07:07] [Worker-Main-2/DEBUG] [mixin/]: Mixing MixinNbtPredicate from curios.mixins.json into net.minecraft.advancements.critereon.NbtPredicate
[18:07:07] [Worker-Main-2/DEBUG] [ne.mi.co.tr.CoreModBaseTransformer/COREMOD]: Transforming net/minecraft/world/entity/raid/Raid
[18:07:07] [main/DEBUG] [mixin/]: Mixing IngredientTagValueMixin from kubejs-common.mixins.json into net.minecraft.world.item.crafting.Ingredient$TagValue
[18:07:07] [main/INFO] [minecraft/RecipeManager]: Skipping loading recipe eidolon:smelt_silver_dust as it's serializer returned null
[18:07:07] [main/INFO] [minecraft/RecipeManager]: Skipping loading recipe eidolon:smelt_lead_dust as it's serializer returned null
[18:07:07] [main/INFO] [minecraft/RecipeManager]: Loaded 16 recipes
[18:07:07] [main/INFO] [minecraft/AdvancementList]: Loaded 1350 advancements
[18:07:07] [main/INFO] [to.th.cu.Curios/]: Loaded 10 curio slots
[18:07:07] [main/INFO] [to.th.cu.Curios/]: Loaded 1 curio entities
[18:07:08] [main/DEBUG] [ne.mi.co.ForgeHooks/WP]: Gathering id map for writing to world save world
[18:07:08] [main/DEBUG] [ne.mi.co.ForgeHooks/WP]: ID Map collection complete world
[18:07:08] [Server thread/INFO] [minecraft/DedicatedServer]: Starting minecraft server version 1.20.1
[18:07:08] [Server thread/INFO] [minecraft/DedicatedServer]: Loading properties
[18:07:08] [Server thread/INFO] [minecraft/DedicatedServer]: Default game type: SURVIVAL
[18:07:08] [Server thread/INFO] [minecraft/MinecraftServer]: Generating keypair
[18:07:08] [Server thread/INFO] [minecraft/DedicatedServer]: Starting Minecraft server on *:25565
[18:07:08] [Server thread/DEBUG] [ne.mi.ne.DualStackUtils/]: Detected IPv6 address: "0:0:0:0:0:0:0:0"
[18:07:08] [Server thread/INFO] [minecraft/ServerConnectionListener]: Using default channel type
[18:07:08] [Server thread/DEBUG] [io.ne.ch.MultithreadEventLoopGroup/]: -Dio.netty.eventLoopThreads: 8
[18:07:08] [Server thread/DEBUG] [io.ne.ut.in.InternalThreadLocalMap/]: -Dio.netty.threadLocalMap.stringBuilder.initialSize: 1024
[18:07:08] [Server thread/DEBUG] [io.ne.ut.in.InternalThreadLocalMap/]: -Dio.netty.threadLocalMap.stringBuilder.maxSize: 4096
[18:07:08] [Server thread/DEBUG] [io.ne.ch.ni.NioEventLoop/]: -Dio.netty.noKeySetOptimization: false
[18:07:08] [Server thread/DEBUG] [io.ne.ch.ni.NioEventLoop/]: -Dio.netty.selectorAutoRebuildThreshold: 512
[18:07:08] [Server thread/DEBUG] [io.ne.ut.in.PlatformDependent/]: org.jctools-core.MpscChunkedArrayQueue: available
[18:07:08] [Server thread/DEBUG] [io.ne.ch.DefaultChannelId/]: -Dio.netty.processId: 27388 (auto-detected)
[18:07:08] [Server thread/DEBUG] [io.ne.ut.NetUtil/]: -Djava.net.preferIPv4Stack: false
[18:07:08] [Server thread/DEBUG] [io.ne.ut.NetUtil/]: -Djava.net.preferIPv6Addresses: true
[18:07:08] [Server thread/DEBUG] [io.ne.ut.NetUtilInitializations/]: Loopback interface: lo (Software Loopback Interface 1, 127.0.0.1)
[18:07:08] [Server thread/DEBUG] [io.ne.ut.NetUtil/]: Failed to get SOMAXCONN from sysctl and file \proc\sys\net\core\somaxconn. Default: 200
[18:07:08] [Server thread/DEBUG] [io.ne.ch.DefaultChannelId/]: -Dio.netty.machineId: ac:a7:f1:ff:fe:e8:db:11 (auto-detected)
[18:07:08] [Server thread/DEBUG] [io.ne.bu.PooledByteBufAllocator/]: -Dio.netty.allocator.numHeapArenas: 8
[18:07:08] [Server thread/DEBUG] [io.ne.bu.PooledByteBufAllocator/]: -Dio.netty.allocator.numDirectArenas: 8
[18:07:08] [Server thread/DEBUG] [io.ne.bu.PooledByteBufAllocator/]: -Dio.netty.allocator.pageSize: 8192
[18:07:08] [Server thread/DEBUG] [io.ne.bu.PooledByteBufAllocator/]: -Dio.netty.allocator.maxOrder: 9
[18:07:08] [Server thread/DEBUG] [io.ne.bu.PooledByteBufAllocator/]: -Dio.netty.allocator.chunkSize: 4194304
[18:07:08] [Server thread/DEBUG] [io.ne.bu.PooledByteBufAllocator/]: -Dio.netty.allocator.smallCacheSize: 256
[18:07:08] [Server thread/DEBUG] [io.ne.bu.PooledByteBufAllocator/]: -Dio.netty.allocator.normalCacheSize: 64
[18:07:08] [Server thread/DEBUG] [io.ne.bu.PooledByteBufAllocator/]: -Dio.netty.allocator.maxCachedBufferCapacity: 32768
[18:07:08] [Server thread/DEBUG] [io.ne.bu.PooledByteBufAllocator/]: -Dio.netty.allocator.cacheTrimInterval: 8192
[18:07:08] [Server thread/DEBUG] [io.ne.bu.PooledByteBufAllocator/]: -Dio.netty.allocator.cacheTrimIntervalMillis: 0
[18:07:08] [Server thread/DEBUG] [io.ne.bu.PooledByteBufAllocator/]: -Dio.netty.allocator.useCacheForAllThreads: false
[18:07:08] [Server thread/DEBUG] [io.ne.bu.PooledByteBufAllocator/]: -Dio.netty.allocator.maxCachedByteBuffersPerChunk: 1023
[18:07:08] [Server thread/DEBUG] [io.ne.bu.ByteBufUtil/]: -Dio.netty.allocator.type: pooled
[18:07:08] [Server thread/DEBUG] [io.ne.bu.ByteBufUtil/]: -Dio.netty.threadLocalDirectBufferSize: 0
[18:07:08] [Server thread/DEBUG] [io.ne.bu.ByteBufUtil/]: -Dio.netty.maxThreadLocalCharBufferSize: 16384
[18:07:08] [Server thread/DEBUG] [ne.mi.fm.co.ConfigTracker/CONFIG]: Loading configs type SERVER
[18:07:08] [Server thread/DEBUG] [ne.mi.fm.co.ConfigFileTypeHandler/CONFIG]: Built TOML config for .\world\serverconfig\forge-server.toml
[18:07:08] [Server thread/DEBUG] [ne.mi.fm.co.ConfigFileTypeHandler/CONFIG]: Loaded TOML config file .\world\serverconfig\forge-server.toml
[18:07:08] [Server thread/DEBUG] [ne.mi.fm.co.ConfigFileTypeHandler/CONFIG]: Watching TOML config file .\world\serverconfig\forge-server.toml for changes
[18:07:08] [Server thread/WARN] [ne.mi.co.ForgeConfigSpec/CORE]: Configuration file .\world\serverconfig\forge-server.toml is not correct. Correcting
[18:07:08] [Server thread/WARN] [ne.mi.co.ForgeConfigSpec/CORE]: Incorrect key server was corrected from null to its default, SimpleCommentedConfig:{}. 
[18:07:08] [Server thread/WARN] [ne.mi.co.ForgeConfigSpec/CORE]: Incorrect key server.removeErroringBlockEntities was corrected from null to its default, false. 
[18:07:08] [Server thread/DEBUG] [ne.mi.co.ForgeConfigSpec/CORE]: The comment on key server.removeErroringBlockEntities does not match the spec. This may create a backup.
[18:07:08] [Server thread/WARN] [ne.mi.co.ForgeConfigSpec/CORE]: Incorrect key server.removeErroringEntities was corrected from null to its default, false. 
[18:07:08] [Server thread/DEBUG] [ne.mi.co.ForgeConfigSpec/CORE]: The comment on key server.removeErroringEntities does not match the spec. This may create a backup.
[18:07:08] [Server thread/WARN] [ne.mi.co.ForgeConfigSpec/CORE]: Incorrect key server.fullBoundingBoxLadders was corrected from null to its default, false. 
[18:07:08] [Server thread/DEBUG] [ne.mi.co.ForgeConfigSpec/CORE]: The comment on key server.fullBoundingBoxLadders does not match the spec. This may create a backup.
[18:07:08] [Server thread/WARN] [ne.mi.co.ForgeConfigSpec/CORE]: Incorrect key server.zombieBaseSummonChance was corrected from null to its default, 0.1. 
[18:07:08] [Server thread/DEBUG] [ne.mi.co.ForgeConfigSpec/CORE]: The comment on key server.zombieBaseSummonChance does not match the spec. This may create a backup.
[18:07:08] [Server thread/WARN] [ne.mi.co.ForgeConfigSpec/CORE]: Incorrect key server.zombieBabyChance was corrected from null to its default, 0.05. 
[18:07:08] [Server thread/DEBUG] [ne.mi.co.ForgeConfigSpec/CORE]: The comment on key server.zombieBabyChance does not match the spec. This may create a backup.
[18:07:08] [Server thread/WARN] [ne.mi.co.ForgeConfigSpec/CORE]: Incorrect key server.permissionHandler was corrected from null to its default, forge:default_handler. 
[18:07:08] [Server thread/DEBUG] [ne.mi.co.ForgeConfigSpec/CORE]: The comment on key server.permissionHandler does not match the spec. This may create a backup.
[18:07:08] [Server thread/WARN] [ne.mi.co.ForgeConfigSpec/CORE]: Incorrect key server.advertiseDedicatedServerToLan was corrected from null to its default, true. 
[18:07:08] [Server thread/DEBUG] [ne.mi.co.ForgeConfigSpec/CORE]: The comment on key server.advertiseDedicatedServerToLan does not match the spec. This may create a backup.
[18:07:08] [Server thread/WARN] [ne.mi.co.ForgeConfigSpec/CORE]: Incorrect key server.useItemWithDurationZero was corrected from null to its default, false. 
[18:07:08] [Server thread/DEBUG] [ne.mi.co.ForgeConfigSpec/CORE]: The comment on key server.useItemWithDurationZero does not match the spec. This may create a backup.
[18:07:08] [Server thread/DEBUG] [ne.mi.co.ForgeConfigSpec/CORE]: The comment on key server does not match the spec. This may create a backup.
[18:07:08] [Server thread/DEBUG] [ne.mi.co.ForgeConfig/FORGEMOD]: Loaded forge config file forge-server.toml
[18:07:08] [Server thread/DEBUG] [ne.mi.fm.co.ConfigFileTypeHandler/CONFIG]: Built TOML config for .\world\serverconfig\curios-server.toml
[18:07:08] [Server thread/DEBUG] [ne.mi.fm.co.ConfigFileTypeHandler/CONFIG]: Loaded TOML config file .\world\serverconfig\curios-server.toml
[18:07:08] [Server thread/DEBUG] [ne.mi.fm.co.ConfigFileTypeHandler/CONFIG]: Watching TOML config file .\world\serverconfig\curios-server.toml for changes
[18:07:08] [Server thread/WARN] [ne.mi.co.ForgeConfigSpec/CORE]: Configuration file .\world\serverconfig\curios-server.toml is not correct. Correcting
[18:07:08] [Server thread/WARN] [ne.mi.co.ForgeConfigSpec/CORE]: Incorrect key keepCurios was corrected from null to its default, DEFAULT. 
[18:07:08] [Server thread/DEBUG] [ne.mi.co.ForgeConfigSpec/CORE]: The comment on key keepCurios does not match the spec. This may create a backup.
[18:07:08] [Server thread/WARN] [ne.mi.co.ForgeConfigSpec/CORE]: Incorrect key menu was corrected from null to its default, SimpleCommentedConfig:{}. 
[18:07:08] [Server thread/WARN] [ne.mi.co.ForgeConfigSpec/CORE]: Incorrect key menu.enableLegacyMenu was corrected from null to its default, false. 
[18:07:08] [Server thread/DEBUG] [ne.mi.co.ForgeConfigSpec/CORE]: The comment on key menu.enableLegacyMenu does not match the spec. This may create a backup.
[18:07:08] [Server thread/WARN] [ne.mi.co.ForgeConfigSpec/CORE]: Incorrect key menu.experimental was corrected from null to its default, SimpleCommentedConfig:{}. 
[18:07:08] [Server thread/WARN] [ne.mi.co.ForgeConfigSpec/CORE]: Incorrect key menu.experimental.minimumColumns was corrected from null to its default, 1. 
[18:07:08] [Server thread/DEBUG] [ne.mi.co.ForgeConfigSpec/CORE]: The comment on key menu.experimental.minimumColumns does not match the spec. This may create a backup.
[18:07:08] [Server thread/WARN] [ne.mi.co.ForgeConfigSpec/CORE]: Incorrect key menu.experimental.maxSlotsPerPage was corrected from null to its default, 48. 
[18:07:08] [Server thread/DEBUG] [ne.mi.co.ForgeConfigSpec/CORE]: The comment on key menu.experimental.maxSlotsPerPage does not match the spec. This may create a backup.
[18:07:08] [Server thread/DEBUG] [ne.mi.fm.co.ConfigFileTypeHandler/CONFIG]: Built TOML config for C:\Blue_Lotus_Global_ICM\repos\Eidolon-Unchained\run\config\eidolon\dark_prayer.toml
[18:07:08] [Server thread/DEBUG] [ne.mi.fm.co.ConfigFileTypeHandler/CONFIG]: Loaded TOML config file C:\Blue_Lotus_Global_ICM\repos\Eidolon-Unchained\run\config\eidolon\dark_prayer.toml
[18:07:08] [Thread-1/DEBUG] [ne.mi.fm.co.ConfigFileTypeHandler/CONFIG]: Config file forge-server.toml changed, sending notifies
[18:07:08] [Thread-1/DEBUG] [ne.mi.co.ForgeConfig/FORGEMOD]: Forge config just got changed on the file system!
[18:07:08] [Server thread/DEBUG] [ne.mi.fm.co.ConfigFileTypeHandler/CONFIG]: Watching TOML config file C:\Blue_Lotus_Global_ICM\repos\Eidolon-Unchained\run\config\eidolon\dark_prayer.toml for changes
[18:07:08] [Server thread/WARN] [ne.mi.co.ForgeConfigSpec/CORE]: Configuration file C:\Blue_Lotus_Global_ICM\repos\Eidolon-Unchained\run\config\eidolon\dark_prayer.toml is not correct. Correcting
[18:07:08] [Server thread/WARN] [ne.mi.co.ForgeConfigSpec/CORE]: Incorrect key delay was corrected from null to its default, 10. 
[18:07:08] [Server thread/DEBUG] [ne.mi.co.ForgeConfigSpec/CORE]: The comment on key delay does not match the spec. This may create a backup.
[18:07:08] [Server thread/WARN] [ne.mi.co.ForgeConfigSpec/CORE]: Incorrect key cost was corrected from null to its default, 0. 
[18:07:08] [Server thread/DEBUG] [ne.mi.co.ForgeConfigSpec/CORE]: The comment on key cost does not match the spec. This may create a backup.
[18:07:08] [Server thread/WARN] [ne.mi.co.ForgeConfigSpec/CORE]: Incorrect key cooldown was corrected from null to its default, 0. 
[18:07:08] [Server thread/DEBUG] [ne.mi.co.ForgeConfigSpec/CORE]: The comment on key cooldown does not match the spec. This may create a backup.
[18:07:08] [Server thread/WARN] [ne.mi.co.ForgeConfigSpec/CORE]: Incorrect key base_reputation was corrected from null to its default, 1. 
[18:07:08] [Server thread/DEBUG] [ne.mi.co.ForgeConfigSpec/CORE]: The comment on key base_reputation does not match the spec. This may create a backup.
[18:07:08] [Server thread/WARN] [ne.mi.co.ForgeConfigSpec/CORE]: Incorrect key power_multiplier was corrected from null to its default, 0.25. 
[18:07:08] [Server thread/DEBUG] [ne.mi.co.ForgeConfigSpec/CORE]: The comment on key power_multiplier does not match the spec. This may create a backup.
[18:07:08] [Server thread/DEBUG] [ne.mi.fm.co.ConfigFileTypeHandler/CONFIG]: Built TOML config for C:\Blue_Lotus_Global_ICM\repos\Eidolon-Unchained\run\config\eidolon\darklight_chant.toml
[18:07:08] [Server thread/DEBUG] [ne.mi.fm.co.ConfigFileTypeHandler/CONFIG]: Loaded TOML config file C:\Blue_Lotus_Global_ICM\repos\Eidolon-Unchained\run\config\eidolon\darklight_chant.toml
[18:07:08] [Server thread/DEBUG] [ne.mi.fm.co.ConfigFileTypeHandler/CONFIG]: Watching TOML config file C:\Blue_Lotus_Global_ICM\repos\Eidolon-Unchained\run\config\eidolon\darklight_chant.toml for changes
[18:07:08] [Server thread/WARN] [ne.mi.co.ForgeConfigSpec/CORE]: Configuration file C:\Blue_Lotus_Global_ICM\repos\Eidolon-Unchained\run\config\eidolon\darklight_chant.toml is not correct. Correcting
[18:07:08] [Server thread/WARN] [ne.mi.co.ForgeConfigSpec/CORE]: Incorrect key delay was corrected from null to its default, 10. 
[18:07:08] [Server thread/DEBUG] [ne.mi.co.ForgeConfigSpec/CORE]: The comment on key delay does not match the spec. This may create a backup.
[18:07:08] [Server thread/WARN] [ne.mi.co.ForgeConfigSpec/CORE]: Incorrect key cost was corrected from null to its default, 3. 
[18:07:08] [Server thread/DEBUG] [ne.mi.co.ForgeConfigSpec/CORE]: The comment on key cost does not match the spec. This may create a backup.
[18:07:08] [Server thread/DEBUG] [ne.mi.fm.co.ConfigFileTypeHandler/CONFIG]: Built TOML config for C:\Blue_Lotus_Global_ICM\repos\Eidolon-Unchained\run\config\eidolon\dark_animal_sacrifice.toml
[18:07:08] [Server thread/DEBUG] [ne.mi.fm.co.ConfigFileTypeHandler/CONFIG]: Loaded TOML config file C:\Blue_Lotus_Global_ICM\repos\Eidolon-Unchained\run\config\eidolon\dark_animal_sacrifice.toml
[18:07:08] [Server thread/DEBUG] [ne.mi.fm.co.ConfigFileTypeHandler/CONFIG]: Watching TOML config file C:\Blue_Lotus_Global_ICM\repos\Eidolon-Unchained\run\config\eidolon\dark_animal_sacrifice.toml for changes
[18:07:08] [Server thread/WARN] [ne.mi.co.ForgeConfigSpec/CORE]: Configuration file C:\Blue_Lotus_Global_ICM\repos\Eidolon-Unchained\run\config\eidolon\dark_animal_sacrifice.toml is not correct. Correcting
[18:07:08] [Server thread/WARN] [ne.mi.co.ForgeConfigSpec/CORE]: Incorrect key delay was corrected from null to its default, 10. 
[18:07:08] [Server thread/DEBUG] [ne.mi.co.ForgeConfigSpec/CORE]: The comment on key delay does not match the spec. This may create a backup.
[18:07:08] [Server thread/WARN] [ne.mi.co.ForgeConfigSpec/CORE]: Incorrect key cost was corrected from null to its default, 0. 
[18:07:08] [Server thread/DEBUG] [ne.mi.co.ForgeConfigSpec/CORE]: The comment on key cost does not match the spec. This may create a backup.
[18:07:08] [Server thread/WARN] [ne.mi.co.ForgeConfigSpec/CORE]: Incorrect key cooldown was corrected from null to its default, 0. 
[18:07:08] [Server thread/DEBUG] [ne.mi.co.ForgeConfigSpec/CORE]: The comment on key cooldown does not match the spec. This may create a backup.
[18:07:08] [Server thread/WARN] [ne.mi.co.ForgeConfigSpec/CORE]: Incorrect key base_reputation was corrected from null to its default, 3. 
[18:07:08] [Server thread/DEBUG] [ne.mi.co.ForgeConfigSpec/CORE]: The comment on key base_reputation does not match the spec. This may create a backup.
[18:07:08] [Server thread/WARN] [ne.mi.co.ForgeConfigSpec/CORE]: Incorrect key power_multiplier was corrected from null to its default, 0.5. 
[18:07:08] [Server thread/DEBUG] [ne.mi.co.ForgeConfigSpec/CORE]: The comment on key power_multiplier does not match the spec. This may create a backup.
[18:07:08] [Server thread/DEBUG] [ne.mi.fm.co.ConfigFileTypeHandler/CONFIG]: Built TOML config for C:\Blue_Lotus_Global_ICM\repos\Eidolon-Unchained\run\config\eidolon\dark_touch.toml
[18:07:08] [Server thread/DEBUG] [ne.mi.fm.co.ConfigFileTypeHandler/CONFIG]: Loaded TOML config file C:\Blue_Lotus_Global_ICM\repos\Eidolon-Unchained\run\config\eidolon\dark_touch.toml
[18:07:08] [Server thread/DEBUG] [ne.mi.fm.co.ConfigFileTypeHandler/CONFIG]: Watching TOML config file C:\Blue_Lotus_Global_ICM\repos\Eidolon-Unchained\run\config\eidolon\dark_touch.toml for changes
[18:07:08] [Server thread/WARN] [ne.mi.co.ForgeConfigSpec/CORE]: Configuration file C:\Blue_Lotus_Global_ICM\repos\Eidolon-Unchained\run\config\eidolon\dark_touch.toml is not correct. Correcting
[18:07:08] [Server thread/WARN] [ne.mi.co.ForgeConfigSpec/CORE]: Incorrect key delay was corrected from null to its default, 10. 
[18:07:08] [Server thread/DEBUG] [ne.mi.co.ForgeConfigSpec/CORE]: The comment on key delay does not match the spec. This may create a backup.
[18:07:08] [Server thread/WARN] [ne.mi.co.ForgeConfigSpec/CORE]: Incorrect key cost was corrected from null to its default, 20. 
[18:07:08] [Server thread/DEBUG] [ne.mi.co.ForgeConfigSpec/CORE]: The comment on key cost does not match the spec. This may create a backup.
[18:07:08] [Server thread/DEBUG] [ne.mi.fm.co.ConfigFileTypeHandler/CONFIG]: Built TOML config for C:\Blue_Lotus_Global_ICM\repos\Eidolon-Unchained\run\config\eidolon\frost_touch.toml
[18:07:08] [Server thread/DEBUG] [ne.mi.fm.co.ConfigFileTypeHandler/CONFIG]: Loaded TOML config file C:\Blue_Lotus_Global_ICM\repos\Eidolon-Unchained\run\config\eidolon\frost_touch.toml
[18:07:08] [Server thread/DEBUG] [ne.mi.fm.co.ConfigFileTypeHandler/CONFIG]: Watching TOML config file C:\Blue_Lotus_Global_ICM\repos\Eidolon-Unchained\run\config\eidolon\frost_touch.toml for changes
[18:07:08] [Server thread/WARN] [ne.mi.co.ForgeConfigSpec/CORE]: Configuration file C:\Blue_Lotus_Global_ICM\repos\Eidolon-Unchained\run\config\eidolon\frost_touch.toml is not correct. Correcting
[18:07:08] [Server thread/WARN] [ne.mi.co.ForgeConfigSpec/CORE]: Incorrect key delay was corrected from null to its default, 10. 
[18:07:08] [Server thread/DEBUG] [ne.mi.co.ForgeConfigSpec/CORE]: The comment on key delay does not match the spec. This may create a backup.
[18:07:08] [Server thread/WARN] [ne.mi.co.ForgeConfigSpec/CORE]: Incorrect key cost was corrected from null to its default, 20. 
[18:07:08] [Server thread/DEBUG] [ne.mi.co.ForgeConfigSpec/CORE]: The comment on key cost does not match the spec. This may create a backup.
[18:07:08] [Server thread/DEBUG] [ne.mi.fm.co.ConfigFileTypeHandler/CONFIG]: Built TOML config for C:\Blue_Lotus_Global_ICM\repos\Eidolon-Unchained\run\config\eidolon\dark_villager_sacrifice.toml
[18:07:08] [Server thread/DEBUG] [ne.mi.fm.co.ConfigFileTypeHandler/CONFIG]: Loaded TOML config file C:\Blue_Lotus_Global_ICM\repos\Eidolon-Unchained\run\config\eidolon\dark_villager_sacrifice.toml
[18:07:08] [Server thread/DEBUG] [ne.mi.fm.co.ConfigFileTypeHandler/CONFIG]: Watching TOML config file C:\Blue_Lotus_Global_ICM\repos\Eidolon-Unchained\run\config\eidolon\dark_villager_sacrifice.toml for changes
[18:07:08] [Server thread/WARN] [ne.mi.co.ForgeConfigSpec/CORE]: Configuration file C:\Blue_Lotus_Global_ICM\repos\Eidolon-Unchained\run\config\eidolon\dark_villager_sacrifice.toml is not correct. Correcting
[18:07:08] [Server thread/WARN] [ne.mi.co.ForgeConfigSpec/CORE]: Incorrect key delay was corrected from null to its default, 10. 
[18:07:08] [Server thread/DEBUG] [ne.mi.co.ForgeConfigSpec/CORE]: The comment on key delay does not match the spec. This may create a backup.
[18:07:08] [Server thread/WARN] [ne.mi.co.ForgeConfigSpec/CORE]: Incorrect key cost was corrected from null to its default, 0. 
[18:07:08] [Server thread/DEBUG] [ne.mi.co.ForgeConfigSpec/CORE]: The comment on key cost does not match the spec. This may create a backup.
[18:07:08] [Server thread/WARN] [ne.mi.co.ForgeConfigSpec/CORE]: Incorrect key cooldown was corrected from null to its default, 0. 
[18:07:08] [Server thread/DEBUG] [ne.mi.co.ForgeConfigSpec/CORE]: The comment on key cooldown does not match the spec. This may create a backup.
[18:07:08] [Server thread/WARN] [ne.mi.co.ForgeConfigSpec/CORE]: Incorrect key base_reputation was corrected from null to its default, 6. 
[18:07:08] [Server thread/DEBUG] [ne.mi.co.ForgeConfigSpec/CORE]: The comment on key base_reputation does not match the spec. This may create a backup.
[18:07:08] [Server thread/WARN] [ne.mi.co.ForgeConfigSpec/CORE]: Incorrect key power_multiplier was corrected from null to its default, 1.0. 
[18:07:08] [Server thread/DEBUG] [ne.mi.co.ForgeConfigSpec/CORE]: The comment on key power_multiplier does not match the spec. This may create a backup.
[18:07:08] [Server thread/DEBUG] [ne.mi.fm.co.ConfigFileTypeHandler/CONFIG]: Built TOML config for C:\Blue_Lotus_Global_ICM\repos\Eidolon-Unchained\run\config\eidolon\zombify_villager.toml
[18:07:08] [Server thread/DEBUG] [ne.mi.fm.co.ConfigFileTypeHandler/CONFIG]: Loaded TOML config file C:\Blue_Lotus_Global_ICM\repos\Eidolon-Unchained\run\config\eidolon\zombify_villager.toml
[18:07:08] [Server thread/DEBUG] [ne.mi.fm.co.ConfigFileTypeHandler/CONFIG]: Watching TOML config file C:\Blue_Lotus_Global_ICM\repos\Eidolon-Unchained\run\config\eidolon\zombify_villager.toml for changes
[18:07:08] [Server thread/WARN] [ne.mi.co.ForgeConfigSpec/CORE]: Configuration file C:\Blue_Lotus_Global_ICM\repos\Eidolon-Unchained\run\config\eidolon\zombify_villager.toml is not correct. Correcting
[18:07:08] [Server thread/WARN] [ne.mi.co.ForgeConfigSpec/CORE]: Incorrect key delay was corrected from null to its default, 10. 
[18:07:08] [Server thread/DEBUG] [ne.mi.co.ForgeConfigSpec/CORE]: The comment on key delay does not match the spec. This may create a backup.
[18:07:08] [Server thread/WARN] [ne.mi.co.ForgeConfigSpec/CORE]: Incorrect key cost was corrected from null to its default, 20. 
[18:07:08] [Server thread/DEBUG] [ne.mi.co.ForgeConfigSpec/CORE]: The comment on key cost does not match the spec. This may create a backup.
[18:07:08] [Server thread/WARN] [ne.mi.co.ForgeConfigSpec/CORE]: Incorrect key cooldown was corrected from null to its default, 0. 
[18:07:08] [Server thread/DEBUG] [ne.mi.co.ForgeConfigSpec/CORE]: The comment on key cooldown does not match the spec. This may create a backup.
[18:07:08] [Server thread/WARN] [ne.mi.co.ForgeConfigSpec/CORE]: Incorrect key base_reputation was corrected from null to its default, 8. 
[18:07:08] [Server thread/DEBUG] [ne.mi.co.ForgeConfigSpec/CORE]: The comment on key base_reputation does not match the spec. This may create a backup.
[18:07:08] [Server thread/WARN] [ne.mi.co.ForgeConfigSpec/CORE]: Incorrect key power_multiplier was corrected from null to its default, 1.25. 
[18:07:08] [Server thread/DEBUG] [ne.mi.co.ForgeConfigSpec/CORE]: The comment on key power_multiplier does not match the spec. This may create a backup.
[18:07:08] [Thread-1/DEBUG] [ne.mi.co.ForgeConfigSpec/CORE]: Range value 0.0 is not within its bounds 21000.0-2.147483647E9
[18:07:08] [Thread-1/WARN] [ne.mi.fm.co.ConfigFileTypeHandler/CONFIG]: Configuration file C:\Blue_Lotus_Global_ICM\repos\Eidolon-Unchained\run\config\eidolon\zombify_villager.toml is not correct. Correcting
[18:07:08] [Thread-1/DEBUG] [ne.mi.co.ForgeConfigSpec/CORE]: Range value 0.0 is not within its bounds 21000.0-2.147483647E9
[18:07:08] [Server thread/DEBUG] [ne.mi.fm.co.ConfigFileTypeHandler/CONFIG]: Built TOML config for C:\Blue_Lotus_Global_ICM\repos\Eidolon-Unchained\run\config\eidolon\enthrall_spell.toml
[18:07:08] [Thread-1/DEBUG] [ne.mi.fm.co.ConfigFileTypeHandler/CONFIG]: Config file eidolon/zombify_villager.toml changed, sending notifies
[18:07:08] [Server thread/DEBUG] [ne.mi.fm.co.ConfigFileTypeHandler/CONFIG]: Loaded TOML config file C:\Blue_Lotus_Global_ICM\repos\Eidolon-Unchained\run\config\eidolon\enthrall_spell.toml
[18:07:08] [Server thread/DEBUG] [ne.mi.fm.co.ConfigFileTypeHandler/CONFIG]: Watching TOML config file C:\Blue_Lotus_Global_ICM\repos\Eidolon-Unchained\run\config\eidolon\enthrall_spell.toml for changes
[18:07:08] [Server thread/WARN] [ne.mi.co.ForgeConfigSpec/CORE]: Configuration file C:\Blue_Lotus_Global_ICM\repos\Eidolon-Unchained\run\config\eidolon\enthrall_spell.toml is not correct. Correcting
[18:07:08] [Server thread/WARN] [ne.mi.co.ForgeConfigSpec/CORE]: Incorrect key delay was corrected from null to its default, 10. 
[18:07:08] [Server thread/DEBUG] [ne.mi.co.ForgeConfigSpec/CORE]: The comment on key delay does not match the spec. This may create a backup.
[18:07:08] [Server thread/WARN] [ne.mi.co.ForgeConfigSpec/CORE]: Incorrect key cost was corrected from null to its default, 50. 
[18:07:08] [Server thread/DEBUG] [ne.mi.co.ForgeConfigSpec/CORE]: The comment on key cost does not match the spec. This may create a backup.
[18:07:08] [Server thread/DEBUG] [ne.mi.fm.co.ConfigFileTypeHandler/CONFIG]: Built TOML config for C:\Blue_Lotus_Global_ICM\repos\Eidolon-Unchained\run\config\eidolon\light_prayer.toml
[18:07:08] [Server thread/DEBUG] [ne.mi.fm.co.ConfigFileTypeHandler/CONFIG]: Loaded TOML config file C:\Blue_Lotus_Global_ICM\repos\Eidolon-Unchained\run\config\eidolon\light_prayer.toml
[18:07:08] [Server thread/DEBUG] [ne.mi.fm.co.ConfigFileTypeHandler/CONFIG]: Watching TOML config file C:\Blue_Lotus_Global_ICM\repos\Eidolon-Unchained\run\config\eidolon\light_prayer.toml for changes
[18:07:08] [Server thread/WARN] [ne.mi.co.ForgeConfigSpec/CORE]: Configuration file C:\Blue_Lotus_Global_ICM\repos\Eidolon-Unchained\run\config\eidolon\light_prayer.toml is not correct. Correcting
[18:07:08] [Server thread/WARN] [ne.mi.co.ForgeConfigSpec/CORE]: Incorrect key delay was corrected from null to its default, 10. 
[18:07:08] [Server thread/DEBUG] [ne.mi.co.ForgeConfigSpec/CORE]: The comment on key delay does not match the spec. This may create a backup.
[18:07:08] [Server thread/WARN] [ne.mi.co.ForgeConfigSpec/CORE]: Incorrect key cost was corrected from null to its default, 0. 
[18:07:08] [Server thread/DEBUG] [ne.mi.co.ForgeConfigSpec/CORE]: The comment on key cost does not match the spec. This may create a backup.
[18:07:08] [Server thread/WARN] [ne.mi.co.ForgeConfigSpec/CORE]: Incorrect key cooldown was corrected from null to its default, 0. 
[18:07:08] [Server thread/DEBUG] [ne.mi.co.ForgeConfigSpec/CORE]: The comment on key cooldown does not match the spec. This may create a backup.
[18:07:08] [Server thread/WARN] [ne.mi.co.ForgeConfigSpec/CORE]: Incorrect key base_reputation was corrected from null to its default, 1. 
[18:07:08] [Server thread/DEBUG] [ne.mi.co.ForgeConfigSpec/CORE]: The comment on key base_reputation does not match the spec. This may create a backup.
[18:07:08] [Server thread/WARN] [ne.mi.co.ForgeConfigSpec/CORE]: Incorrect key power_multiplier was corrected from null to its default, 0.25. 
[18:07:08] [Server thread/DEBUG] [ne.mi.co.ForgeConfigSpec/CORE]: The comment on key power_multiplier does not match the spec. This may create a backup.
[18:07:08] [Thread-1/DEBUG] [ne.mi.fm.co.ConfigFileTypeHandler/CONFIG]: Config file eidolon/zombify_villager.toml changed, sending notifies
[18:07:08] [Server thread/DEBUG] [ne.mi.fm.co.ConfigFileTypeHandler/CONFIG]: Built TOML config for C:\Blue_Lotus_Global_ICM\repos\Eidolon-Unchained\run\config\eidolon\fire_chant.toml
[18:07:08] [Server thread/DEBUG] [ne.mi.fm.co.ConfigFileTypeHandler/CONFIG]: Loaded TOML config file C:\Blue_Lotus_Global_ICM\repos\Eidolon-Unchained\run\config\eidolon\fire_chant.toml
[18:07:08] [Server thread/DEBUG] [ne.mi.fm.co.ConfigFileTypeHandler/CONFIG]: Watching TOML config file C:\Blue_Lotus_Global_ICM\repos\Eidolon-Unchained\run\config\eidolon\fire_chant.toml for changes
[18:07:08] [Server thread/WARN] [ne.mi.co.ForgeConfigSpec/CORE]: Configuration file C:\Blue_Lotus_Global_ICM\repos\Eidolon-Unchained\run\config\eidolon\fire_chant.toml is not correct. Correcting
[18:07:08] [Server thread/WARN] [ne.mi.co.ForgeConfigSpec/CORE]: Incorrect key delay was corrected from null to its default, 5. 
[18:07:08] [Server thread/DEBUG] [ne.mi.co.ForgeConfigSpec/CORE]: The comment on key delay does not match the spec. This may create a backup.
[18:07:08] [Server thread/WARN] [ne.mi.co.ForgeConfigSpec/CORE]: Incorrect key cost was corrected from null to its default, 10. 
[18:07:08] [Server thread/DEBUG] [ne.mi.co.ForgeConfigSpec/CORE]: The comment on key cost does not match the spec. This may create a backup.
[18:07:08] [Server thread/DEBUG] [ne.mi.fm.co.ConfigFileTypeHandler/CONFIG]: Built TOML config for C:\Blue_Lotus_Global_ICM\repos\Eidolon-Unchained\run\config\eidolon\light_chant.toml
[18:07:08] [Server thread/DEBUG] [ne.mi.fm.co.ConfigFileTypeHandler/CONFIG]: Loaded TOML config file C:\Blue_Lotus_Global_ICM\repos\Eidolon-Unchained\run\config\eidolon\light_chant.toml
[18:07:08] [Server thread/DEBUG] [ne.mi.fm.co.ConfigFileTypeHandler/CONFIG]: Watching TOML config file C:\Blue_Lotus_Global_ICM\repos\Eidolon-Unchained\run\config\eidolon\light_chant.toml for changes
[18:07:08] [Server thread/WARN] [ne.mi.co.ForgeConfigSpec/CORE]: Configuration file C:\Blue_Lotus_Global_ICM\repos\Eidolon-Unchained\run\config\eidolon\light_chant.toml is not correct. Correcting
[18:07:08] [Server thread/WARN] [ne.mi.co.ForgeConfigSpec/CORE]: Incorrect key delay was corrected from null to its default, 10. 
[18:07:08] [Server thread/DEBUG] [ne.mi.co.ForgeConfigSpec/CORE]: The comment on key delay does not match the spec. This may create a backup.
[18:07:08] [Server thread/WARN] [ne.mi.co.ForgeConfigSpec/CORE]: Incorrect key cost was corrected from null to its default, 3. 
[18:07:08] [Server thread/DEBUG] [ne.mi.co.ForgeConfigSpec/CORE]: The comment on key cost does not match the spec. This may create a backup.
[18:07:08] [Server thread/DEBUG] [ne.mi.fm.co.ConfigFileTypeHandler/CONFIG]: Built TOML config for C:\Blue_Lotus_Global_ICM\repos\Eidolon-Unchained\run\config\eidolon\holy_touch.toml
[18:07:08] [Server thread/DEBUG] [ne.mi.fm.co.ConfigFileTypeHandler/CONFIG]: Loaded TOML config file C:\Blue_Lotus_Global_ICM\repos\Eidolon-Unchained\run\config\eidolon\holy_touch.toml
[18:07:08] [Server thread/DEBUG] [ne.mi.fm.co.ConfigFileTypeHandler/CONFIG]: Watching TOML config file C:\Blue_Lotus_Global_ICM\repos\Eidolon-Unchained\run\config\eidolon\holy_touch.toml for changes
[18:07:08] [Server thread/WARN] [ne.mi.co.ForgeConfigSpec/CORE]: Configuration file C:\Blue_Lotus_Global_ICM\repos\Eidolon-Unchained\run\config\eidolon\holy_touch.toml is not correct. Correcting
[18:07:08] [Server thread/WARN] [ne.mi.co.ForgeConfigSpec/CORE]: Incorrect key delay was corrected from null to its default, 10. 
[18:07:08] [Server thread/DEBUG] [ne.mi.co.ForgeConfigSpec/CORE]: The comment on key delay does not match the spec. This may create a backup.
[18:07:08] [Server thread/WARN] [ne.mi.co.ForgeConfigSpec/CORE]: Incorrect key cost was corrected from null to its default, 20. 
[18:07:08] [Server thread/DEBUG] [ne.mi.co.ForgeConfigSpec/CORE]: The comment on key cost does not match the spec. This may create a backup.
[18:07:08] [Server thread/DEBUG] [ne.mi.fm.co.ConfigFileTypeHandler/CONFIG]: Built TOML config for C:\Blue_Lotus_Global_ICM\repos\Eidolon-Unchained\run\config\eidolon\lay_on_hands.toml
[18:07:08] [Server thread/DEBUG] [ne.mi.fm.co.ConfigFileTypeHandler/CONFIG]: Loaded TOML config file C:\Blue_Lotus_Global_ICM\repos\Eidolon-Unchained\run\config\eidolon\lay_on_hands.toml
[18:07:08] [Server thread/DEBUG] [ne.mi.fm.co.ConfigFileTypeHandler/CONFIG]: Watching TOML config file C:\Blue_Lotus_Global_ICM\repos\Eidolon-Unchained\run\config\eidolon\lay_on_hands.toml for changes
[18:07:08] [Server thread/WARN] [ne.mi.co.ForgeConfigSpec/CORE]: Configuration file C:\Blue_Lotus_Global_ICM\repos\Eidolon-Unchained\run\config\eidolon\lay_on_hands.toml is not correct. Correcting
[18:07:08] [Server thread/WARN] [ne.mi.co.ForgeConfigSpec/CORE]: Incorrect key delay was corrected from null to its default, 10. 
[18:07:08] [Server thread/DEBUG] [ne.mi.co.ForgeConfigSpec/CORE]: The comment on key delay does not match the spec. This may create a backup.
[18:07:08] [Server thread/WARN] [ne.mi.co.ForgeConfigSpec/CORE]: Incorrect key cost was corrected from null to its default, 15. 
[18:07:08] [Server thread/DEBUG] [ne.mi.co.ForgeConfigSpec/CORE]: The comment on key cost does not match the spec. This may create a backup.
[18:07:08] [Server thread/WARN] [ne.mi.co.ForgeConfigSpec/CORE]: Incorrect key base_heal was corrected from null to its default, 5. 
[18:07:08] [Server thread/DEBUG] [ne.mi.co.ForgeConfigSpec/CORE]: The comment on key base_heal does not match the spec. This may create a backup.
[18:07:08] [Server thread/WARN] [ne.mi.co.ForgeConfigSpec/CORE]: Incorrect key rep_from_heal was corrected from null to its default, 3. 
[18:07:08] [Server thread/DEBUG] [ne.mi.co.ForgeConfigSpec/CORE]: The comment on key rep_from_heal does not match the spec. This may create a backup.
[18:07:08] [Server thread/WARN] [ne.mi.co.ForgeConfigSpec/CORE]: Incorrect key devotion_to_heal was corrected from null to its default, 0.05. 
[18:07:08] [Server thread/DEBUG] [ne.mi.co.ForgeConfigSpec/CORE]: The comment on key devotion_to_heal does not match the spec. This may create a backup.
[18:07:08] [Server thread/DEBUG] [ne.mi.fm.co.ConfigFileTypeHandler/CONFIG]: Built TOML config for C:\Blue_Lotus_Global_ICM\repos\Eidolon-Unchained\run\config\eidolon\cure_zombie.toml
[18:07:08] [Server thread/DEBUG] [ne.mi.fm.co.ConfigFileTypeHandler/CONFIG]: Loaded TOML config file C:\Blue_Lotus_Global_ICM\repos\Eidolon-Unchained\run\config\eidolon\cure_zombie.toml
[18:07:08] [Server thread/DEBUG] [ne.mi.fm.co.ConfigFileTypeHandler/CONFIG]: Watching TOML config file C:\Blue_Lotus_Global_ICM\repos\Eidolon-Unchained\run\config\eidolon\cure_zombie.toml for changes
[18:07:08] [Server thread/WARN] [ne.mi.co.ForgeConfigSpec/CORE]: Configuration file C:\Blue_Lotus_Global_ICM\repos\Eidolon-Unchained\run\config\eidolon\cure_zombie.toml is not correct. Correcting
[18:07:08] [Server thread/WARN] [ne.mi.co.ForgeConfigSpec/CORE]: Incorrect key delay was corrected from null to its default, 10. 
[18:07:08] [Server thread/DEBUG] [ne.mi.co.ForgeConfigSpec/CORE]: The comment on key delay does not match the spec. This may create a backup.
[18:07:08] [Server thread/WARN] [ne.mi.co.ForgeConfigSpec/CORE]: Incorrect key cost was corrected from null to its default, 20. 
[18:07:08] [Server thread/DEBUG] [ne.mi.co.ForgeConfigSpec/CORE]: The comment on key cost does not match the spec. This may create a backup.
[18:07:08] [Server thread/WARN] [ne.mi.co.ForgeConfigSpec/CORE]: Incorrect key cooldown was corrected from null to its default, 0. 
[18:07:08] [Server thread/DEBUG] [ne.mi.co.ForgeConfigSpec/CORE]: The comment on key cooldown does not match the spec. This may create a backup.
[18:07:08] [Server thread/WARN] [ne.mi.co.ForgeConfigSpec/CORE]: Incorrect key base_reputation was corrected from null to its default, 8. 
[18:07:08] [Server thread/DEBUG] [ne.mi.co.ForgeConfigSpec/CORE]: The comment on key base_reputation does not match the spec. This may create a backup.
[18:07:08] [Server thread/WARN] [ne.mi.co.ForgeConfigSpec/CORE]: Incorrect key power_multiplier was corrected from null to its default, 1.25. 
[18:07:08] [Server thread/DEBUG] [ne.mi.co.ForgeConfigSpec/CORE]: The comment on key power_multiplier does not match the spec. This may create a backup.
[18:07:08] [Server thread/DEBUG] [ne.mi.fm.co.ConfigFileTypeHandler/CONFIG]: Built TOML config for C:\Blue_Lotus_Global_ICM\repos\Eidolon-Unchained\run\config\eidolon\smite_chant.toml
[18:07:08] [Server thread/DEBUG] [ne.mi.fm.co.ConfigFileTypeHandler/CONFIG]: Loaded TOML config file C:\Blue_Lotus_Global_ICM\repos\Eidolon-Unchained\run\config\eidolon\smite_chant.toml
[18:07:08] [Server thread/DEBUG] [ne.mi.fm.co.ConfigFileTypeHandler/CONFIG]: Watching TOML config file C:\Blue_Lotus_Global_ICM\repos\Eidolon-Unchained\run\config\eidolon\smite_chant.toml for changes
[18:07:08] [Server thread/WARN] [ne.mi.co.ForgeConfigSpec/CORE]: Configuration file C:\Blue_Lotus_Global_ICM\repos\Eidolon-Unchained\run\config\eidolon\smite_chant.toml is not correct. Correcting
[18:07:08] [Server thread/WARN] [ne.mi.co.ForgeConfigSpec/CORE]: Incorrect key delay was corrected from null to its default, 10. 
[18:07:08] [Server thread/DEBUG] [ne.mi.co.ForgeConfigSpec/CORE]: The comment on key delay does not match the spec. This may create a backup.
[18:07:08] [Server thread/WARN] [ne.mi.co.ForgeConfigSpec/CORE]: Incorrect key cost was corrected from null to its default, 40. 
[18:07:08] [Server thread/DEBUG] [ne.mi.co.ForgeConfigSpec/CORE]: The comment on key cost does not match the spec. This may create a backup.
[18:07:08] [Server thread/WARN] [ne.mi.co.ForgeConfigSpec/CORE]: Incorrect key damage was corrected from null to its default, 10.0. 
[18:07:08] [Server thread/DEBUG] [ne.mi.co.ForgeConfigSpec/CORE]: The comment on key damage does not match the spec. This may create a backup.
[18:07:08] [Server thread/DEBUG] [ne.mi.fm.co.ConfigFileTypeHandler/CONFIG]: Built TOML config for C:\Blue_Lotus_Global_ICM\repos\Eidolon-Unchained\run\config\eidolon\sunder_armor.toml
[18:07:08] [Server thread/DEBUG] [ne.mi.fm.co.ConfigFileTypeHandler/CONFIG]: Loaded TOML config file C:\Blue_Lotus_Global_ICM\repos\Eidolon-Unchained\run\config\eidolon\sunder_armor.toml
[18:07:08] [Server thread/DEBUG] [ne.mi.fm.co.ConfigFileTypeHandler/CONFIG]: Watching TOML config file C:\Blue_Lotus_Global_ICM\repos\Eidolon-Unchained\run\config\eidolon\sunder_armor.toml for changes
[18:07:08] [Server thread/WARN] [ne.mi.co.ForgeConfigSpec/CORE]: Configuration file C:\Blue_Lotus_Global_ICM\repos\Eidolon-Unchained\run\config\eidolon\sunder_armor.toml is not correct. Correcting
[18:07:08] [Server thread/WARN] [ne.mi.co.ForgeConfigSpec/CORE]: Incorrect key delay was corrected from null to its default, 10. 
[18:07:08] [Server thread/DEBUG] [ne.mi.co.ForgeConfigSpec/CORE]: The comment on key delay does not match the spec. This may create a backup.
[18:07:08] [Server thread/WARN] [ne.mi.co.ForgeConfigSpec/CORE]: Incorrect key cost was corrected from null to its default, 50. 
[18:07:08] [Server thread/DEBUG] [ne.mi.co.ForgeConfigSpec/CORE]: The comment on key cost does not match the spec. This may create a backup.
[18:07:08] [Server thread/DEBUG] [ne.mi.fm.co.ConfigFileTypeHandler/CONFIG]: Built TOML config for C:\Blue_Lotus_Global_ICM\repos\Eidolon-Unchained\run\config\eidolon\reinforce_armor.toml
[18:07:08] [Server thread/DEBUG] [ne.mi.fm.co.ConfigFileTypeHandler/CONFIG]: Loaded TOML config file C:\Blue_Lotus_Global_ICM\repos\Eidolon-Unchained\run\config\eidolon\reinforce_armor.toml
[18:07:08] [Server thread/DEBUG] [ne.mi.fm.co.ConfigFileTypeHandler/CONFIG]: Watching TOML config file C:\Blue_Lotus_Global_ICM\repos\Eidolon-Unchained\run\config\eidolon\reinforce_armor.toml for changes
[18:07:08] [Server thread/WARN] [ne.mi.co.ForgeConfigSpec/CORE]: Configuration file C:\Blue_Lotus_Global_ICM\repos\Eidolon-Unchained\run\config\eidolon\reinforce_armor.toml is not correct. Correcting
[18:07:08] [Server thread/WARN] [ne.mi.co.ForgeConfigSpec/CORE]: Incorrect key delay was corrected from null to its default, 10. 
[18:07:08] [Server thread/DEBUG] [ne.mi.co.ForgeConfigSpec/CORE]: The comment on key delay does not match the spec. This may create a backup.
[18:07:08] [Server thread/WARN] [ne.mi.co.ForgeConfigSpec/CORE]: Incorrect key cost was corrected from null to its default, 50. 
[18:07:08] [Server thread/DEBUG] [ne.mi.co.ForgeConfigSpec/CORE]: The comment on key cost does not match the spec. This may create a backup.
[18:07:08] [Server thread/DEBUG] [ne.mi.fm.co.ConfigFileTypeHandler/CONFIG]: Built TOML config for C:\Blue_Lotus_Global_ICM\repos\Eidolon-Unchained\run\config\eidolon\create_water.toml
[18:07:08] [Server thread/DEBUG] [ne.mi.fm.co.ConfigFileTypeHandler/CONFIG]: Loaded TOML config file C:\Blue_Lotus_Global_ICM\repos\Eidolon-Unchained\run\config\eidolon\create_water.toml
[18:07:08] [Server thread/DEBUG] [ne.mi.fm.co.ConfigFileTypeHandler/CONFIG]: Watching TOML config file C:\Blue_Lotus_Global_ICM\repos\Eidolon-Unchained\run\config\eidolon\create_water.toml for changes
[18:07:08] [Server thread/WARN] [ne.mi.co.ForgeConfigSpec/CORE]: Configuration file C:\Blue_Lotus_Global_ICM\repos\Eidolon-Unchained\run\config\eidolon\create_water.toml is not correct. Correcting
[18:07:08] [Server thread/WARN] [ne.mi.co.ForgeConfigSpec/CORE]: Incorrect key delay was corrected from null to its default, 10. 
[18:07:08] [Server thread/DEBUG] [ne.mi.co.ForgeConfigSpec/CORE]: The comment on key delay does not match the spec. This may create a backup.
[18:07:08] [Server thread/WARN] [ne.mi.co.ForgeConfigSpec/CORE]: Incorrect key cost was corrected from null to its default, 10. 
[18:07:08] [Server thread/DEBUG] [ne.mi.co.ForgeConfigSpec/CORE]: The comment on key cost does not match the spec. This may create a backup.
[18:07:08] [Server thread/DEBUG] [ne.mi.fm.co.ConfigFileTypeHandler/CONFIG]: Built TOML config for C:\Blue_Lotus_Global_ICM\repos\Eidolon-Unchained\run\config\eidolon\undead_lure.toml
[18:07:08] [Server thread/DEBUG] [ne.mi.fm.co.ConfigFileTypeHandler/CONFIG]: Loaded TOML config file C:\Blue_Lotus_Global_ICM\repos\Eidolon-Unchained\run\config\eidolon\undead_lure.toml
[18:07:08] [Server thread/DEBUG] [ne.mi.fm.co.ConfigFileTypeHandler/CONFIG]: Watching TOML config file C:\Blue_Lotus_Global_ICM\repos\Eidolon-Unchained\run\config\eidolon\undead_lure.toml for changes
[18:07:08] [Server thread/WARN] [ne.mi.co.ForgeConfigSpec/CORE]: Configuration file C:\Blue_Lotus_Global_ICM\repos\Eidolon-Unchained\run\config\eidolon\undead_lure.toml is not correct. Correcting
[18:07:08] [Server thread/WARN] [ne.mi.co.ForgeConfigSpec/CORE]: Incorrect key delay was corrected from null to its default, 10. 
[18:07:08] [Server thread/DEBUG] [ne.mi.co.ForgeConfigSpec/CORE]: The comment on key delay does not match the spec. This may create a backup.
[18:07:08] [Server thread/WARN] [ne.mi.co.ForgeConfigSpec/CORE]: Incorrect key cost was corrected from null to its default, 50. 
[18:07:08] [Server thread/DEBUG] [ne.mi.co.ForgeConfigSpec/CORE]: The comment on key cost does not match the spec. This may create a backup.
[18:07:08] [Server thread/DEBUG] [ne.mi.fm.co.ConfigFileTypeHandler/CONFIG]: Built TOML config for C:\Blue_Lotus_Global_ICM\repos\Eidolon-Unchained\run\config\eidolon\basic_incense.toml
[18:07:08] [Server thread/DEBUG] [ne.mi.fm.co.ConfigFileTypeHandler/CONFIG]: Loaded TOML config file C:\Blue_Lotus_Global_ICM\repos\Eidolon-Unchained\run\config\eidolon\basic_incense.toml
[18:07:08] [Server thread/DEBUG] [ne.mi.fm.co.ConfigFileTypeHandler/CONFIG]: Watching TOML config file C:\Blue_Lotus_Global_ICM\repos\Eidolon-Unchained\run\config\eidolon\basic_incense.toml for changes
[18:07:08] [Server thread/WARN] [ne.mi.co.ForgeConfigSpec/CORE]: Configuration file C:\Blue_Lotus_Global_ICM\repos\Eidolon-Unchained\run\config\eidolon\basic_incense.toml is not correct. Correcting
[18:07:08] [Server thread/WARN] [ne.mi.co.ForgeConfigSpec/CORE]: Incorrect key delay was corrected from null to its default, 10. 
[18:07:08] [Server thread/DEBUG] [ne.mi.co.ForgeConfigSpec/CORE]: The comment on key delay does not match the spec. This may create a backup.
[18:07:08] [Server thread/WARN] [ne.mi.co.ForgeConfigSpec/CORE]: Incorrect key cost was corrected from null to its default, 0. 
[18:07:08] [Server thread/DEBUG] [ne.mi.co.ForgeConfigSpec/CORE]: The comment on key cost does not match the spec. This may create a backup.
[18:07:08] [Server thread/WARN] [ne.mi.co.ForgeConfigSpec/CORE]: Incorrect key cooldown was corrected from null to its default, 0. 
[18:07:08] [Server thread/DEBUG] [ne.mi.co.ForgeConfigSpec/CORE]: The comment on key cooldown does not match the spec. This may create a backup.
[18:07:08] [Server thread/WARN] [ne.mi.co.ForgeConfigSpec/CORE]: Incorrect key base_reputation was corrected from null to its default, 1. 
[18:07:08] [Server thread/DEBUG] [ne.mi.co.ForgeConfigSpec/CORE]: The comment on key base_reputation does not match the spec. This may create a backup.
[18:07:08] [Server thread/WARN] [ne.mi.co.ForgeConfigSpec/CORE]: Incorrect key power_multiplier was corrected from null to its default, 0.25. 
[18:07:08] [Server thread/DEBUG] [ne.mi.co.ForgeConfigSpec/CORE]: The comment on key power_multiplier does not match the spec. This may create a backup.
[18:07:09] [Server thread/INFO] [minecraft/DedicatedServer]: Preparing level "world"
[18:07:09] [Server thread/DEBUG] [ne.mi.co.tr.CoreModBaseTransformer/COREMOD]: Transforming net/minecraft/world/level/levelgen/PhantomSpawner
[18:07:09] [Server thread/DEBUG] [ne.mi.co.tr.CoreModBaseTransformer/COREMOD]: Transforming net/minecraft/world/level/levelgen/PatrolSpawner
[18:07:09] [Server thread/DEBUG] [ne.mi.co.tr.CoreModBaseTransformer/COREMOD]: Transforming net/minecraft/world/entity/npc/CatSpawner
[18:07:09] [Server thread/DEBUG] [ne.mi.co.tr.CoreModBaseTransformer/COREMOD]: Transforming net/minecraft/world/entity/ai/village/VillageSiege
[18:07:12] [Worker-Main-2/DEBUG] [ne.mi.co.tr.CoreModBaseTransformer/COREMOD]: Transforming net/minecraft/world/level/levelgen/structure/templatesystem/StructureTemplate
[18:07:15] [Worker-Main-1/DEBUG] [ne.mi.co.tr.CoreModBaseTransformer/COREMOD]: Transforming net/minecraft/world/level/NaturalSpawner
[18:07:15] [Server thread/INFO] [minecraft/MinecraftServer]: Preparing start region for dimension minecraft:overworld
[18:07:15] [Server thread/INFO] [KubeJS Server/]: Capturing errors for server scripts disabled
[18:07:15] [Server thread/INFO] [KubeJS Server/]: Server resource reload complete!
[18:07:17] [Worker-Main-2/INFO] [minecraft/LoggerChunkProgressListener]: Preparing spawn area: 0%
[18:07:17] [Worker-Main-3/INFO] [minecraft/LoggerChunkProgressListener]: Preparing spawn area: 0%
[18:07:17] [Worker-Main-3/INFO] [minecraft/LoggerChunkProgressListener]: Preparing spawn area: 0%
[18:07:17] [Worker-Main-3/INFO] [minecraft/LoggerChunkProgressListener]: Preparing spawn area: 0%
[18:07:17] [Worker-Main-1/INFO] [minecraft/LoggerChunkProgressListener]: Preparing spawn area: 0%
[18:07:18] [Worker-Main-2/INFO] [minecraft/LoggerChunkProgressListener]: Preparing spawn area: 0%
[18:07:18] [Worker-Main-1/INFO] [minecraft/LoggerChunkProgressListener]: Preparing spawn area: 0%
[18:07:19] [Worker-Main-2/INFO] [minecraft/LoggerChunkProgressListener]: Preparing spawn area: 0%
[18:07:19] [Worker-Main-2/INFO] [minecraft/LoggerChunkProgressListener]: Preparing spawn area: 1%
[18:07:20] [Worker-Main-2/INFO] [minecraft/LoggerChunkProgressListener]: Preparing spawn area: 1%
[18:07:20] [Worker-Main-2/INFO] [minecraft/LoggerChunkProgressListener]: Preparing spawn area: 1%
[18:07:21] [Worker-Main-1/INFO] [minecraft/LoggerChunkProgressListener]: Preparing spawn area: 2%
[18:07:21] [Worker-Main-3/INFO] [minecraft/LoggerChunkProgressListener]: Preparing spawn area: 3%
[18:07:22] [Worker-Main-2/DEBUG] [io.ne.ut.in.ThreadLocalRandom/]: -Dio.netty.initialSeedUniquifier: 0xda18401f9714cf7e
[18:07:22] [Worker-Main-1/INFO] [minecraft/LoggerChunkProgressListener]: Preparing spawn area: 3%
[18:07:22] [Worker-Main-2/INFO] [minecraft/LoggerChunkProgressListener]: Preparing spawn area: 4%
[18:07:23] [Worker-Main-1/INFO] [minecraft/LoggerChunkProgressListener]: Preparing spawn area: 6%
[18:07:23] [Worker-Main-1/INFO] [minecraft/LoggerChunkProgressListener]: Preparing spawn area: 7%
[18:07:24] [Worker-Main-2/INFO] [minecraft/LoggerChunkProgressListener]: Preparing spawn area: 8%
[18:07:24] [Worker-Main-3/INFO] [minecraft/LoggerChunkProgressListener]: Preparing spawn area: 9%
[18:07:25] [Worker-Main-2/INFO] [minecraft/LoggerChunkProgressListener]: Preparing spawn area: 9%
[18:07:25] [Worker-Main-1/INFO] [minecraft/LoggerChunkProgressListener]: Preparing spawn area: 10%
[18:07:26] [Worker-Main-2/INFO] [minecraft/LoggerChunkProgressListener]: Preparing spawn area: 11%
[18:07:26] [Worker-Main-1/INFO] [minecraft/LoggerChunkProgressListener]: Preparing spawn area: 12%
[18:07:27] [Worker-Main-1/INFO] [minecraft/LoggerChunkProgressListener]: Preparing spawn area: 14%
[18:07:27] [Worker-Main-2/INFO] [minecraft/LoggerChunkProgressListener]: Preparing spawn area: 15%
[18:07:28] [Worker-Main-2/INFO] [minecraft/LoggerChunkProgressListener]: Preparing spawn area: 17%
[18:07:28] [Worker-Main-3/INFO] [minecraft/LoggerChunkProgressListener]: Preparing spawn area: 18%
[18:07:29] [Worker-Main-2/INFO] [minecraft/LoggerChunkProgressListener]: Preparing spawn area: 20%
[18:07:29] [Worker-Main-1/INFO] [minecraft/LoggerChunkProgressListener]: Preparing spawn area: 21%
[18:07:30] [Worker-Main-2/INFO] [minecraft/LoggerChunkProgressListener]: Preparing spawn area: 22%
[18:07:30] [Worker-Main-3/INFO] [minecraft/LoggerChunkProgressListener]: Preparing spawn area: 24%
[18:07:31] [Worker-Main-1/INFO] [minecraft/LoggerChunkProgressListener]: Preparing spawn area: 26%
[18:07:31] [Worker-Main-2/INFO] [minecraft/LoggerChunkProgressListener]: Preparing spawn area: 28%
[18:07:32] [Worker-Main-1/INFO] [minecraft/LoggerChunkProgressListener]: Preparing spawn area: 30%
[18:07:32] [Worker-Main-1/INFO] [minecraft/LoggerChunkProgressListener]: Preparing spawn area: 31%
[18:07:33] [Worker-Main-3/INFO] [minecraft/LoggerChunkProgressListener]: Preparing spawn area: 32%
[18:07:33] [Worker-Main-1/INFO] [minecraft/LoggerChunkProgressListener]: Preparing spawn area: 34%
[18:07:34] [Worker-Main-3/INFO] [minecraft/LoggerChunkProgressListener]: Preparing spawn area: 36%
[18:07:34] [Worker-Main-1/INFO] [minecraft/LoggerChunkProgressListener]: Preparing spawn area: 37%
[18:07:35] [Worker-Main-3/INFO] [minecraft/LoggerChunkProgressListener]: Preparing spawn area: 40%
[18:07:35] [Worker-Main-1/INFO] [minecraft/LoggerChunkProgressListener]: Preparing spawn area: 42%
[18:07:36] [Worker-Main-1/INFO] [minecraft/LoggerChunkProgressListener]: Preparing spawn area: 42%
[18:07:36] [Worker-Main-3/INFO] [minecraft/LoggerChunkProgressListener]: Preparing spawn area: 45%
[18:07:37] [Worker-Main-2/INFO] [minecraft/LoggerChunkProgressListener]: Preparing spawn area: 47%
[18:07:37] [Worker-Main-2/INFO] [minecraft/LoggerChunkProgressListener]: Preparing spawn area: 48%
[18:07:38] [Worker-Main-1/INFO] [minecraft/LoggerChunkProgressListener]: Preparing spawn area: 51%
[18:07:38] [Worker-Main-2/INFO] [minecraft/LoggerChunkProgressListener]: Preparing spawn area: 53%
[18:07:39] [Worker-Main-1/INFO] [minecraft/LoggerChunkProgressListener]: Preparing spawn area: 54%
[18:07:39] [Worker-Main-2/INFO] [minecraft/LoggerChunkProgressListener]: Preparing spawn area: 56%
[18:07:40] [Worker-Main-1/INFO] [minecraft/LoggerChunkProgressListener]: Preparing spawn area: 58%
[18:07:40] [Worker-Main-2/INFO] [minecraft/LoggerChunkProgressListener]: Preparing spawn area: 60%
[18:07:41] [Worker-Main-1/INFO] [minecraft/LoggerChunkProgressListener]: Preparing spawn area: 62%
[18:07:41] [Worker-Main-2/INFO] [minecraft/LoggerChunkProgressListener]: Preparing spawn area: 64%
[18:07:42] [Worker-Main-1/INFO] [minecraft/LoggerChunkProgressListener]: Preparing spawn area: 67%
[18:07:42] [Worker-Main-3/INFO] [minecraft/LoggerChunkProgressListener]: Preparing spawn area: 69%
[18:07:43] [Worker-Main-1/INFO] [minecraft/LoggerChunkProgressListener]: Preparing spawn area: 70%
[18:07:43] [Worker-Main-2/INFO] [minecraft/LoggerChunkProgressListener]: Preparing spawn area: 72%
[18:07:44] [Worker-Main-1/INFO] [minecraft/LoggerChunkProgressListener]: Preparing spawn area: 74%
[18:07:44] [Worker-Main-2/INFO] [minecraft/LoggerChunkProgressListener]: Preparing spawn area: 76%
[18:07:45] [Worker-Main-1/INFO] [minecraft/LoggerChunkProgressListener]: Preparing spawn area: 79%
[18:07:45] [Worker-Main-3/INFO] [minecraft/LoggerChunkProgressListener]: Preparing spawn area: 82%
[18:07:46] [Worker-Main-3/INFO] [minecraft/LoggerChunkProgressListener]: Preparing spawn area: 83%
[18:07:46] [Worker-Main-1/INFO] [minecraft/LoggerChunkProgressListener]: Preparing spawn area: 84%
[18:07:47] [Worker-Main-3/INFO] [minecraft/LoggerChunkProgressListener]: Preparing spawn area: 86%
[18:07:47] [Worker-Main-3/INFO] [minecraft/LoggerChunkProgressListener]: Preparing spawn area: 88%
[18:07:48] [Worker-Main-1/INFO] [minecraft/LoggerChunkProgressListener]: Preparing spawn area: 91%
[18:07:48] [Worker-Main-2/INFO] [minecraft/LoggerChunkProgressListener]: Preparing spawn area: 94%
[18:07:49] [Worker-Main-3/WARN] [minecraft/AttributeMap]: Ignoring unknown attribute 'forge:step_height'
[18:07:49] [Worker-Main-3/WARN] [minecraft/AttributeMap]: Ignoring unknown attribute 'forge:step_height'
[18:07:49] [Worker-Main-3/INFO] [minecraft/LoggerChunkProgressListener]: Preparing spawn area: 97%
[18:07:49] [Server thread/INFO] [minecraft/LoggerChunkProgressListener]: Time elapsed: 33938 ms
[18:07:49] [Server thread/INFO] [minecraft/DedicatedServer]: Done (41.039s)! For help, type "help"
[18:07:49] [Server thread/DEBUG] [ne.mi.ne.DualStackUtils/]: Detected IPv6 address: "0:0:0:0:0:0:0:0"
[18:07:49] [Server thread/DEBUG] [ne.mi.co.ForgeI18n/CORE]: Loading I18N data entries: 1185
[18:07:49] [Server thread/INFO] [ne.mi.ga.ForgeGameTestHooks/]: Enabled Gametest Namespaces: [eidolonunchained]
[18:07:49] [Server thread/INFO] [ne.mi.se.pe.PermissionAPI/]: Successfully initialized permission handler forge:default_handler
[18:07:49] [Server thread/INFO] [co.bl.ei.EidolonUnchained/]: Firing EidolonUnchainedEvents.serverReady (server scripts)
[18:07:49] [Server thread/INFO] [KubeJS Server/]: eu_smoke.js#4: [EU smoke] server ok on A Minecraft Server
[18:07:49] [Server thread/INFO] [KubeJS Server/]: eu_smoke.js#5: Eidolon API validation (20/20 surfaces ok, Eidolon 0.3.13)
  ok       elucent.eidolon.common.deity.Deities
  ok       elucent.eidolon.api.deity.Deity
  ok       elucent.eidolon.api.deity.ReputationEvent
  ok       elucent.eidolon.capability.IReputation
  ok       elucent.eidolon.registries.Signs
  ok       elucent.eidolon.api.spells.Sign
  ok       elucent.eidolon.registries.Runes
  ok       elucent.eidolon.api.spells.Rune
  ok       elucent.eidolon.api.spells.SignSequence
  ok       elucent.eidolon.registries.Spells
  ok       elucent.eidolon.api.spells.Spell
  ok       elucent.eidolon.api.spells.SpellCastEvent
  ok       elucent.eidolon.capability.ISoul
  ok       elucent.eidolon.util.KnowledgeUtil
  ok       elucent.eidolon.capability.Facts
  ok       elucent.eidolon.api.research.Research
  ok       elucent.eidolon.codex.CodexEvents
  ok       elucent.eidolon.registries.Registry
  ok       elucent.eidolon.common.block.EffigyBlock
  ok       elucent.eidolon.network.AttemptCastPacket
[18:07:49] [Server thread/DEBUG] [io.ne.bu.AbstractByteBuf/]: -Dio.netty.buffer.checkAccessible: true
[18:07:49] [Server thread/DEBUG] [io.ne.bu.AbstractByteBuf/]: -Dio.netty.buffer.checkBounds: true
[18:07:49] [Server thread/DEBUG] [io.ne.ut.ResourceLeakDetectorFactory/]: Loaded default ResourceLeakDetector: io.netty.util.ResourceLeakDetector@7dde52bb
[18:07:51] [Server thread/DEBUG] [mixin/]: Mixing MixinChunkSerializer from architectury.mixins.json into net.minecraft.world.level.chunk.storage.ChunkSerializer

The message received from the daemon indicates that the daemon has disappeared.
Build request sent: Build{id=592ca615-adfa-4fc1-8884-2f38f8e2a9c1, currentDir=C:\Blue_Lotus_Global_ICM\repos\Eidolon-Unchained}
Attempting to read last messages from the daemon log...
Daemon pid: 28112
  log file: C:\Users\Blue Lotus Coding\.gradle\daemon\8.8\daemon-28112.out.log
----- Last  20 lines from daemon log file - daemon-28112.out.log -----
  ok       elucent.eidolon.registries.Signs
  ok       elucent.eidolon.api.spells.Sign
  ok       elucent.eidolon.registries.Runes
  ok       elucent.eidolon.api.spells.Rune
  ok       elucent.eidolon.api.spells.SignSequence
  ok       elucent.eidolon.registries.Spells
  ok       elucent.eidolon.api.spells.Spell
  ok       elucent.eidolon.api.spells.SpellCastEvent
  ok       elucent.eidolon.capability.ISoul
  ok       elucent.eidolon.util.KnowledgeUtil
  ok       elucent.eidolon.capability.Facts
  ok       elucent.eidolon.api.research.Research
  ok       elucent.eidolon.codex.CodexEvents
  ok       elucent.eidolon.registries.Registry
  ok       elucent.eidolon.common.block.EffigyBlock
  ok       elucent.eidolon.network.AttemptCastPacket
[18:07:49] [Server thread/DEBUG] [io.ne.bu.AbstractByteBuf/]: -Dio.netty.buffer.checkAccessible: true
[18:07:49] [Server thread/DEBUG] [io.ne.bu.AbstractByteBuf/]: -Dio.netty.buffer.checkBounds: true
[18:07:49] [Server thread/DEBUG] [io.ne.ut.ResourceLeakDetectorFactory/]: Loaded default ResourceLeakDetector: io.netty.util.ResourceLeakDetector@7dde52bb
[18:07:51] [Server thread/DEBUG] [mixin/]: Mixing MixinChunkSerializer from architectury.mixins.json into net.minecraft.world.level.chunk.storage.ChunkSerializer
----- End of the daemon log -----


FAILURE: Build failed with an exception.

* What went wrong:
Could not dispatch a message to the daemon.

* Try:
> Run with --stacktrace option to get the stack trace.
> Run with --info or --debug option to get more log output.
> Run with --scan to get full insights.
> Get more help at https://help.gradle.org.
